== fetch base rootfs: https://cdimage.ubuntu.com/ubuntu-base/releases/resolute/release/ubuntu-base-26.04-base-amd64.tar.gz
== unpacked the official Ubuntu base rootfs
== apt-update
Get:1 http://archive.ubuntu.com/ubuntu resolute InRelease [136 kB]
Get:2 http://archive.ubuntu.com/ubuntu resolute-updates InRelease [137 kB]
Get:3 http://archive.ubuntu.com/ubuntu resolute/main amd64 Packages [1480 kB]
Get:4 http://archive.ubuntu.com/ubuntu resolute/main Translation-en [524 kB]
Get:5 http://archive.ubuntu.com/ubuntu resolute/universe amd64 Packages [16.0 MB]
Get:6 http://archive.ubuntu.com/ubuntu resolute/universe Translation-en [6329 kB]
Get:7 http://archive.ubuntu.com/ubuntu resolute/restricted amd64 Packages [152 kB]
Get:8 http://archive.ubuntu.com/ubuntu resolute/restricted Translation-en [25.8 kB]
Get:9 http://archive.ubuntu.com/ubuntu resolute/multiverse amd64 Packages [290 kB]
Get:10 http://archive.ubuntu.com/ubuntu resolute/multiverse Translation-en [127 kB]
Get:11 http://archive.ubuntu.com/ubuntu resolute-updates/main amd64 Packages [562 kB]
Get:12 http://archive.ubuntu.com/ubuntu resolute-updates/main Translation-en [133 kB]
Get:13 http://archive.ubuntu.com/ubuntu resolute-updates/universe amd64 Packages [262 kB]
Get:14 http://archive.ubuntu.com/ubuntu resolute-updates/universe Translation-en [85.9 kB]
Get:15 http://archive.ubuntu.com/ubuntu resolute-updates/restricted amd64 Packages [371 kB]
Get:16 http://archive.ubuntu.com/ubuntu resolute-updates/restricted Translation-en [71.7 kB]
Get:17 http://archive.ubuntu.com/ubuntu resolute-updates/multiverse amd64 Packages [11.3 kB]
Get:18 http://archive.ubuntu.com/ubuntu resolute-updates/multiverse Translation-en [3032 B]
Fetched 26.7 MB in 4s (6984 kB/s)
Reading package lists...
== install packages (services): ubuntu-minimal ca-certificates linux-image-generic systemd-sysv casper network-manager pipewire pipewire-pulse wireplumber dolphin konsole dbus-user-session qt6-wayland kwin-style-aurorae qt6-style-kvantum fonts-dejavu-core python3 python3-pyside6.qtquick python3-pyside6.qtsvg python3-pyside6.qtdbus qml6-module-qtquick-controls qml6-module-qtquick-window qml6-module-org-kde-kirigami kwin-wayland plasma-nm plasma-pa powerdevil kscreen kde-spectacle xdg-desktop-portal xdg-desktop-portal-kde
== apt-install
Reading package lists...
Building dependency tree...
Reading state information...
Solving dependencies...
The following additional packages will be installed:
  3cpio adduser amd64-microcode baloo6 bsdutils bubblewrap busybox-initramfs
  chrony cifs-utils console-setup console-setup-linux dbus dbus-bin
  dbus-daemon dbus-session-bus-common dbus-system-bus-common
  dconf-gsettings-backend dconf-service debconf-i18n dhcpcd-base dirmngr
  distro-info distro-info-data dmsetup dolphin-data dracut-install eject
  ethtool fdisk file finalrd fontconfig fontconfig-config fonts-dejavu-mono
  fuse3 glib-networking glib-networking-common glib-networking-services
  glycin-loaders glycin-thumbnailers gnupg gpg gpg-agent gpgconf gpgsm
  gsettings-desktop-schemas gstreamer1.0-plugins-base
  gstreamer1.0-plugins-good init initramfs-tools initramfs-tools-bin
  initramfs-tools-core intel-microcode iproute2 iputils-ping isa-support
  iso-codes iucode-tool kbd kde-cli-tools kde-cli-tools-data kded6
  keyboard-configuration kio-fuse kio6 kirigami-addons-data klibc-utils kmod
  konsole-kpart kwallet6 kwayland6-data less libaa1 libaccounts-glib0
  libaccounts-qt6-1 libaom3 libapparmor1 libappimage1.0abi1t64 libarchive13t64
  libasound2-data libasound2t64 libass9 libassuan9 libasyncns0 libatomic1
  libavahi-client3 libavahi-common-data libavahi-common3 libavc1394-0
  libavcodec62 libavfilter11 libavformat62 libavutil60 libb2-1 libblkid1
  libbluetooth3 libbluray3 libboost-filesystem1.90.0 libbpf1 libbrotli1
  libbs2b0 libc-bin libc-gconv-modules-extra libc6 libcaca0 libcairo-gobject2
  libcairo2 libcanberra0 libcap2 libcap2-bin libcdparanoia0 libchromaprint1
  libcjson1 libclang1-21 libcodec2-1.2 libcups2t64 libcurl3t64-gnutls
  libdatrie1 libdav1d7 libdbus-1-3 libdconf1 libddcutil5 libdecor-0-0
  libdeflate0 libdevmapper1.02.1 libdisplay-info3 libdmtx0t64 libdolphinvcs6
  libdouble-conversion3 libdrm-amdgpu1 libdrm-common libdrm-intel1 libdrm2
  libduktape207 libdv4t64 libdvdnav4 libdvdread8t64 libedit2 libegl-mesa0
  libegl1 libei1 libelf1t64 libepoxy0 libepub0 libevdev2 libexiv2-28
  libexiv2-data libexpat1 libfdisk1 libffi8 libfftw3-double3 libfftw3-single3
  libflac14 libflite1 libfontconfig1 libfontenc1 libfreetype6 libfribidi0
  libfuse3-4 libgbm1 libgdk-pixbuf-2.0-0 libgdk-pixbuf2.0-common libgfortran5
  libgl1 libgl1-mesa-dri libglib2.0-0t64 libglvnd0 libglx-mesa0 libglx0
  libglycin-2-0 libgme0 libgnutls30t64 libgomp1 libgpgme45 libgpgmepp7 libgpm2
  libgraphite2-3 libgsm1 libgssapi-krb5-2 libgstreamer-plugins-base1.0-0
  libgstreamer1.0-0 libgudev-1.0-0 libharfbuzz-subset0 libharfbuzz0b
  libheif-plugin-aomdec libheif1 libhogweed6t64 libhwloc15 libhwy1t64 libice6
  libicu78 libidn2-0 libiec61883-0 libimobiledevice-1.0-6
  libimobiledevice-glue-1.0-0 libinih1 libinireader0 libinput-bin libinput10
  libjansson4 libjbig0 libjpeg-turbo8 libjpeg8 libjson-c5 libjson-glib-1.0-0
  libjson-glib-1.0-common libjxl0.11 libk5crypto3 libkaccounts6-2
  libkdecorations3-6 libkdecorations3private2 libkeyutils1 libkf6archive-data
  libkf6archive6 libkf6attica6 libkf6auth-data libkf6authcore6 libkf6baloo6
  libkf6balooengine6 libkf6baloowidgets6 libkf6bluezqt-data libkf6bluezqt6
  libkf6bookmarks-data libkf6bookmarks6 libkf6bookmarkswidgets6
  libkf6breezeicons6 libkf6codecs-data libkf6codecs6 libkf6colorscheme-data
  libkf6colorscheme6 libkf6completion-data libkf6completion6 libkf6config-data
  libkf6configcore6 libkf6configgui6 libkf6configqml6 libkf6configwidgets-data
  libkf6configwidgets6 libkf6coreaddons-data libkf6coreaddons6 libkf6crash6
  libkf6dbusaddons-data libkf6dbusaddons6 libkf6doctools6
  libkf6filemetadata-bin libkf6filemetadata-data libkf6filemetadata3
  libkf6globalaccel-data libkf6globalaccel6 libkf6guiaddons-data
  libkf6guiaddons6 libkf6i18n-data libkf6i18n6 libkf6i18nqml6
  libkf6iconthemes-data libkf6iconthemes6 libkf6iconwidgets6 libkf6idletime6
  libkf6itemmodels6 libkf6itemviews-data libkf6itemviews6
  libkf6jobwidgets-data libkf6jobwidgets6 libkf6kcmutils-data libkf6kcmutils6
  libkf6kcmutilscore6 libkf6kcmutilsquick6 libkf6kiocore6
  libkf6kiofilewidgets6 libkf6kiogui6 libkf6kiowidgets6 libkf6modemmanagerqt6
  libkf6networkmanagerqt6 libkf6newstuff-data libkf6newstuffcore6
  libkf6newstuffwidgets6 libkf6notifications-data libkf6notifications6
  libkf6notifyconfig-data libkf6notifyconfig6 libkf6package-data
  libkf6package6 libkf6parts-data libkf6parts6 libkf6prison6
  libkf6prisonscanner6 libkf6pty-data libkf6pty6 libkf6pulseaudioqt5
  libkf6purpose-bin libkf6purpose-data libkf6purpose6 libkf6purposewidgets6
  libkf6qqc2desktopstyle-data libkf6runner6 libkf6screen8 libkf6screendpms8
  libkf6service-bin libkf6service-data libkf6service6 libkf6solid-data
  libkf6solid6 libkf6sonnet-data libkf6sonnetcore6 libkf6sonnetui6
  libkf6statusnotifieritem-data libkf6statusnotifieritem6 libkf6su-bin
  libkf6su-data libkf6su6 libkf6svg6 libkf6syndication6 libkf6textwidgets-data
  libkf6textwidgets6 libkf6userfeedback-data libkf6userfeedbackcore6
  libkf6userfeedbackwidgets6 libkf6wallet-data libkf6wallet6
  libkf6walletbackend6 libkf6widgetsaddons-data libkf6widgetsaddons6
  libkf6windowsystem-data libkf6windowsystem6 libkf6xmlgui-data libkf6xmlgui6
  libkglobalacceld0 libkirigami-data libkirigami6 libkirigamicontrols6
  libkirigamidelegates6 libkirigamidialogs6 libkirigamilayouts6
  libkirigamilayoutsprivate6 libkirigamiplatform6 libkirigamipolyfill6
  libkirigamiprimitives6 libkirigamiprivate6 libkirigamitemplates6 libklibc
  libkmod2 libkpipewire-data libkpipewire6 libkpipewiredmabuf6
  libkpipewirerecord6 libkquickimageeditor1 libkrb5-3 libkrb5support0 libksba8
  libkscreen-bin libkscreen-data libkscreenlocker6 libkwaylandclient6 libkwin6
  libkworkspace6-6 liblayershellqtinterface6 liblcms2-2 libldap-common
  libldap2 liblerc4 liblilv-0-0 libllvm21 liblmdb0 liblocale-gettext-perl
  libltdl7 liblua5.4-0 liblzo2-2 libmagic-mgc libmagic1t64 libmbedcrypto16
  libmd4c0 libminizip1t64 libmm-glib0 libmnl0 libmount1 libmp3lame0
  libmpg123-0t64 libmtdev1t64 libmysofa1 libncurses6 libndp0 libnetplan1
  libnettle8t64 libnewt0.52 libnghttp2-14 libnm0 libnorm1t64 libnpth0t64
  libnspr4 libnss3 libnuma1 liboeffis1 libogg0 libopenblas0
  libopenblas0-pthread libopenconnect5 libopencv-core410 libopencv-imgproc410
  libopengl0 libopenjp2-7 libopenmpt0t64 libopus0 liborc-0.4-0t64 libp11-kit0
  libpackagekitqt6-2 libpam-systemd libpango-1.0-0 libpangocairo-1.0-0
  libpangoft2-1.0-0 libpciaccess0 libpcre2-16-0 libpcsclite1 libpgm-5.3-0t64
  libpipewire-0.3-0t64 libpipewire-0.3-modules libpixman-1-0 libplacebo360
  libplasma7 libplasmaactivities-data libplasmaactivities7 libplasmaquick7
  libplist-2.0-4 libplymouth5 libpng16-16t64 libpolkit-agent-1-0
  libpolkit-gobject-1-0 libpolkit-qt6-1-1 libpoppler-qt6-3t64 libpoppler156
  libpopt0 libpowerdevilcore2 libproxy1v5 libpskc0t64 libpsl5t64
  libpulse-mainloop-glib0 libpulse0 libpyside6-py3-6.10 libpython3-stdlib
  libpython3.14-minimal libpython3.14-stdlib libqaccessibilityclient-qt6-0
  libqca-qt6-2 libqcoro6dbus0t64 libqmobipocket6-3 libqrencode4 libqt5core5t64
  libqt5dbus5t64 libqt5gui5t64 libqt5network5t64 libqt5svg5 libqt5widgets5t64
  libqt5x11extras5 libqt6core5compat6 libqt6core6t64 libqt6dbus6 libqt6gui6
  libqt6multimedia6 libqt6multimediawidgets6 libqt6network6 libqt6opengl6
  libqt6openglwidgets6 libqt6positioning6 libqt6printsupport6 libqt6qml6
  libqt6qmlmeta6 libqt6qmlmodels6 libqt6qmlworkerscript6 libqt6quick6
  libqt6quickcontrols2-6 libqt6quickshapes6 libqt6quicktemplates2-6
  libqt6quickwidgets6 libqt6shadertools6 libqt6svg6 libqt6texttospeech6
  libqt6uitools6 libqt6waylandclient6 libqt6waylandcompositor6
  libqt6webchannel6 libqt6webengine6-data libqt6webenginecore6
  libqt6webenginecore6-bin libqt6webenginewidgets6 libqt6widgets6
  libqt6wlshellintegration6 libqt6xml6 libquickcharts1 libquickchartscontrols1
  librabbitmq4 librav1e0.8 libraw1394-11 libreadline8t64 librist4 libroc0.4
  librsvg2-2 librtmp1 librubberband3 libsamplerate0 libsasl2-2
  libsasl2-modules-db libsecret-1-0 libsecret-common libsensors-config
  libsensors5 libserd-0-0 libsharpyuv0 libshiboken6-py3-6.10 libshine3
  libshout3 libsignon-qt6-1 libslang2 libsm6 libsmartcols1 libsnapd-glib-2-1
  libsnappy1v5 libsndfile1 libsodium23 libsord-0-0 libsoup-3.0-0
  libsoup-3.0-common libsoxr0 libspa-0.2-modules libspeex1 libspeexdsp1
  libsqlite3-0 libsquashfuse0 libsratom-0-0 libsrt1.5-gnutls libssh-4
  libssh2-1t64 libssl3t64 libstoken1t64 libsvtav1enc2 libswresample6
  libswscale9 libsystemd-shared libsystemd0 libtag2 libtalloc2 libtasn1-6
  libtbb12 libtbbbind-2-5 libtbbmalloc2 libtdb1 libteamdctl0
  libtext-charwidth-perl libtext-iconv-perl libtext-wrapi18n-perl libthai-data
  libthai0 libtheora1 libtheoradec2 libtheoraenc2 libtiff6 libtirpc-common
  libtirpc3t64 libtomcrypt1 libtommath1 libts0t64 libtss2-esys-3.0.2-0t64
  libtss2-mu-4.0.1-0t64 libtss2-sys1t64 libtss2-tcti-cmd0t64
  libtss2-tcti-device0t64 libtss2-tcti-libtpms0t64 libtss2-tcti-mssim0t64
  libtss2-tcti-spi-helper0t64 libtss2-tcti-swtpm0t64 libtss2-tctildr0t64
  libtwolame0 libudev1 libudfread3 libunibreak6 libunistring5 libusb-1.0-0
  libusbmuxd-2.0-7 libuuid1 libuv1t64 libv4l-0t64 libv4lconvert0t64 libva-drm2
  libva-x11-2 libva2 libvdpau1 libvidstab1.1 libvisual-0.4-0 libvorbis0a
  libvorbisenc2 libvorbisfile3 libvpl2 libvpx12 libvulkan1 libwacom-common
  libwacom9 libwavpack1 libwayland-client0 libwayland-cursor0 libwayland-egl1
  libwayland-server0 libwbclient0 libwebp7 libwebpdemux2 libwebpmux3
  libwebrtc-audio-processing-1-3 libwireplumber-0.5-0 libx11-6 libx11-data
  libx11-xcb1 libx264-165 libx265-215 libxau6 libxaw7 libxcb-composite0
  libxcb-cursor0 libxcb-damage0 libxcb-dpms0 libxcb-dri3-0 libxcb-glx0
  libxcb-icccm4 libxcb-image0 libxcb-keysyms1 libxcb-present0 libxcb-randr0
  libxcb-record0 libxcb-render-util0 libxcb-render0 libxcb-res0 libxcb-shape0
  libxcb-shm0 libxcb-sync1 libxcb-util1 libxcb-xfixes0 libxcb-xinerama0
  libxcb-xinput0 libxcb-xkb1 libxcb1 libxcomposite1 libxcvt0 libxdamage1
  libxdgutilsbasedir1.0.1 libxdgutilsdesktopentry1.0.1 libxdmcp6 libxext6
  libxfixes3 libxfont2 libxi6 libxkbcommon-x11-0 libxkbcommon0 libxkbfile1
  libxml2-16 libxmlsec1-1 libxmlsec1-openssl1 libxmu6 libxpm4 libxrandr2
  libxrender1 libxshmfence1 libxslt1.1 libxss1 libxt6t64 libxtables12 libxtst6
  libxvidcore4 libxxf86vm1 libyaml-0-2 libzimg2 libzip5 libzix-0-0 libzmq5
  libzvbi-common libzvbi0t64 libzxing3 linux-base linux-firmware
  linux-firmware-amd-graphics linux-firmware-amd-misc
  linux-firmware-broadcom-wireless linux-firmware-intel-graphics
  linux-firmware-intel-misc linux-firmware-intel-wireless
  linux-firmware-marvell-prestera linux-firmware-marvell-wireless
  linux-firmware-mediatek linux-firmware-mellanox-spectrum linux-firmware-misc
  linux-firmware-netronome linux-firmware-nvidia-graphics
  linux-firmware-qlogic linux-firmware-qualcomm-graphics
  linux-firmware-qualcomm-misc linux-firmware-qualcomm-wireless
  linux-firmware-realtek linux-image-7.0.0-30-generic
  linux-main-modules-zfs-7.0.0-30-generic linux-modules-7.0.0-30-generic
  localechooser-data locales login lsb-release lzma media-types
  mesa-libgallium mobile-broadband-provider-info mount netbase netcat-openbsd
  netplan-generator netplan.io ocl-icd-libopencl1 openssl
  openssl-provider-legacy pci.ids pinentry-curses pipewire-bin
  plasma-desktoptheme powerdevil-data psmisc python-apt-common python3-apt
  python3-cffi-backend python3-minimal python3-netplan python3-pyside6.qtcore
  python3-pyside6.qtgui python3-pyside6.qtnetwork python3-pyside6.qtopengl
  python3-pyside6.qtqml python3-pyside6.qtwidgets python3-yaml python3.14
  python3.14-minimal qml6-module-org-kde-bluezqt qml6-module-org-kde-config
  qml6-module-org-kde-coreaddons qml6-module-org-kde-desktop
  qml6-module-org-kde-iconthemes qml6-module-org-kde-kcmutils
  qml6-module-org-kde-kirigamiaddons-components
  qml6-module-org-kde-kirigamiaddons-delegates
  qml6-module-org-kde-kirigamiaddons-treeview qml6-module-org-kde-kitemmodels
  qml6-module-org-kde-kquickcontrolsaddons
  qml6-module-org-kde-kquickimageeditor qml6-module-org-kde-ksvg
  qml6-module-org-kde-networkmanager qml6-module-org-kde-prison
  qml6-module-org-kde-quickcharts qml6-module-org-kde-sonnet
  qml6-module-qt-labs-folderlistmodel qml6-module-qt-labs-qmlmodels
  qml6-module-qt5compat-graphicaleffects qml6-module-qtcore
  qml6-module-qtmultimedia qml6-module-qtqml qml6-module-qtqml-models
  qml6-module-qtqml-workerscript qml6-module-qtquick
  qml6-module-qtquick-dialogs qml6-module-qtquick-effects
  qml6-module-qtquick-layouts qml6-module-qtquick-shapes
  qml6-module-qtquick-templates qml6-module-qtquick-tooling
  qml6-module-sso-onlineaccounts qt-style-kvantum qt-style-kvantum-themes
  readline-common shared-mime-info sound-theme-freedesktop sse3-support sudo
  sudo-common sudo-rs systemd tpm-udev tzdata ubuntu-pro-client ucf udev
  usb.ids usbutils user-session-migration user-setup util-linux uuid-runtime
  vim-common vim-tiny whiptail wireless-regdb x11-common x11-xkb-utils
  xkb-data xserver-common xwayland zlib1g
Suggested packages:
  bzip2 lz4 lzop xz-utils perl cron quota ecryptfs-utils dnsutils gpsd
  smbclient winbind bash-completion openresolv | resolvconf | systemd-resolved
  pinentry-gnome3 tor shunit2 kio-admin libheif-plugin-x265
  | libheif-plugin-kvazaar gpg-wks-server parcimonie xloadimage scdaemon
  tpm2daemon gvfs isoquery systemsettings lrzsz lrzip alsa-utils
  libasound2-plugins libcuda1 libnvcuvid1 libnvidia-encode1 libbluray-bdj
  libglu1-mesa | libglu1 libglut3.12 libcanberra-pulse cups-common libdv-bin
  oss-compat libdvdcss2 exiv2 libfftw3-bin libfftw3-dev low-memory-monitor
  gnutls-bin gpm krb5-doc krb5-user libvisual-0.4-plugins gstreamer1.0-tools
  libheif-plugin-libde265 libheif-plugin-x265 libheif-plugin-ffmpegdec
  libheif-plugin-jpegdec libheif-plugin-jpegenc libheif-plugin-j2kdec
  libheif-plugin-j2kenc libheif-plugin-kvazaar libheif-plugin-rav1e
  libheif-plugin-svtenc libhwloc-contrib-plugins libusbmuxd-tools kdeconnect
  libpam-fprintd libpam-kwallet5 libpam-pkcs11 libpam-sss liblcms2-utils
  opus-tools packagekit libcryptsetup12 libtss2-rc0t64 pciutils pcscd
  libpipewire-0.3-modules-extra pulseaudio qgnomeplatform-qt5
  qt5-image-formats-plugins qt6-qmltooling-plugins libraw1394-doc librsvg2-bin
  lm-sensors serdi snapd sordi speex libdw1t64 libfido2-1 libpwquality1
  libwacom-bin bpftool linux-perf linux-tools linux-headers-7.0.0-30-generic
  openvswitch-switch iw systemd-resolved avahi-autoipd libteam-utils iptables
  | nftables opencl-icd pinentry-doc libspa-0.2-bluetooth pulseaudio-utils
  network-manager-fortisslvpn network-manager-iodine network-manager-l2tp
  network-manager-openconnect network-manager-openvpn network-manager-pptp
  network-manager-ssh network-manager-strongswan network-manager-vpnc
  python3-doc python3-tk python3-venv python-apt-doc python-pyside6-doc
  python3.14-venv python3.14-doc binutils binfmt-support readline-doc
  systemd-container systemd-homed systemd-userdbd systemd-boot systemd-repart
  polkitd usbutils-py indent libspa-0.2-libcamera wireplumber-doc
Recommended packages:
  zstd networkd-dispatcher keyutils dolphin-doc dolphin-plugins ffmpegthumbs
  kdegraphics-thumbnailers kdenetwork-filesharing kimageformat6-plugins
  kio-extras qt6-image-formats-plugins libheif-plugin-aomenc
  | libheif-plugin-rav1e | libheif-plugin-svtenc gnupg-l10n gnupg-utils
  gpg-wks-client gstreamer1.0-x linux-sysctl-defaults systemsettings
  tesseract-ocr switcheroo-control upower alsa-ucm-conf alsa-topology-conf
  libaacs0 libpam-cap default-libdecor-0-plugin-1 | libdecor-0-plugin-1
  libglib2.0-data xdg-user-dirs libheif-plugin-aomenc libhwloc-plugins usbmuxd
  kaccounts-providers libbaloowidgets-bin keditbookmarks libkf6config-bin
  libkf6dbusaddons-bin catdoc libkf6guiaddons-bin libkf6iconthemes-bin
  libkf6kcmutils-bin qml6-module-org-kde-newstuff kpackagetool6
  qml6-module-org-kde-purpose hwdata media-player-info sonnet6-plugins
  libkf6userfeedback-doc qml6-module-org-kde-userfeedback krb5-locales
  kde-config-screenlocker layer-shell-qt modemmanager libpipewire-0.3-common
  kactivitymanagerd plasma-activities-bin poppler-data publicsuffix
  libqca-qt6-plugins qttranslations5-l10n qt5-gtk-platformtheme qtwayland5
  qt6-translations-l10n qt6-gtk-platformtheme qt6-qpa-plugins qt6-svg-plugins
  librsvg2-common libsasl2-modules mesa-vulkan-drivers | vulkan-icd
  firmware-sof-signed grub-pc | grub-efi-amd64 | grub-efi-ia32 | grub | lilo
  thermald python3-rich ppp dnsmasq-base network-manager-pptp wpasupplicant
  polkitd network-manager-l10n rtkit qrca libcanberra-pulse
  power-profiles-daemon qml6-module-org-kde-kirigamiaddons-formcard
  qt-style-kvantum-l10n systemd-resolved systemd-cryptsetup libnss-systemd
  rsyslog ubuntu-pro-client-l10n systemd-hwe-hwdb xxd xfonts-base xauth
The following NEW packages will be installed:
  3cpio adduser amd64-microcode baloo6 bubblewrap busybox-initramfs
  ca-certificates casper chrony cifs-utils console-setup console-setup-linux
  dbus dbus-bin dbus-daemon dbus-session-bus-common dbus-system-bus-common
  dbus-user-session dconf-gsettings-backend dconf-service debconf-i18n
  dhcpcd-base dirmngr distro-info distro-info-data dmsetup dolphin
  dolphin-data dracut-install eject ethtool fdisk file finalrd fontconfig
  fontconfig-config fonts-dejavu-core fonts-dejavu-mono fuse3 glib-networking
  glib-networking-common glib-networking-services glycin-loaders
  glycin-thumbnailers gnupg gpg gpg-agent gpgconf gpgsm
  gsettings-desktop-schemas gstreamer1.0-plugins-base
  gstreamer1.0-plugins-good init initramfs-tools initramfs-tools-bin
  initramfs-tools-core intel-microcode iproute2 iputils-ping isa-support
  iso-codes iucode-tool kbd kde-cli-tools kde-cli-tools-data kde-spectacle
  kded6 keyboard-configuration kio-fuse kio6 kirigami-addons-data klibc-utils
  kmod konsole konsole-kpart kscreen kwallet6 kwayland6-data
  kwin-style-aurorae kwin-wayland less libaa1 libaccounts-glib0
  libaccounts-qt6-1 libaom3 libapparmor1 libappimage1.0abi1t64 libarchive13t64
  libasound2-data libasound2t64 libass9 libassuan9 libasyncns0 libatomic1
  libavahi-client3 libavahi-common-data libavahi-common3 libavc1394-0
  libavcodec62 libavfilter11 libavformat62 libavutil60 libb2-1 libbluetooth3
  libbluray3 libboost-filesystem1.90.0 libbpf1 libbrotli1 libbs2b0 libcaca0
  libcairo-gobject2 libcairo2 libcanberra0 libcap2 libcap2-bin libcdparanoia0
  libchromaprint1 libcjson1 libclang1-21 libcodec2-1.2 libcups2t64
  libcurl3t64-gnutls libdatrie1 libdav1d7 libdbus-1-3 libdconf1 libddcutil5
  libdecor-0-0 libdeflate0 libdevmapper1.02.1 libdisplay-info3 libdmtx0t64
  libdolphinvcs6 libdouble-conversion3 libdrm-amdgpu1 libdrm-common
  libdrm-intel1 libdrm2 libduktape207 libdv4t64 libdvdnav4 libdvdread8t64
  libedit2 libegl-mesa0 libegl1 libei1 libelf1t64 libepoxy0 libepub0 libevdev2
  libexiv2-28 libexiv2-data libexpat1 libfdisk1 libffi8 libfftw3-double3
  libfftw3-single3 libflac14 libflite1 libfontconfig1 libfontenc1 libfreetype6
  libfribidi0 libfuse3-4 libgbm1 libgdk-pixbuf-2.0-0 libgdk-pixbuf2.0-common
  libgfortran5 libgl1 libgl1-mesa-dri libglib2.0-0t64 libglvnd0 libglx-mesa0
  libglx0 libglycin-2-0 libgme0 libgnutls30t64 libgomp1 libgpgme45 libgpgmepp7
  libgpm2 libgraphite2-3 libgsm1 libgssapi-krb5-2
  libgstreamer-plugins-base1.0-0 libgstreamer1.0-0 libgudev-1.0-0
  libharfbuzz-subset0 libharfbuzz0b libheif-plugin-aomdec libheif1
  libhogweed6t64 libhwloc15 libhwy1t64 libice6 libicu78 libidn2-0
  libiec61883-0 libimobiledevice-1.0-6 libimobiledevice-glue-1.0-0 libinih1
  libinireader0 libinput-bin libinput10 libjansson4 libjbig0 libjpeg-turbo8
  libjpeg8 libjson-c5 libjson-glib-1.0-0 libjson-glib-1.0-common libjxl0.11
  libk5crypto3 libkaccounts6-2 libkdecorations3-6 libkdecorations3private2
  libkeyutils1 libkf6archive-data libkf6archive6 libkf6attica6 libkf6auth-data
  libkf6authcore6 libkf6baloo6 libkf6balooengine6 libkf6baloowidgets6
  libkf6bluezqt-data libkf6bluezqt6 libkf6bookmarks-data libkf6bookmarks6
  libkf6bookmarkswidgets6 libkf6breezeicons6 libkf6codecs-data libkf6codecs6
  libkf6colorscheme-data libkf6colorscheme6 libkf6completion-data
  libkf6completion6 libkf6config-data libkf6configcore6 libkf6configgui6
  libkf6configqml6 libkf6configwidgets-data libkf6configwidgets6
  libkf6coreaddons-data libkf6coreaddons6 libkf6crash6 libkf6dbusaddons-data
  libkf6dbusaddons6 libkf6doctools6 libkf6filemetadata-bin
  libkf6filemetadata-data libkf6filemetadata3 libkf6globalaccel-data
  libkf6globalaccel6 libkf6guiaddons-data libkf6guiaddons6 libkf6i18n-data
  libkf6i18n6 libkf6i18nqml6 libkf6iconthemes-data libkf6iconthemes6
  libkf6iconwidgets6 libkf6idletime6 libkf6itemmodels6 libkf6itemviews-data
  libkf6itemviews6 libkf6jobwidgets-data libkf6jobwidgets6 libkf6kcmutils-data
  libkf6kcmutils6 libkf6kcmutilscore6 libkf6kcmutilsquick6 libkf6kiocore6
  libkf6kiofilewidgets6 libkf6kiogui6 libkf6kiowidgets6 libkf6modemmanagerqt6
  libkf6networkmanagerqt6 libkf6newstuff-data libkf6newstuffcore6
  libkf6newstuffwidgets6 libkf6notifications-data libkf6notifications6
  libkf6notifyconfig-data libkf6notifyconfig6 libkf6package-data
  libkf6package6 libkf6parts-data libkf6parts6 libkf6prison6
  libkf6prisonscanner6 libkf6pty-data libkf6pty6 libkf6pulseaudioqt5
  libkf6purpose-bin libkf6purpose-data libkf6purpose6 libkf6purposewidgets6
  libkf6qqc2desktopstyle-data libkf6runner6 libkf6screen8 libkf6screendpms8
  libkf6service-bin libkf6service-data libkf6service6 libkf6solid-data
  libkf6solid6 libkf6sonnet-data libkf6sonnetcore6 libkf6sonnetui6
  libkf6statusnotifieritem-data libkf6statusnotifieritem6 libkf6su-bin
  libkf6su-data libkf6su6 libkf6svg6 libkf6syndication6 libkf6textwidgets-data
  libkf6textwidgets6 libkf6userfeedback-data libkf6userfeedbackcore6
  libkf6userfeedbackwidgets6 libkf6wallet-data libkf6wallet6
  libkf6walletbackend6 libkf6widgetsaddons-data libkf6widgetsaddons6
  libkf6windowsystem-data libkf6windowsystem6 libkf6xmlgui-data libkf6xmlgui6
  libkglobalacceld0 libkirigami-data libkirigami6 libkirigamicontrols6
  libkirigamidelegates6 libkirigamidialogs6 libkirigamilayouts6
  libkirigamilayoutsprivate6 libkirigamiplatform6 libkirigamipolyfill6
  libkirigamiprimitives6 libkirigamiprivate6 libkirigamitemplates6 libklibc
  libkmod2 libkpipewire-data libkpipewire6 libkpipewiredmabuf6
  libkpipewirerecord6 libkquickimageeditor1 libkrb5-3 libkrb5support0 libksba8
  libkscreen-bin libkscreen-data libkscreenlocker6 libkwaylandclient6 libkwin6
  libkworkspace6-6 liblayershellqtinterface6 liblcms2-2 libldap-common
  libldap2 liblerc4 liblilv-0-0 libllvm21 liblmdb0 liblocale-gettext-perl
  libltdl7 liblua5.4-0 liblzo2-2 libmagic-mgc libmagic1t64 libmbedcrypto16
  libmd4c0 libminizip1t64 libmm-glib0 libmnl0 libmp3lame0 libmpg123-0t64
  libmtdev1t64 libmysofa1 libncurses6 libndp0 libnetplan1 libnettle8t64
  libnewt0.52 libnghttp2-14 libnm0 libnorm1t64 libnpth0t64 libnspr4 libnss3
  libnuma1 liboeffis1 libogg0 libopenblas0 libopenblas0-pthread
  libopenconnect5 libopencv-core410 libopencv-imgproc410 libopengl0
  libopenjp2-7 libopenmpt0t64 libopus0 liborc-0.4-0t64 libp11-kit0
  libpackagekitqt6-2 libpam-systemd libpango-1.0-0 libpangocairo-1.0-0
  libpangoft2-1.0-0 libpciaccess0 libpcre2-16-0 libpcsclite1 libpgm-5.3-0t64
  libpipewire-0.3-0t64 libpipewire-0.3-modules libpixman-1-0 libplacebo360
  libplasma7 libplasmaactivities-data libplasmaactivities7 libplasmaquick7
  libplist-2.0-4 libplymouth5 libpng16-16t64 libpolkit-agent-1-0
  libpolkit-gobject-1-0 libpolkit-qt6-1-1 libpoppler-qt6-3t64 libpoppler156
  libpopt0 libpowerdevilcore2 libproxy1v5 libpskc0t64 libpsl5t64
  libpulse-mainloop-glib0 libpulse0 libpyside6-py3-6.10 libpython3-stdlib
  libpython3.14-minimal libpython3.14-stdlib libqaccessibilityclient-qt6-0
  libqca-qt6-2 libqcoro6dbus0t64 libqmobipocket6-3 libqrencode4 libqt5core5t64
  libqt5dbus5t64 libqt5gui5t64 libqt5network5t64 libqt5svg5 libqt5widgets5t64
  libqt5x11extras5 libqt6core5compat6 libqt6core6t64 libqt6dbus6 libqt6gui6
  libqt6multimedia6 libqt6multimediawidgets6 libqt6network6 libqt6opengl6
  libqt6openglwidgets6 libqt6positioning6 libqt6printsupport6 libqt6qml6
  libqt6qmlmeta6 libqt6qmlmodels6 libqt6qmlworkerscript6 libqt6quick6
  libqt6quickcontrols2-6 libqt6quickshapes6 libqt6quicktemplates2-6
  libqt6quickwidgets6 libqt6shadertools6 libqt6svg6 libqt6texttospeech6
  libqt6uitools6 libqt6waylandclient6 libqt6waylandcompositor6
  libqt6webchannel6 libqt6webengine6-data libqt6webenginecore6
  libqt6webenginecore6-bin libqt6webenginewidgets6 libqt6widgets6
  libqt6wlshellintegration6 libqt6xml6 libquickcharts1 libquickchartscontrols1
  librabbitmq4 librav1e0.8 libraw1394-11 libreadline8t64 librist4 libroc0.4
  librsvg2-2 librtmp1 librubberband3 libsamplerate0 libsasl2-2
  libsasl2-modules-db libsecret-1-0 libsecret-common libsensors-config
  libsensors5 libserd-0-0 libsharpyuv0 libshiboken6-py3-6.10 libshine3
  libshout3 libsignon-qt6-1 libslang2 libsm6 libsnapd-glib-2-1 libsnappy1v5
  libsndfile1 libsodium23 libsord-0-0 libsoup-3.0-0 libsoup-3.0-common
  libsoxr0 libspa-0.2-modules libspeex1 libspeexdsp1 libsqlite3-0
  libsquashfuse0 libsratom-0-0 libsrt1.5-gnutls libssh-4 libssh2-1t64
  libstoken1t64 libsvtav1enc2 libswresample6 libswscale9 libsystemd-shared
  libtag2 libtalloc2 libtasn1-6 libtbb12 libtbbbind-2-5 libtbbmalloc2 libtdb1
  libteamdctl0 libtext-charwidth-perl libtext-iconv-perl libtext-wrapi18n-perl
  libthai-data libthai0 libtheora1 libtheoradec2 libtheoraenc2 libtiff6
  libtirpc-common libtirpc3t64 libtomcrypt1 libtommath1 libts0t64
  libtss2-esys-3.0.2-0t64 libtss2-mu-4.0.1-0t64 libtss2-sys1t64
  libtss2-tcti-cmd0t64 libtss2-tcti-device0t64 libtss2-tcti-libtpms0t64
  libtss2-tcti-mssim0t64 libtss2-tcti-spi-helper0t64 libtss2-tcti-swtpm0t64
  libtss2-tctildr0t64 libtwolame0 libudfread3 libunibreak6 libunistring5
  libusb-1.0-0 libusbmuxd-2.0-7 libuv1t64 libv4l-0t64 libv4lconvert0t64
  libva-drm2 libva-x11-2 libva2 libvdpau1 libvidstab1.1 libvisual-0.4-0
  libvorbis0a libvorbisenc2 libvorbisfile3 libvpl2 libvpx12 libvulkan1
  libwacom-common libwacom9 libwavpack1 libwayland-client0 libwayland-cursor0
  libwayland-egl1 libwayland-server0 libwbclient0 libwebp7 libwebpdemux2
  libwebpmux3 libwebrtc-audio-processing-1-3 libwireplumber-0.5-0 libx11-6
  libx11-data libx11-xcb1 libx264-165 libx265-215 libxau6 libxaw7
  libxcb-composite0 libxcb-cursor0 libxcb-damage0 libxcb-dpms0 libxcb-dri3-0
  libxcb-glx0 libxcb-icccm4 libxcb-image0 libxcb-keysyms1 libxcb-present0
  libxcb-randr0 libxcb-record0 libxcb-render-util0 libxcb-render0 libxcb-res0
  libxcb-shape0 libxcb-shm0 libxcb-sync1 libxcb-util1 libxcb-xfixes0
  libxcb-xinerama0 libxcb-xinput0 libxcb-xkb1 libxcb1 libxcomposite1 libxcvt0
  libxdamage1 libxdgutilsbasedir1.0.1 libxdgutilsdesktopentry1.0.1 libxdmcp6
  libxext6 libxfixes3 libxfont2 libxi6 libxkbcommon-x11-0 libxkbcommon0
  libxkbfile1 libxml2-16 libxmlsec1-1 libxmlsec1-openssl1 libxmu6 libxpm4
  libxrandr2 libxrender1 libxshmfence1 libxslt1.1 libxss1 libxt6t64
  libxtables12 libxtst6 libxvidcore4 libxxf86vm1 libyaml-0-2 libzimg2 libzip5
  libzix-0-0 libzmq5 libzvbi-common libzvbi0t64 libzxing3 linux-base
  linux-firmware linux-firmware-amd-graphics linux-firmware-amd-misc
  linux-firmware-broadcom-wireless linux-firmware-intel-graphics
  linux-firmware-intel-misc linux-firmware-intel-wireless
  linux-firmware-marvell-prestera linux-firmware-marvell-wireless
  linux-firmware-mediatek linux-firmware-mellanox-spectrum linux-firmware-misc
  linux-firmware-netronome linux-firmware-nvidia-graphics
  linux-firmware-qlogic linux-firmware-qualcomm-graphics
  linux-firmware-qualcomm-misc linux-firmware-qualcomm-wireless
  linux-firmware-realtek linux-image-7.0.0-30-generic linux-image-generic
  linux-main-modules-zfs-7.0.0-30-generic linux-modules-7.0.0-30-generic
  localechooser-data locales lsb-release lzma media-types mesa-libgallium
  mobile-broadband-provider-info netbase netcat-openbsd netplan-generator
  netplan.io network-manager ocl-icd-libopencl1 openssl pci.ids
  pinentry-curses pipewire pipewire-bin pipewire-pulse plasma-desktoptheme
  plasma-nm plasma-pa powerdevil powerdevil-data psmisc python-apt-common
  python3 python3-apt python3-cffi-backend python3-minimal python3-netplan
  python3-pyside6.qtcore python3-pyside6.qtdbus python3-pyside6.qtgui
  python3-pyside6.qtnetwork python3-pyside6.qtopengl python3-pyside6.qtqml
  python3-pyside6.qtquick python3-pyside6.qtsvg python3-pyside6.qtwidgets
  python3-yaml python3.14 python3.14-minimal qml6-module-org-kde-bluezqt
  qml6-module-org-kde-config qml6-module-org-kde-coreaddons
  qml6-module-org-kde-desktop qml6-module-org-kde-iconthemes
  qml6-module-org-kde-kcmutils qml6-module-org-kde-kirigami
  qml6-module-org-kde-kirigamiaddons-components
  qml6-module-org-kde-kirigamiaddons-delegates
  qml6-module-org-kde-kirigamiaddons-treeview qml6-module-org-kde-kitemmodels
  qml6-module-org-kde-kquickcontrolsaddons
  qml6-module-org-kde-kquickimageeditor qml6-module-org-kde-ksvg
  qml6-module-org-kde-networkmanager qml6-module-org-kde-prison
  qml6-module-org-kde-quickcharts qml6-module-org-kde-sonnet
  qml6-module-qt-labs-folderlistmodel qml6-module-qt-labs-qmlmodels
  qml6-module-qt5compat-graphicaleffects qml6-module-qtcore
  qml6-module-qtmultimedia qml6-module-qtqml qml6-module-qtqml-models
  qml6-module-qtqml-workerscript qml6-module-qtquick
  qml6-module-qtquick-controls qml6-module-qtquick-dialogs
  qml6-module-qtquick-effects qml6-module-qtquick-layouts
  qml6-module-qtquick-shapes qml6-module-qtquick-templates
  qml6-module-qtquick-tooling qml6-module-qtquick-window
  qml6-module-sso-onlineaccounts qt-style-kvantum qt-style-kvantum-themes
  qt6-style-kvantum qt6-wayland readline-common shared-mime-info
  sound-theme-freedesktop sse3-support sudo sudo-common sudo-rs systemd
  systemd-sysv tpm-udev tzdata ubuntu-minimal ubuntu-pro-client ucf udev
  usb.ids usbutils user-session-migration user-setup uuid-runtime vim-common
  vim-tiny whiptail wireless-regdb wireplumber x11-common x11-xkb-utils
  xdg-desktop-portal xdg-desktop-portal-kde xkb-data xserver-common xwayland
The following packages will be upgraded:
  bsdutils libblkid1 libc-bin libc-gconv-modules-extra libc6 libmount1
  libsmartcols1 libssl3t64 libsystemd0 libudev1 libuuid1 login mount
  openssl-provider-legacy util-linux zlib1g
16 upgraded, 810 newly installed, 0 to remove and 14 not upgraded.
Need to get 1327 MB of archives.
After this operation, 2455 MB of additional disk space will be used.
Get:1 http://archive.ubuntu.com/ubuntu resolute-updates/main amd64 libc-gconv-modules-extra amd64 2.43-2ubuntu2.3 [1362 kB]
Get:2 http://archive.ubuntu.com/ubuntu resolute-updates/main amd64 libc6 amd64 2.43-2ubuntu2.3 [2103 kB]
Get:3 http://archive.ubuntu.com/ubuntu resolute-updates/main amd64 libblkid1 amd64 2.41.3-3ubuntu2.2 [126 kB]
Get:4 http://archive.ubuntu.com/ubuntu resolute-updates/main amd64 libmount1 amd64 2.41.3-3ubuntu2.2 [159 kB]
Get:5 http://archive.ubuntu.com/ubuntu resolute-updates/main amd64 libsmartcols1 amd64 2.41.3-3ubuntu2.2 [84.9 kB]
Get:6 http://archive.ubuntu.com/ubuntu resolute-updates/main amd64 mount amd64 2.41.3-3ubuntu2.2 [136 kB]
Get:7 http://archive.ubuntu.com/ubuntu resolute-updates/main amd64 libuuid1 amd64 2.41.3-3ubuntu2.2 [36.7 kB]
Get:8 http://archive.ubuntu.com/ubuntu resolute-updates/main amd64 util-linux amd64 2.41.3-3ubuntu2.2 [1070 kB]
Get:9 http://archive.ubuntu.com/ubuntu resolute-updates/main amd64 libc-bin amd64 2.43-2ubuntu2.3 [701 kB]
Get:10 http://archive.ubuntu.com/ubuntu resolute-updates/main amd64 login amd64 1:4.16.0-2+really2.41.3-3ubuntu2.2 [85.9 kB]
Get:11 http://archive.ubuntu.com/ubuntu resolute-updates/main amd64 zlib1g amd64 1:1.3.dfsg+really1.3.1-1ubuntu3.1 [61.6 kB]
Get:12 http://archive.ubuntu.com/ubuntu resolute/main amd64 libelf1t64 amd64 0.194-4 [57.1 kB]
Get:13 http://archive.ubuntu.com/ubuntu resolute/main amd64 libbpf1 amd64 1:1.6.3-1ubuntu1 [185 kB]
Get:14 http://archive.ubuntu.com/ubuntu resolute/main amd64 libcap2 amd64 1:2.75-10ubuntu2 [29.3 kB]
Get:15 http://archive.ubuntu.com/ubuntu resolute/main amd64 libmnl0 amd64 1.0.5-3build1 [12.6 kB]
Get:16 http://archive.ubuntu.com/ubuntu resolute-updates/main amd64 libkrb5support0 amd64 1.22.1-2ubuntu4.1 [33.5 kB]
Get:17 http://archive.ubuntu.com/ubuntu resolute-updates/main amd64 libk5crypto3 amd64 1.22.1-2ubuntu4.1 [82.0 kB]
Get:18 http://archive.ubuntu.com/ubuntu resolute/main amd64 libkeyutils1 amd64 1.6.3-6ubuntu3 [10.6 kB]
Get:19 http://archive.ubuntu.com/ubuntu resolute-updates/main amd64 openssl-provider-legacy amd64 3.5.5-1ubuntu3.5 [39.7 kB]
Get:20 http://archive.ubuntu.com/ubuntu resolute-updates/main amd64 libssl3t64 amd64 3.5.5-1ubuntu3.5 [2363 kB]
Get:21 http://archive.ubuntu.com/ubuntu resolute-updates/main amd64 libkrb5-3 amd64 1.22.1-2ubuntu4.1 [361 kB]
Get:22 http://archive.ubuntu.com/ubuntu resolute-updates/main amd64 libgssapi-krb5-2 amd64 1.22.1-2ubuntu4.1 [147 kB]
Get:23 http://archive.ubuntu.com/ubuntu resolute/main amd64 libtirpc-common all 1.3.7-0.1 [7114 B]
Get:24 http://archive.ubuntu.com/ubuntu resolute/main amd64 libtirpc3t64 amd64 1.3.7-0.1 [80.9 kB]
Get:25 http://archive.ubuntu.com/ubuntu resolute/main amd64 libxtables12 amd64 1.8.11-2ubuntu3 [36.6 kB]
Get:26 http://archive.ubuntu.com/ubuntu resolute/main amd64 libcap2-bin amd64 1:2.75-10ubuntu2 [33.5 kB]
Get:27 http://archive.ubuntu.com/ubuntu resolute-updates/main amd64 iproute2 amd64 6.19.0-1ubuntu1.1 [1198 kB]
Get:28 http://archive.ubuntu.com/ubuntu resolute-updates/main amd64 tzdata all 2026c-0ubuntu0.26.04.1 [193 kB]
Get:29 http://archive.ubuntu.com/ubuntu resolute/main amd64 libtext-charwidth-perl amd64 0.04-11build4 [9530 B]
Get:30 http://archive.ubuntu.com/ubuntu resolute/main amd64 libtext-wrapi18n-perl all 0.06-10 [7694 B]
Get:31 http://archive.ubuntu.com/ubuntu resolute/main amd64 ucf all 3.0052ubuntu1 [44.3 kB]
Get:32 http://archive.ubuntu.com/ubuntu resolute-updates/main amd64 libsystemd-shared amd64 259.5-0ubuntu3.4 [2462 kB]
Get:33 http://archive.ubuntu.com/ubuntu resolute-updates/main amd64 libsystemd0 amd64 259.5-0ubuntu3.4 [481 kB]
Get:34 http://archive.ubuntu.com/ubuntu resolute-updates/main amd64 systemd amd64 259.5-0ubuntu3.4 [3129 kB]
Get:35 http://archive.ubuntu.com/ubuntu resolute/main amd64 libedit2 amd64 3.1-20251016-1 [96.9 kB]
Get:36 http://archive.ubuntu.com/ubuntu resolute/main amd64 libnettle8t64 amd64 3.10.2-1 [185 kB]
Get:37 http://archive.ubuntu.com/ubuntu resolute/main amd64 libhogweed6t64 amd64 3.10.2-1 [201 kB]
Get:38 http://archive.ubuntu.com/ubuntu resolute/main amd64 libunistring5 amd64 1.3-2build1 [610 kB]
Get:39 http://archive.ubuntu.com/ubuntu resolute/main amd64 libidn2-0 amd64 2.3.8-4build1 [67.6 kB]
Get:40 http://archive.ubuntu.com/ubuntu resolute/main amd64 libffi8 amd64 3.5.2-4 [26.3 kB]
Get:41 http://archive.ubuntu.com/ubuntu resolute/main amd64 libp11-kit0 amd64 0.26.2-2 [313 kB]
Get:42 http://archive.ubuntu.com/ubuntu resolute/main amd64 libtasn1-6 amd64 4.21.0-2 [45.3 kB]
Get:43 http://archive.ubuntu.com/ubuntu resolute-updates/main amd64 libgnutls30t64 amd64 3.8.12-2ubuntu1.1 [1029 kB]
Get:44 http://archive.ubuntu.com/ubuntu resolute/main amd64 chrony amd64 4.8-2ubuntu1 [342 kB]
Get:45 http://archive.ubuntu.com/ubuntu resolute/main amd64 kbd amd64 2.7.1-2ubuntu2 [238 kB]
Get:46 http://archive.ubuntu.com/ubuntu resolute/main amd64 liblocale-gettext-perl amd64 1.07-8 [15.8 kB]
Get:47 http://archive.ubuntu.com/ubuntu resolute/main amd64 xkb-data all 2.46-2 [393 kB]
Get:48 http://archive.ubuntu.com/ubuntu resolute-updates/main amd64 keyboard-configuration all 1.237ubuntu3.1 [211 kB]
Get:49 http://archive.ubuntu.com/ubuntu resolute-updates/main amd64 console-setup-linux all 1.237ubuntu3.1 [6206 kB]
Get:50 http://archive.ubuntu.com/ubuntu resolute-updates/main amd64 console-setup all 1.237ubuntu3.1 [103 kB]
Get:51 http://archive.ubuntu.com/ubuntu resolute-updates/main amd64 systemd-sysv amd64 259.5-0ubuntu3.4 [9250 B]
Get:52 http://archive.ubuntu.com/ubuntu resolute/main amd64 init amd64 1.69 [6412 B]
Get:53 http://archive.ubuntu.com/ubuntu resolute/main amd64 libexpat1 amd64 2.7.4-1 [94.0 kB]
Get:54 http://archive.ubuntu.com/ubuntu resolute-updates/main amd64 libpython3.14-minimal amd64 3.14.4-1ubuntu0.1 [916 kB]
Get:55 http://archive.ubuntu.com/ubuntu resolute-updates/main amd64 python3.14-minimal amd64 3.14.4-1ubuntu0.1 [2580 kB]
Get:56 http://archive.ubuntu.com/ubuntu resolute/main amd64 python3-minimal amd64 3.14.3-0ubuntu2 [25.8 kB]
Get:57 http://archive.ubuntu.com/ubuntu resolute/main amd64 media-types all 14.0.0build1 [31.4 kB]
Get:58 http://archive.ubuntu.com/ubuntu resolute/main amd64 netbase all 6.5build1 [13.0 kB]
Get:59 http://archive.ubuntu.com/ubuntu resolute/main amd64 readline-common all 8.3-4 [61.5 kB]
Get:60 http://archive.ubuntu.com/ubuntu resolute/main amd64 libreadline8t64 amd64 8.3-4 [164 kB]
Get:61 http://archive.ubuntu.com/ubuntu resolute-updates/main amd64 libsqlite3-0 amd64 3.46.1-9ubuntu0.2 [719 kB]
Get:62 http://archive.ubuntu.com/ubuntu resolute-updates/main amd64 libpython3.14-stdlib amd64 3.14.4-1ubuntu0.1 [2414 kB]
Get:63 http://archive.ubuntu.com/ubuntu resolute-updates/main amd64 python3.14 amd64 3.14.4-1ubuntu0.1 [830 kB]
Get:64 http://archive.ubuntu.com/ubuntu resolute/main amd64 libpython3-stdlib amd64 3.14.3-0ubuntu2 [8476 B]
Get:65 http://archive.ubuntu.com/ubuntu resolute/main amd64 python3 amd64 3.14.3-0ubuntu2 [22.9 kB]
Get:66 http://archive.ubuntu.com/ubuntu resolute/main amd64 sudo-common all 1.2ubuntu [4034 B]
Get:67 http://archive.ubuntu.com/ubuntu resolute-updates/main amd64 libapparmor1 amd64 5.0.2-0ubuntu1~26.04.1 [51.3 kB]
Get:68 http://archive.ubuntu.com/ubuntu resolute/main amd64 sudo amd64 1.9.17p2-1ubuntu3 [954 kB]
Get:69 http://archive.ubuntu.com/ubuntu resolute/main amd64 adduser all 3.153ubuntu1 [194 kB]
Get:70 http://archive.ubuntu.com/ubuntu resolute-updates/main amd64 uuid-runtime amd64 2.41.3-3ubuntu2.2 [48.5 kB]
Get:71 http://archive.ubuntu.com/ubuntu resolute/main amd64 psmisc amd64 23.7-2ubuntu2 [179 kB]
Get:72 http://archive.ubuntu.com/ubuntu resolute/universe amd64 libkf6config-data all 6.24.0-0ubuntu1 [163 kB]
Get:73 http://archive.ubuntu.com/ubuntu resolute/main amd64 libatomic1 amd64 16-20260322-1ubuntu1 [11.4 kB]
Get:74 http://archive.ubuntu.com/ubuntu resolute/main amd64 libglib2.0-0t64 amd64 2.88.0-1 [1597 kB]
Get:75 http://archive.ubuntu.com/ubuntu resolute-updates/main amd64 libxml2-16 amd64 2.15.2+dfsg-0.1ubuntu0.1 [606 kB]
Get:76 http://archive.ubuntu.com/ubuntu resolute/main amd64 shared-mime-info amd64 2.4-5build3 [476 kB]
Get:77 http://archive.ubuntu.com/ubuntu resolute/main amd64 libgomp1 amd64 16-20260322-1ubuntu1 [162 kB]
Get:78 http://archive.ubuntu.com/ubuntu resolute/universe amd64 libb2-1 amd64 0.98.1-1.1build2 [44.9 kB]
Get:79 http://archive.ubuntu.com/ubuntu resolute/universe amd64 libdouble-conversion3 amd64 3.4.0-1 [41.4 kB]
Get:80 http://archive.ubuntu.com/ubuntu resolute/main amd64 libicu78 amd64 78.2-2ubuntu1 [11.5 MB]
Get:81 http://archive.ubuntu.com/ubuntu resolute/main amd64 libpcre2-16-0 amd64 10.46-1build1 [240 kB]
Get:82 http://archive.ubuntu.com/ubuntu resolute/universe amd64 libqt6core6t64 amd64 6.10.2+dfsg-7 [2080 kB]
Get:83 http://archive.ubuntu.com/ubuntu resolute/main amd64 libdbus-1-3 amd64 1.16.2-2ubuntu4 [186 kB]
Get:84 http://archive.ubuntu.com/ubuntu resolute/universe amd64 libqt6dbus6 amd64 6.10.2+dfsg-7 [285 kB]
Get:85 http://archive.ubuntu.com/ubuntu resolute/universe amd64 libkf6configcore6 amd64 6.24.0-0ubuntu1 [182 kB]
Get:86 http://archive.ubuntu.com/ubuntu resolute/universe amd64 libkf6coreaddons-data all 6.24.0-0ubuntu1 [152 kB]
Get:87 http://archive.ubuntu.com/ubuntu resolute-updates/main amd64 libudev1 amd64 259.5-0ubuntu3.4 [151 kB]
Get:88 http://archive.ubuntu.com/ubuntu resolute/universe amd64 libkf6coreaddons6 amd64 6.24.0-0ubuntu1 [329 kB]
Get:89 http://archive.ubuntu.com/ubuntu resolute/main amd64 libbrotli1 amd64 1.2.0-3build1 [343 kB]
Get:90 http://archive.ubuntu.com/ubuntu resolute/main amd64 libpng16-16t64 amd64 1.6.57-1 [194 kB]
Get:91 http://archive.ubuntu.com/ubuntu resolute-updates/main amd64 libfreetype6 amd64 2.14.2+dfsg-1ubuntu0.1 [409 kB]
Get:92 http://archive.ubuntu.com/ubuntu resolute/main amd64 fonts-dejavu-mono all 2.37-8build1 [502 kB]
Get:93 http://archive.ubuntu.com/ubuntu resolute/main amd64 fonts-dejavu-core all 2.37-8build1 [834 kB]
Get:94 http://archive.ubuntu.com/ubuntu resolute/main amd64 fontconfig-config amd64 2.17.1-3ubuntu1 [38.5 kB]
Get:95 http://archive.ubuntu.com/ubuntu resolute/main amd64 libfontconfig1 amd64 2.17.1-3ubuntu1 [144 kB]
Get:96 http://archive.ubuntu.com/ubuntu resolute/main amd64 fontconfig amd64 2.17.1-3ubuntu1 [180 kB]
Get:97 http://archive.ubuntu.com/ubuntu resolute/main amd64 libdrm-common all 2.4.131-1 [9774 B]
Get:98 http://archive.ubuntu.com/ubuntu resolute/main amd64 libdrm2 amd64 2.4.131-1 [42.3 kB]
Get:99 http://archive.ubuntu.com/ubuntu resolute/main amd64 libglvnd0 amd64 1.7.0-3 [64.1 kB]
Get:100 http://archive.ubuntu.com/ubuntu resolute/main amd64 libdrm-amdgpu1 amd64 2.4.131-1 [23.2 kB]
Get:101 http://archive.ubuntu.com/ubuntu resolute-updates/main amd64 libpciaccess0 amd64 0.18.1-1ubuntu4.1 [19.0 kB]
Get:102 http://archive.ubuntu.com/ubuntu resolute/main amd64 libdrm-intel1 amd64 2.4.131-1 [66.7 kB]
Get:103 http://archive.ubuntu.com/ubuntu resolute/main amd64 libllvm21 amd64 1:21.1.8-6ubuntu1 [30.7 MB]
Get:104 http://archive.ubuntu.com/ubuntu resolute/main amd64 libsensors-config all 1:3.6.2-2build1 [6862 B]
Get:105 http://archive.ubuntu.com/ubuntu resolute/main amd64 libsensors5 amd64 1:3.6.2-2build1 [28.9 kB]
Get:106 http://archive.ubuntu.com/ubuntu resolute/main amd64 libxau6 amd64 1:1.0.11-1build2 [7502 B]
Get:107 http://archive.ubuntu.com/ubuntu resolute/main amd64 libxdmcp6 amd64 1:1.1.5-2 [10.8 kB]
Get:108 http://archive.ubuntu.com/ubuntu resolute/main amd64 libxcb1 amd64 1.17.0-2ubuntu1 [49.0 kB]
Get:109 http://archive.ubuntu.com/ubuntu resolute/main amd64 libx11-data all 2:1.8.13-1 [114 kB]
Get:110 http://archive.ubuntu.com/ubuntu resolute/main amd64 libx11-6 amd64 2:1.8.13-1 [657 kB]
Get:111 http://archive.ubuntu.com/ubuntu resolute/main amd64 libx11-xcb1 amd64 2:1.8.13-1 [7960 B]
Get:112 http://archive.ubuntu.com/ubuntu resolute/main amd64 libxcb-dri3-0 amd64 1.17.0-2ubuntu1 [7540 B]
Get:113 http://archive.ubuntu.com/ubuntu resolute/main amd64 libxcb-present0 amd64 1.17.0-2ubuntu1 [6112 B]
Get:114 http://archive.ubuntu.com/ubuntu resolute/main amd64 libxcb-randr0 amd64 1.17.0-2ubuntu1 [17.9 kB]
Get:115 http://archive.ubuntu.com/ubuntu resolute/main amd64 libxcb-sync1 amd64 1.17.0-2ubuntu1 [9348 B]
Get:116 http://archive.ubuntu.com/ubuntu resolute/main amd64 libxcb-xfixes0 amd64 1.17.0-2ubuntu1 [10.2 kB]
Get:117 http://archive.ubuntu.com/ubuntu resolute/main amd64 libxshmfence1 amd64 1.3.3-1build1 [5284 B]
Get:118 http://archive.ubuntu.com/ubuntu resolute-updates/main amd64 mesa-libgallium amd64 26.0.8-1ubuntu0.3 [11.2 MB]
Get:119 http://archive.ubuntu.com/ubuntu resolute-updates/main amd64 libgbm1 amd64 26.0.8-1ubuntu0.3 [49.2 kB]
Get:120 http://archive.ubuntu.com/ubuntu resolute/main amd64 libwayland-client0 amd64 1.24.0-2 [28.5 kB]
Get:121 http://archive.ubuntu.com/ubuntu resolute/main amd64 libxcb-shm0 amd64 1.17.0-2ubuntu1 [5808 B]
Get:122 http://archive.ubuntu.com/ubuntu resolute-updates/main amd64 libegl-mesa0 amd64 26.0.8-1ubuntu0.3 [134 kB]
Get:123 http://archive.ubuntu.com/ubuntu resolute/main amd64 libegl1 amd64 1.7.0-3 [29.7 kB]
Get:124 http://archive.ubuntu.com/ubuntu resolute/main amd64 libvulkan1 amd64 1.4.341.0-1 [157 kB]
Get:125 http://archive.ubuntu.com/ubuntu resolute-updates/main amd64 libgl1-mesa-dri amd64 26.0.8-1ubuntu0.3 [38.2 kB]
Get:126 http://archive.ubuntu.com/ubuntu resolute/main amd64 libxcb-glx0 amd64 1.17.0-2ubuntu1 [24.7 kB]
Get:127 http://archive.ubuntu.com/ubuntu resolute/main amd64 libxext6 amd64 2:1.3.4-1build3 [30.8 kB]
Get:128 http://archive.ubuntu.com/ubuntu resolute/main amd64 libxxf86vm1 amd64 1:1.1.4-2 [10.6 kB]
Get:129 http://archive.ubuntu.com/ubuntu resolute-updates/main amd64 libglx-mesa0 amd64 26.0.8-1ubuntu0.3 [126 kB]
Get:130 http://archive.ubuntu.com/ubuntu resolute/main amd64 libglx0 amd64 1.7.0-3 [38.9 kB]
Get:131 http://archive.ubuntu.com/ubuntu resolute-updates/main amd64 libgraphite2-3 amd64 1.3.14-11ubuntu1.1 [72.9 kB]
Get:132 http://archive.ubuntu.com/ubuntu resolute/main amd64 libharfbuzz0b amd64 12.3.2-2 [519 kB]
Get:133 http://archive.ubuntu.com/ubuntu resolute/main amd64 x11-common all 1:7.7+26ubuntu1 [22.5 kB]
Get:134 http://archive.ubuntu.com/ubuntu resolute/main amd64 libice6 amd64 2:1.1.1-1build1 [44.0 kB]
Get:135 http://archive.ubuntu.com/ubuntu resolute/main amd64 libevdev2 amd64 1.13.6+dfsg-1 [37.7 kB]
Get:136 http://archive.ubuntu.com/ubuntu resolute/main amd64 libmtdev1t64 amd64 1.1.7-1build1 [15.2 kB]
Get:137 http://archive.ubuntu.com/ubuntu resolute/main amd64 libgudev-1.0-0 amd64 1:238-7build1 [15.9 kB]
Get:138 http://archive.ubuntu.com/ubuntu resolute/main amd64 libwacom-common all 2.18.0-1 [117 kB]
Get:139 http://archive.ubuntu.com/ubuntu resolute/main amd64 libwacom9 amd64 2.18.0-1 [28.4 kB]
Get:140 http://archive.ubuntu.com/ubuntu resolute-updates/main amd64 libinput-bin amd64 1.31.1-1ubuntu1.1 [24.3 kB]
Get:141 http://archive.ubuntu.com/ubuntu resolute-updates/main amd64 libinput10 amd64 1.31.1-1ubuntu1.1 [161 kB]
Get:142 http://archive.ubuntu.com/ubuntu resolute/main amd64 libjpeg-turbo8 amd64 2.1.5-4ubuntu4 [153 kB]
Get:143 http://archive.ubuntu.com/ubuntu resolute/main amd64 libjpeg8 amd64 8c-2ubuntu12 [2142 B]
Get:144 http://archive.ubuntu.com/ubuntu resolute/universe amd64 libmd4c0 amd64 0.5.2-2build1 [43.7 kB]
Get:145 http://archive.ubuntu.com/ubuntu resolute/main amd64 libopengl0 amd64 1.7.0-3 [32.8 kB]
Get:146 http://archive.ubuntu.com/ubuntu resolute/main amd64 libsm6 amd64 2:1.2.6-1build1 [16.9 kB]
Get:147 http://archive.ubuntu.com/ubuntu resolute/universe amd64 libts0t64 amd64 1.22-1.1build2 [64.0 kB]
Get:148 http://archive.ubuntu.com/ubuntu resolute/main amd64 libxcb-util1 amd64 0.4.1-1build1 [11.1 kB]
Get:149 http://archive.ubuntu.com/ubuntu resolute/universe amd64 libxcb-image0 amd64 0.4.0-2build2 [11.0 kB]
Get:150 http://archive.ubuntu.com/ubuntu resolute/main amd64 libxcb-render0 amd64 1.17.0-2ubuntu1 [16.2 kB]
Get:151 http://archive.ubuntu.com/ubuntu resolute/universe amd64 libxcb-render-util0 amd64 0.3.10-1build1 [10.4 kB]
Get:152 http://archive.ubuntu.com/ubuntu resolute/universe amd64 libxcb-cursor0 amd64 0.1.6-1 [10.6 kB]
Get:153 http://archive.ubuntu.com/ubuntu resolute/universe amd64 libxcb-icccm4 amd64 0.4.2-1build1 [11.0 kB]
Get:154 http://archive.ubuntu.com/ubuntu resolute/universe amd64 libxcb-keysyms1 amd64 0.4.1-1build1 [8704 B]
Get:155 http://archive.ubuntu.com/ubuntu resolute/main amd64 libxcb-shape0 amd64 1.17.0-2ubuntu1 [6172 B]
Get:156 http://archive.ubuntu.com/ubuntu resolute/main amd64 libxcb-xinput0 amd64 1.17.0-2ubuntu1 [32.5 kB]
Get:157 http://archive.ubuntu.com/ubuntu resolute/main amd64 libxcb-xkb1 amd64 1.17.0-2ubuntu1 [32.7 kB]
Get:158 http://archive.ubuntu.com/ubuntu resolute/main amd64 libxkbcommon0 amd64 1.13.1-1 [159 kB]
Get:159 http://archive.ubuntu.com/ubuntu resolute/main amd64 libxkbcommon-x11-0 amd64 1.13.1-1 [15.0 kB]
Get:160 http://archive.ubuntu.com/ubuntu resolute/universe amd64 libqt6gui6 amd64 6.10.2+dfsg-7 [3550 kB]
Get:161 http://archive.ubuntu.com/ubuntu resolute/universe amd64 libkf6crash6 amd64 6.24.0-0ubuntu1 [25.2 kB]
Get:162 http://archive.ubuntu.com/ubuntu resolute/universe amd64 libkf6dbusaddons-data all 6.24.0-0ubuntu1 [21.9 kB]
Get:163 http://archive.ubuntu.com/ubuntu resolute/universe amd64 libkf6dbusaddons6 amd64 6.24.0-0ubuntu1 [50.8 kB]
Get:164 http://archive.ubuntu.com/ubuntu resolute/universe amd64 libkf6i18n-data all 6.24.0-0ubuntu1 [1209 kB]
Get:165 http://archive.ubuntu.com/ubuntu resolute/main amd64 libsasl2-modules-db amd64 2.1.28+dfsg1-9ubuntu3 [21.1 kB]
Get:166 http://archive.ubuntu.com/ubuntu resolute/main amd64 libsasl2-2 amd64 2.1.28+dfsg1-9ubuntu3 [54.0 kB]
Get:167 http://archive.ubuntu.com/ubuntu resolute/main amd64 libldap-common all 2.6.10+dfsg-1ubuntu5 [36.0 kB]
Get:168 http://archive.ubuntu.com/ubuntu resolute/main amd64 libldap2 amd64 2.6.10+dfsg-1ubuntu5 [204 kB]
Get:169 http://archive.ubuntu.com/ubuntu resolute-updates/main amd64 libnghttp2-14 amd64 1.68.0-2ubuntu0.2 [71.0 kB]
Get:170 http://archive.ubuntu.com/ubuntu resolute/main amd64 libpsl5t64 amd64 0.21.2-1.1build2 [59.5 kB]
Get:171 http://archive.ubuntu.com/ubuntu resolute/main amd64 librtmp1 amd64 2.4+20151223.gitfa8646d.1-3 [59.0 kB]
Get:172 http://archive.ubuntu.com/ubuntu resolute-updates/main amd64 libssh2-1t64 amd64 1.11.1-1ubuntu0.26.04.3 [138 kB]
Get:173 http://archive.ubuntu.com/ubuntu resolute-updates/main amd64 libcurl3t64-gnutls amd64 8.18.0-1ubuntu2.4 [417 kB]
Get:174 http://archive.ubuntu.com/ubuntu resolute/main amd64 libduktape207 amd64 2.7.0+tests-0ubuntu4 [144 kB]
Get:175 http://archive.ubuntu.com/ubuntu resolute/main amd64 libproxy1v5 amd64 0.5.12-1 [28.3 kB]
Get:176 http://archive.ubuntu.com/ubuntu resolute/universe amd64 libqt6network6 amd64 6.10.2+dfsg-7 [859 kB]
Get:177 http://archive.ubuntu.com/ubuntu resolute/universe amd64 libqt6qml6 amd64 6.10.2+dfsg-3 [1893 kB]
Get:178 http://archive.ubuntu.com/ubuntu resolute/universe amd64 libkf6i18n6 amd64 6.24.0-0ubuntu1 [194 kB]
Get:179 http://archive.ubuntu.com/ubuntu resolute/universe amd64 libkf6service-data all 6.24.0-0ubuntu1 [39.5 kB]
Get:180 http://archive.ubuntu.com/ubuntu resolute/universe amd64 libqt6xml6 amd64 6.10.2+dfsg-7 [82.1 kB]
Get:181 http://archive.ubuntu.com/ubuntu resolute/universe amd64 libkf6service6 amd64 6.24.0-0ubuntu1 [171 kB]
Get:182 http://archive.ubuntu.com/ubuntu resolute/universe amd64 libkf6service-bin amd64 6.24.0-0ubuntu1 [27.7 kB]
Get:183 http://archive.ubuntu.com/ubuntu resolute/universe amd64 libqt6widgets6 amd64 6.10.2+dfsg-7 [2818 kB]
Get:184 http://archive.ubuntu.com/ubuntu resolute/universe amd64 kded6 amd64 6.24.0-0ubuntu1 [64.5 kB]
Get:185 http://archive.ubuntu.com/ubuntu resolute/universe amd64 libkf6wallet-data all 6.24.0-0ubuntu1 [236 kB]
Get:186 http://archive.ubuntu.com/ubuntu resolute/main amd64 libassuan9 amd64 3.0.2-2build1 [41.3 kB]
Get:187 http://archive.ubuntu.com/ubuntu resolute/main amd64 gpgconf amd64 2.4.8-4ubuntu3 [111 kB]
Get:188 http://archive.ubuntu.com/ubuntu resolute/main amd64 libksba8 amd64 1.6.7-2build1 [125 kB]
Get:189 http://archive.ubuntu.com/ubuntu resolute/main amd64 libnpth0t64 amd64 1.8-3build1 [9302 B]
Get:190 http://archive.ubuntu.com/ubuntu resolute/main amd64 dirmngr amd64 2.4.8-4ubuntu3 [327 kB]
Get:191 http://archive.ubuntu.com/ubuntu resolute/main amd64 gpg amd64 2.4.8-4ubuntu3 [637 kB]
Get:192 http://archive.ubuntu.com/ubuntu resolute/main amd64 pinentry-curses amd64 1.3.2-3ubuntu1 [41.1 kB]
Get:193 http://archive.ubuntu.com/ubuntu resolute/main amd64 gpg-agent amd64 2.4.8-4ubuntu3 [236 kB]
Get:194 http://archive.ubuntu.com/ubuntu resolute/main amd64 gpgsm amd64 2.4.8-4ubuntu3 [239 kB]
Get:195 http://archive.ubuntu.com/ubuntu resolute/main amd64 gnupg all 2.4.8-4ubuntu3 [311 kB]
Get:196 http://archive.ubuntu.com/ubuntu resolute/main amd64 libgpgme45 amd64 2.0.1-2build1 [140 kB]
Get:197 http://archive.ubuntu.com/ubuntu resolute/main amd64 libgpgmepp7 amd64 2.0.0-2 [131 kB]
Get:198 http://archive.ubuntu.com/ubuntu resolute/universe amd64 libkf6notifications-data all 6.24.0-0ubuntu1 [19.3 kB]
Get:199 http://archive.ubuntu.com/ubuntu resolute-updates/main amd64 libasound2-data all 1.2.15.3-1ubuntu1.1 [19.6 kB]
Get:200 http://archive.ubuntu.com/ubuntu resolute-updates/main amd64 libasound2t64 amd64 1.2.15.3-1ubuntu1.1 [416 kB]
Get:201 http://archive.ubuntu.com/ubuntu resolute/main amd64 libltdl7 amd64 2.5.4-9 [43.7 kB]
Get:202 http://archive.ubuntu.com/ubuntu resolute-updates/main amd64 libtdb1 amd64 2:1.4.14+samba4.23.6+dfsg-1ubuntu2.2 [70.5 kB]
Get:203 http://archive.ubuntu.com/ubuntu resolute/main amd64 libogg0 amd64 1.3.6-2 [23.4 kB]
Get:204 http://archive.ubuntu.com/ubuntu resolute/main amd64 libvorbis0a amd64 1.3.7-3build2 [101 kB]
Get:205 http://archive.ubuntu.com/ubuntu resolute/main amd64 libvorbisfile3 amd64 1.3.7-3build2 [17.2 kB]
Get:206 http://archive.ubuntu.com/ubuntu resolute/main amd64 sound-theme-freedesktop all 0.8-7build1 [384 kB]
Get:207 http://archive.ubuntu.com/ubuntu resolute/main amd64 libcanberra0 amd64 0.30-18ubuntu3 [40.5 kB]
Get:208 http://archive.ubuntu.com/ubuntu resolute/universe amd64 libkf6notifications6 amd64 6.24.0-0ubuntu1 [109 kB]
Get:209 http://archive.ubuntu.com/ubuntu resolute/universe amd64 libkf6widgetsaddons-data all 6.24.0-0ubuntu1 [339 kB]
Get:210 http://archive.ubuntu.com/ubuntu resolute/universe amd64 libkf6widgetsaddons6 amd64 6.24.0-0ubuntu1 [1378 kB]
Get:211 http://archive.ubuntu.com/ubuntu resolute/universe amd64 libkf6walletbackend6 amd64 6.24.0-0ubuntu1 [58.4 kB]
Get:212 http://archive.ubuntu.com/ubuntu resolute/universe amd64 libkf6colorscheme-data all 6.24.0-0ubuntu1 [10.0 kB]
Get:213 http://archive.ubuntu.com/ubuntu resolute/universe amd64 libkf6configgui6 amd64 6.24.0-0ubuntu1 [74.5 kB]
Get:214 http://archive.ubuntu.com/ubuntu resolute-updates/universe amd64 libkf6guiaddons-data all 6.24.0-0ubuntu1.1 [8944 B]
Get:215 http://archive.ubuntu.com/ubuntu resolute/universe amd64 libqt6opengl6 amd64 6.10.2+dfsg-7 [439 kB]
Get:216 http://archive.ubuntu.com/ubuntu resolute/main amd64 libwayland-cursor0 amd64 1.24.0-2 [10.8 kB]
Get:217 http://archive.ubuntu.com/ubuntu resolute/main amd64 libwayland-egl1 amd64 1.24.0-2 [6248 B]
Get:218 http://archive.ubuntu.com/ubuntu resolute/universe amd64 libqt6waylandclient6 amd64 6.10.2+dfsg-7 [376 kB]
Get:219 http://archive.ubuntu.com/ubuntu resolute-updates/universe amd64 libkf6guiaddons6 amd64 6.24.0-0ubuntu1.1 [134 kB]
Get:220 http://archive.ubuntu.com/ubuntu resolute/universe amd64 libkf6colorscheme6 amd64 6.24.0-0ubuntu1 [37.1 kB]
Get:221 http://archive.ubuntu.com/ubuntu resolute/universe amd64 libkf6wallet6 amd64 6.24.0-0ubuntu1 [54.5 kB]
Get:222 http://archive.ubuntu.com/ubuntu resolute/universe amd64 libkf6windowsystem-data all 6.24.0-0ubuntu1 [12.6 kB]
Get:223 http://archive.ubuntu.com/ubuntu resolute/main amd64 libxcb-res0 amd64 1.17.0-2ubuntu1 [6780 B]
Get:224 http://archive.ubuntu.com/ubuntu resolute/main amd64 libxfixes3 amd64 1:6.0.0-2build2 [11.1 kB]
Get:225 http://archive.ubuntu.com/ubuntu resolute/universe amd64 libkf6windowsystem6 amd64 6.24.0-0ubuntu1 [202 kB]
Get:226 http://archive.ubuntu.com/ubuntu resolute/universe amd64 libqt6core5compat6 amd64 6.10.2-1 [150 kB]
Get:227 http://archive.ubuntu.com/ubuntu resolute/universe amd64 libqca-qt6-2 amd64 2.3.10-2 [386 kB]
Get:228 http://archive.ubuntu.com/ubuntu resolute/main amd64 libsecret-common all 0.21.7-2build1 [5608 B]
Get:229 http://archive.ubuntu.com/ubuntu resolute/main amd64 libsecret-1-0 amd64 0.21.7-2build1 [119 kB]
Get:230 http://archive.ubuntu.com/ubuntu resolute/universe amd64 kwallet6 amd64 6.24.0-0ubuntu1 [282 kB]
Get:231 http://archive.ubuntu.com/ubuntu resolute/universe amd64 libkf6archive-data all 6.24.0-0ubuntu1 [79.1 kB]
Get:232 http://archive.ubuntu.com/ubuntu resolute/universe amd64 libkf6archive6 amd64 6.24.0-0ubuntu1 [114 kB]
Get:233 http://archive.ubuntu.com/ubuntu resolute/main amd64 libxslt1.1 amd64 1.1.45-0.1 [165 kB]
Get:234 http://archive.ubuntu.com/ubuntu resolute/universe amd64 libkf6doctools6 amd64 6.24.0-0ubuntu1 [17.0 kB]
Get:235 http://archive.ubuntu.com/ubuntu resolute/universe amd64 libkf6kiocore6 amd64 6.24.0-0ubuntu1 [532 kB]
Get:236 http://archive.ubuntu.com/ubuntu resolute/universe amd64 libkf6bookmarks-data all 6.24.0-0ubuntu1 [48.5 kB]
Get:237 http://archive.ubuntu.com/ubuntu resolute/universe amd64 libkf6bookmarks6 amd64 6.24.0-0ubuntu1 [46.6 kB]
Get:238 http://archive.ubuntu.com/ubuntu resolute/universe amd64 libkf6bookmarkswidgets6 amd64 6.24.0-0ubuntu1 [37.2 kB]
Get:239 http://archive.ubuntu.com/ubuntu resolute/universe amd64 libkf6completion-data all 6.24.0-0ubuntu1 [18.2 kB]
Get:240 http://archive.ubuntu.com/ubuntu resolute/universe amd64 libkf6codecs-data all 6.24.0-0ubuntu1 [59.7 kB]
Get:241 http://archive.ubuntu.com/ubuntu resolute/universe amd64 libkf6codecs6 amd64 6.24.0-0ubuntu1 [96.7 kB]
Get:242 http://archive.ubuntu.com/ubuntu resolute/universe amd64 libkf6completion6 amd64 6.24.0-0ubuntu1 [95.8 kB]
Get:243 http://archive.ubuntu.com/ubuntu resolute/universe amd64 libkf6iconthemes-data all 6.24.0-0ubuntu2 [33.8 kB]
Get:244 http://archive.ubuntu.com/ubuntu resolute/universe amd64 libqt6svg6 amd64 6.10.2-2 [234 kB]
Get:245 http://archive.ubuntu.com/ubuntu resolute/universe amd64 libkf6breezeicons6 amd64 6.24.0-0ubuntu1 [3008 kB]
Get:246 http://archive.ubuntu.com/ubuntu resolute/universe amd64 libkf6iconthemes6 amd64 6.24.0-0ubuntu2 [90.6 kB]
Get:247 http://archive.ubuntu.com/ubuntu resolute/universe amd64 libkf6iconwidgets6 amd64 6.24.0-0ubuntu2 [34.0 kB]
Get:248 http://archive.ubuntu.com/ubuntu resolute/universe amd64 libkf6itemviews-data all 6.24.0-0ubuntu1 [15.1 kB]
Get:249 http://archive.ubuntu.com/ubuntu resolute/universe amd64 libkf6itemviews6 amd64 6.24.0-0ubuntu1 [108 kB]
Get:250 http://archive.ubuntu.com/ubuntu resolute/universe amd64 libkf6solid-data all 6.24.0-0ubuntu1 [123 kB]
Get:251 http://archive.ubuntu.com/ubuntu resolute/main amd64 libplist-2.0-4 amd64 2.7.0+git20250820-1build1 [51.1 kB]
Get:252 http://archive.ubuntu.com/ubuntu resolute/main amd64 libimobiledevice-glue-1.0-0 amd64 1.3.2-2build1 [33.8 kB]
Get:253 http://archive.ubuntu.com/ubuntu resolute/main amd64 libusbmuxd-2.0-7 amd64 2.1.1-1 [17.9 kB]
Get:254 http://archive.ubuntu.com/ubuntu resolute/main amd64 libimobiledevice-1.0-6 amd64 1.4.0-1build1 [138 kB]
Get:255 http://archive.ubuntu.com/ubuntu resolute/universe amd64 libkf6solid6 amd64 6.24.0-0ubuntu1 [289 kB]
Get:256 http://archive.ubuntu.com/ubuntu resolute/universe amd64 libkf6kiogui6 amd64 6.24.0-0ubuntu1 [182 kB]
Get:257 http://archive.ubuntu.com/ubuntu resolute/universe amd64 libkf6jobwidgets-data all 6.24.0-0ubuntu1 [42.5 kB]
Get:258 http://archive.ubuntu.com/ubuntu resolute/universe amd64 libkf6jobwidgets6 amd64 6.24.0-0ubuntu1 [99.0 kB]
Get:259 http://archive.ubuntu.com/ubuntu resolute/universe amd64 libkf6kiowidgets6 amd64 6.24.0-0ubuntu1 [421 kB]
Get:260 http://archive.ubuntu.com/ubuntu resolute/universe amd64 libkf6kiofilewidgets6 amd64 6.24.0-0ubuntu1 [392 kB]
Get:261 http://archive.ubuntu.com/ubuntu resolute/universe amd64 kio6 amd64 6.24.0-0ubuntu1 [2344 kB]
Get:262 http://archive.ubuntu.com/ubuntu resolute/universe amd64 libqt6qmlmodels6 amd64 6.10.2+dfsg-3 [387 kB]
Get:263 http://archive.ubuntu.com/ubuntu resolute/universe amd64 libqt6qmlworkerscript6 amd64 6.10.2+dfsg-3 [35.9 kB]
Get:264 http://archive.ubuntu.com/ubuntu resolute/universe amd64 libqt6qmlmeta6 amd64 6.10.2+dfsg-3 [69.4 kB]
Get:265 http://archive.ubuntu.com/ubuntu resolute/universe amd64 libqt6quick6 amd64 6.10.2+dfsg-3 [2514 kB]
Get:266 http://archive.ubuntu.com/ubuntu resolute/universe amd64 libkf6configqml6 amd64 6.24.0-0ubuntu1 [22.0 kB]
Get:267 http://archive.ubuntu.com/ubuntu resolute/universe amd64 libkf6globalaccel-data all 6.24.0-0ubuntu1 [18.3 kB]
Get:268 http://archive.ubuntu.com/ubuntu resolute/universe amd64 libkf6globalaccel6 amd64 6.24.0-0ubuntu1 [77.1 kB]
Get:269 http://archive.ubuntu.com/ubuntu resolute/universe amd64 libkf6i18nqml6 amd64 6.24.0-0ubuntu1 [41.3 kB]
Get:270 http://archive.ubuntu.com/ubuntu resolute/main amd64 libxss1 amd64 1:1.2.3-1build4 [7084 B]
Get:271 http://archive.ubuntu.com/ubuntu resolute/universe amd64 libkf6idletime6 amd64 6.24.0-0ubuntu1 [63.5 kB]
Get:272 http://archive.ubuntu.com/ubuntu resolute/universe amd64 libkf6package-data all 6.24.0-0ubuntu1 [70.1 kB]
Get:273 http://archive.ubuntu.com/ubuntu resolute/universe amd64 libkf6package6 amd64 6.24.0-0ubuntu1 [70.6 kB]
Get:274 http://archive.ubuntu.com/ubuntu resolute/universe amd64 libkscreen-data all 4:6.6.4-0ubuntu1 [13.7 kB]
Get:275 http://archive.ubuntu.com/ubuntu resolute/main amd64 libxcb-dpms0 amd64 1.17.0-2ubuntu1 [5410 B]
Get:276 http://archive.ubuntu.com/ubuntu resolute/universe amd64 libkf6screendpms8 amd64 4:6.6.4-0ubuntu1 [28.4 kB]
Get:277 http://archive.ubuntu.com/ubuntu resolute/universe amd64 libkf6xmlgui-data all 6.24.0-0ubuntu1 [386 kB]
Get:278 http://archive.ubuntu.com/ubuntu resolute/universe amd64 libkf6configwidgets-data all 6.24.0-0ubuntu1 [216 kB]
Get:279 http://archive.ubuntu.com/ubuntu resolute/universe amd64 libkf6configwidgets6 amd64 6.24.0-0ubuntu1 [128 kB]
Get:280 http://archive.ubuntu.com/ubuntu resolute-updates/main amd64 libavahi-common-data amd64 0.8-18ubuntu1.1 [27.2 kB]
Get:281 http://archive.ubuntu.com/ubuntu resolute-updates/main amd64 libavahi-common3 amd64 0.8-18ubuntu1.1 [23.6 kB]
Get:282 http://archive.ubuntu.com/ubuntu resolute-updates/main amd64 libavahi-client3 amd64 0.8-18ubuntu1.1 [27.2 kB]
Get:283 http://archive.ubuntu.com/ubuntu resolute-updates/main amd64 libcups2t64 amd64 2.4.16-1ubuntu1.3 [269 kB]
Get:284 http://archive.ubuntu.com/ubuntu resolute/universe amd64 libqt6printsupport6 amd64 6.10.2+dfsg-7 [224 kB]
Get:285 http://archive.ubuntu.com/ubuntu resolute/universe amd64 libkf6xmlgui6 amd64 6.24.0-0ubuntu1 [297 kB]
Get:286 http://archive.ubuntu.com/ubuntu resolute/universe amd64 liblayershellqtinterface6 amd64 6.6.4-0ubuntu1 [30.6 kB]
Get:287 http://archive.ubuntu.com/ubuntu resolute/universe amd64 libkf6svg6 amd64 6.24.0-0ubuntu1 [116 kB]
Get:288 http://archive.ubuntu.com/ubuntu resolute/universe amd64 libplasmaactivities-data all 6.6.4-0ubuntu1 [5684 B]
Get:289 http://archive.ubuntu.com/ubuntu resolute/universe amd64 libplasmaactivities7 amd64 6.6.4-0ubuntu1 [78.4 kB]
Get:290 http://archive.ubuntu.com/ubuntu resolute-updates/universe amd64 libplasma7 amd64 6.6.6-0ubuntu0.1 [140 kB]
Get:291 http://archive.ubuntu.com/ubuntu resolute-updates/universe amd64 libplasmaquick7 amd64 6.6.6-0ubuntu0.1 [211 kB]
Get:292 http://archive.ubuntu.com/ubuntu resolute/main amd64 libwayland-server0 amd64 1.24.0-2 [35.9 kB]
Get:293 http://archive.ubuntu.com/ubuntu resolute/main amd64 libxi6 amd64 2:1.8.2-2 [33.1 kB]
Get:294 http://archive.ubuntu.com/ubuntu resolute-updates/universe amd64 libkscreenlocker6 amd64 6.6.5-0ubuntu0.1 [154 kB]
Get:295 http://archive.ubuntu.com/ubuntu resolute/main amd64 isa-support amd64 27ubuntu2 [16.9 kB]
Get:296 http://archive.ubuntu.com/ubuntu resolute/universe amd64 sse3-support amd64 27ubuntu2 [3702 B]
Get:297 http://archive.ubuntu.com/ubuntu resolute-updates/main amd64 bsdutils amd64 1:2.41.3-3ubuntu2.2 [80.7 kB]
Get:298 http://archive.ubuntu.com/ubuntu resolute-updates/main amd64 openssl amd64 3.5.5-1ubuntu3.5 [1243 kB]
Get:299 http://archive.ubuntu.com/ubuntu resolute-updates/main amd64 ca-certificates all 20260601~26.04.1 [139 kB]
Get:300 http://archive.ubuntu.com/ubuntu resolute/main amd64 dbus-bin amd64 1.16.2-2ubuntu4 [40.1 kB]
Get:301 http://archive.ubuntu.com/ubuntu resolute/main amd64 dbus-session-bus-common all 1.16.2-2ubuntu4 [54.5 kB]
Get:302 http://archive.ubuntu.com/ubuntu resolute/main amd64 dbus-daemon amd64 1.16.2-2ubuntu4 [119 kB]
Get:303 http://archive.ubuntu.com/ubuntu resolute/main amd64 dbus-system-bus-common all 1.16.2-2ubuntu4 [55.9 kB]
Get:304 http://archive.ubuntu.com/ubuntu resolute/main amd64 dbus amd64 1.16.2-2ubuntu4 [24.2 kB]
Get:305 http://archive.ubuntu.com/ubuntu resolute-updates/main amd64 libpam-systemd amd64 259.5-0ubuntu3.4 [274 kB]
Get:306 http://archive.ubuntu.com/ubuntu resolute/main amd64 dbus-user-session amd64 1.16.2-2ubuntu4 [9682 B]
Get:307 http://archive.ubuntu.com/ubuntu resolute/main amd64 libtext-iconv-perl amd64 1.7-8.1 [13.6 kB]
Get:308 http://archive.ubuntu.com/ubuntu resolute/main amd64 debconf-i18n all 1.5.92 [227 kB]
Get:309 http://archive.ubuntu.com/ubuntu resolute/main amd64 dhcpcd-base amd64 1:10.3.0-7 [228 kB]
Get:310 http://archive.ubuntu.com/ubuntu resolute-updates/main amd64 distro-info-data all 0.72-0ubuntu0.26.04.1 [6118 B]
Get:311 http://archive.ubuntu.com/ubuntu resolute/main amd64 distro-info amd64 1.15 [20.2 kB]
Get:312 http://archive.ubuntu.com/ubuntu resolute/main amd64 libdevmapper1.02.1 amd64 2:1.02.205-2ubuntu3 [142 kB]
Get:313 http://archive.ubuntu.com/ubuntu resolute/main amd64 dmsetup amd64 2:1.02.205-2ubuntu3 [79.4 kB]
Get:314 http://archive.ubuntu.com/ubuntu resolute-updates/main amd64 eject amd64 2.41.3-3ubuntu2.2 [40.3 kB]
Get:315 http://archive.ubuntu.com/ubuntu resolute/main amd64 ethtool amd64 1:6.19-1 [323 kB]
Get:316 http://archive.ubuntu.com/ubuntu resolute/main amd64 iputils-ping amd64 3:20250605-1ubuntu1 [47.1 kB]
Get:317 http://archive.ubuntu.com/ubuntu resolute/main amd64 iso-codes all 4.20.1-1 [3899 kB]
Get:318 http://archive.ubuntu.com/ubuntu resolute/main amd64 libkmod2 amd64 34.2-2ubuntu2 [50.9 kB]
Get:319 http://archive.ubuntu.com/ubuntu resolute/main amd64 kmod amd64 34.2-2ubuntu2 [101 kB]
Get:320 http://archive.ubuntu.com/ubuntu resolute/main amd64 less amd64 668-1build1 [172 kB]
Get:321 http://archive.ubuntu.com/ubuntu resolute/main amd64 libfribidi0 amd64 1.0.16-5 [26.6 kB]
Get:322 http://archive.ubuntu.com/ubuntu resolute/main amd64 libjson-c5 amd64 0.18+ds-3 [35.9 kB]
Get:323 http://archive.ubuntu.com/ubuntu resolute/main amd64 libyaml-0-2 amd64 0.2.5-2build3 [52.6 kB]
Get:324 http://archive.ubuntu.com/ubuntu resolute/main amd64 libnetplan1 amd64 1.2-1ubuntu5 [132 kB]
Get:325 http://archive.ubuntu.com/ubuntu resolute/main amd64 libslang2 amd64 2.3.3-5build1 [504 kB]
Get:326 http://archive.ubuntu.com/ubuntu resolute/main amd64 libnewt0.52 amd64 0.52.25-1ubuntu3 [47.6 kB]
Get:327 http://archive.ubuntu.com/ubuntu resolute/main amd64 libpopt0 amd64 1.19+dfsg-2build1 [29.4 kB]
Get:328 http://archive.ubuntu.com/ubuntu resolute-updates/main amd64 locales all 2.43-2ubuntu2.3 [4225 kB]
Get:329 http://archive.ubuntu.com/ubuntu resolute/main amd64 lsb-release all 12.1-2build1 [6174 B]
Get:330 http://archive.ubuntu.com/ubuntu resolute/main amd64 netcat-openbsd amd64 1.234-1 [44.0 kB]
Get:331 http://archive.ubuntu.com/ubuntu resolute/main amd64 netplan-generator amd64 1.2-1ubuntu5 [65.1 kB]
Get:332 http://archive.ubuntu.com/ubuntu resolute/main amd64 python3-cffi-backend amd64 2.0.0-3build1 [85.5 kB]
Get:333 http://archive.ubuntu.com/ubuntu resolute/main amd64 python3-netplan amd64 1.2-1ubuntu5 [24.8 kB]
Get:334 http://archive.ubuntu.com/ubuntu resolute/main amd64 python3-yaml amd64 6.0.3-1build1 [137 kB]
Get:335 http://archive.ubuntu.com/ubuntu resolute-updates/main amd64 udev amd64 259.5-0ubuntu3.4 [1501 kB]
Get:336 http://archive.ubuntu.com/ubuntu resolute/main amd64 netplan.io amd64 1.2-1ubuntu5 [69.5 kB]
Get:337 http://archive.ubuntu.com/ubuntu resolute-updates/main amd64 python-apt-common all 3.1.0ubuntu1.1 [17.0 kB]
Get:338 http://archive.ubuntu.com/ubuntu resolute-updates/main amd64 python3-apt amd64 3.1.0ubuntu1.1 [165 kB]
Get:339 http://archive.ubuntu.com/ubuntu resolute/main amd64 sudo-rs amd64 0.2.13-0ubuntu1 [592 kB]
Get:340 http://archive.ubuntu.com/ubuntu resolute-updates/main amd64 ubuntu-pro-client amd64 37.2ubuntu0.1 [243 kB]
Get:341 http://archive.ubuntu.com/ubuntu resolute-updates/main amd64 vim-common all 2:9.1.2141-1ubuntu4.8 [495 kB]
Get:342 http://archive.ubuntu.com/ubuntu resolute-updates/main amd64 vim-tiny amd64 2:9.1.2141-1ubuntu4.8 [868 kB]
Get:343 http://archive.ubuntu.com/ubuntu resolute/main amd64 whiptail amd64 0.52.25-1ubuntu3 [18.2 kB]
Get:344 http://archive.ubuntu.com/ubuntu resolute-updates/main amd64 ubuntu-minimal amd64 1.570.3 [8692 B]
Get:345 http://archive.ubuntu.com/ubuntu resolute/main amd64 libmagic-mgc amd64 1:5.46-5build2 [337 kB]
Get:346 http://archive.ubuntu.com/ubuntu resolute/main amd64 libmagic1t64 amd64 1:5.46-5build2 [90.8 kB]
Get:347 http://archive.ubuntu.com/ubuntu resolute/main amd64 file amd64 1:5.46-5build2 [22.0 kB]
Get:348 http://archive.ubuntu.com/ubuntu resolute/main amd64 libfuse3-4 amd64 3.18.2-1 [93.0 kB]
Get:349 http://archive.ubuntu.com/ubuntu resolute/main amd64 fuse3 amd64 3.18.2-1 [27.5 kB]
Get:350 http://archive.ubuntu.com/ubuntu resolute/main amd64 libgpm2 amd64 1.20.7-12build1 [14.4 kB]
Get:351 http://archive.ubuntu.com/ubuntu resolute/main amd64 libjansson4 amd64 2.14-2build4 [33.2 kB]
Get:352 http://archive.ubuntu.com/ubuntu resolute/main amd64 liblmdb0 amd64 0.9.31-1build2 [49.5 kB]
Get:353 http://archive.ubuntu.com/ubuntu resolute/main amd64 libncurses6 amd64 6.6+20251231-1 [114 kB]
Get:354 http://archive.ubuntu.com/ubuntu resolute/main amd64 libnuma1 amd64 2.0.19-1build1 [23.7 kB]
Get:355 http://archive.ubuntu.com/ubuntu resolute/main amd64 libplymouth5 amd64 24.004.60+git20250831.4a3c171d-0ubuntu8 [137 kB]
Get:356 http://archive.ubuntu.com/ubuntu resolute/main amd64 libusb-1.0-0 amd64 2:1.0.29-2build1 [56.9 kB]
Get:357 http://archive.ubuntu.com/ubuntu resolute/main amd64 libuv1t64 amd64 1.51.0-2ubuntu1 [103 kB]
Get:358 http://archive.ubuntu.com/ubuntu resolute/main amd64 pci.ids all 0.0~2026.02.12-1 [299 kB]
Get:359 http://archive.ubuntu.com/ubuntu resolute/main amd64 usb.ids all 2025.12.13-1 [224 kB]
Get:360 http://archive.ubuntu.com/ubuntu resolute/main amd64 usbutils amd64 1:019-1 [83.9 kB]
Get:361 http://archive.ubuntu.com/ubuntu resolute/main amd64 3cpio amd64 0.14.0-1ubuntu1 [285 kB]
Get:362 http://archive.ubuntu.com/ubuntu resolute/universe amd64 libkf6balooengine6 amd64 6.24.0-0ubuntu1 [81.3 kB]
Get:363 http://archive.ubuntu.com/ubuntu resolute/universe amd64 libkf6filemetadata-data all 6.24.0-0ubuntu1 [85.5 kB]
Get:364 http://archive.ubuntu.com/ubuntu resolute/universe amd64 libkf6filemetadata3 amd64 6.24.0-0ubuntu1 [74.0 kB]
Get:365 http://archive.ubuntu.com/ubuntu resolute/universe amd64 libkf6baloo6 amd64 6.24.0-0ubuntu1 [84.0 kB]
Get:366 http://archive.ubuntu.com/ubuntu resolute/universe amd64 baloo6 amd64 6.24.0-0ubuntu1 [422 kB]
Get:367 http://archive.ubuntu.com/ubuntu resolute-updates/main amd64 bubblewrap amd64 0.11.1-1ubuntu0.1 [50.8 kB]
Get:368 http://archive.ubuntu.com/ubuntu resolute/main amd64 busybox-initramfs amd64 1:1.37.0-7ubuntu1 [191 kB]
Get:369 http://archive.ubuntu.com/ubuntu resolute-updates/main amd64 libtalloc2 amd64 2:2.4.3+samba4.23.6+dfsg-1ubuntu2.2 [51.0 kB]
Get:370 http://archive.ubuntu.com/ubuntu resolute-updates/main amd64 libwbclient0 amd64 2:4.23.6+dfsg-1ubuntu2.2 [57.9 kB]
Get:371 http://archive.ubuntu.com/ubuntu resolute-updates/main amd64 cifs-utils amd64 2:7.4-1ubuntu0.26.04.3 [105 kB]
Get:372 http://archive.ubuntu.com/ubuntu resolute/main amd64 libdconf1 amd64 0.49.0-4 [40.5 kB]
Get:373 http://archive.ubuntu.com/ubuntu resolute/main amd64 dconf-service amd64 0.49.0-4 [27.7 kB]
Get:374 http://archive.ubuntu.com/ubuntu resolute/main amd64 dconf-gsettings-backend amd64 0.49.0-4 [22.2 kB]
Get:375 http://archive.ubuntu.com/ubuntu resolute/universe amd64 dolphin-data all 4:25.12.3-0ubuntu1 [1034 kB]
Get:376 http://archive.ubuntu.com/ubuntu resolute/universe amd64 libdolphinvcs6 amd64 4:25.12.3-0ubuntu1 [16.5 kB]
Get:377 http://archive.ubuntu.com/ubuntu resolute-updates/main amd64 libarchive13t64 amd64 3.8.5-1ubuntu2.2 [397 kB]
Get:378 http://archive.ubuntu.com/ubuntu resolute/main amd64 libboost-filesystem1.90.0 amd64 1.90.0-6ubuntu1 [283 kB]
Get:379 http://archive.ubuntu.com/ubuntu resolute/main amd64 libpixman-1-0 amd64 0.46.4-1 [287 kB]
Get:380 http://archive.ubuntu.com/ubuntu resolute/main amd64 libxrender1 amd64 1:0.9.12-1build1 [19.2 kB]
Get:381 http://archive.ubuntu.com/ubuntu resolute/main amd64 libcairo2 amd64 1.18.4-3 [579 kB]
Get:382 http://archive.ubuntu.com/ubuntu resolute/main amd64 libcairo-gobject2 amd64 1.18.4-3 [127 kB]
Get:383 http://archive.ubuntu.com/ubuntu resolute/main amd64 libsharpyuv0 amd64 1.5.0-0.1build1 [17.6 kB]
Get:384 http://archive.ubuntu.com/ubuntu resolute/main amd64 libaom3 amd64 3.13.1-2 [1970 kB]
Get:385 http://archive.ubuntu.com/ubuntu resolute-updates/main amd64 libheif-plugin-aomdec amd64 1.21.2-3ubuntu0.4 [14.7 kB]
Get:386 http://archive.ubuntu.com/ubuntu resolute-updates/main amd64 libheif1 amd64 1.21.2-3ubuntu0.4 [546 kB]
Get:387 http://archive.ubuntu.com/ubuntu resolute/main amd64 libhwy1t64 amd64 1.3.0-2 [768 kB]
Get:388 http://archive.ubuntu.com/ubuntu resolute-updates/main amd64 liblcms2-2 amd64 2.17-1ubuntu0.2 [169 kB]
Get:389 http://archive.ubuntu.com/ubuntu resolute-updates/main amd64 libjxl0.11 amd64 0.11.1-6ubuntu4.2 [1269 kB]
Get:390 http://archive.ubuntu.com/ubuntu resolute/main amd64 glycin-loaders amd64 2.1.1+ds-0ubuntu1 [2979 kB]
Get:391 http://archive.ubuntu.com/ubuntu resolute/main amd64 libglycin-2-0 amd64 2.1.1+ds-0ubuntu1 [1484 kB]
Get:392 http://archive.ubuntu.com/ubuntu resolute/main amd64 glycin-thumbnailers amd64 2.1.1+ds-0ubuntu1 [223 kB]
Get:393 http://archive.ubuntu.com/ubuntu resolute/main amd64 libgdk-pixbuf2.0-common all 2.44.5+dfsg-4ubuntu1 [5754 B]
Get:394 http://archive.ubuntu.com/ubuntu resolute/main amd64 libgdk-pixbuf-2.0-0 amd64 2.44.5+dfsg-4ubuntu1 [101 kB]
Get:395 http://archive.ubuntu.com/ubuntu resolute/main amd64 libthai-data all 0.1.30-1 [155 kB]
Get:396 http://archive.ubuntu.com/ubuntu resolute/main amd64 libdatrie1 amd64 0.2.14-1 [19.8 kB]
Get:397 http://archive.ubuntu.com/ubuntu resolute/main amd64 libthai0 amd64 0.1.30-1 [19.2 kB]
Get:398 http://archive.ubuntu.com/ubuntu resolute/main amd64 libpango-1.0-0 amd64 1.57.0-1 [241 kB]
Get:399 http://archive.ubuntu.com/ubuntu resolute/main amd64 libpangoft2-1.0-0 amd64 1.57.0-1 [53.3 kB]
Get:400 http://archive.ubuntu.com/ubuntu resolute/main amd64 libpangocairo-1.0-0 amd64 1.57.0-1 [29.0 kB]
Get:401 http://archive.ubuntu.com/ubuntu resolute/main amd64 librsvg2-2 amd64 2.61.3+dfsg-3 [1865 kB]
Get:402 http://archive.ubuntu.com/ubuntu resolute/main amd64 liblzo2-2 amd64 2.10-3build2 [56.0 kB]
Get:403 http://archive.ubuntu.com/ubuntu resolute/universe amd64 libsquashfuse0 amd64 0.5.2-0.3 [32.8 kB]
Get:404 http://archive.ubuntu.com/ubuntu resolute/universe amd64 libxdgutilsbasedir1.0.1 amd64 1.0.1-3.2 [7396 B]
Get:405 http://archive.ubuntu.com/ubuntu resolute/universe amd64 libxdgutilsdesktopentry1.0.1 amd64 1.0.1-3.2 [59.5 kB]
Get:406 http://archive.ubuntu.com/ubuntu resolute/universe amd64 libappimage1.0abi1t64 amd64 1.0.4-5-7build1 [82.6 kB]
Get:407 http://archive.ubuntu.com/ubuntu resolute/main amd64 libva2 amd64 2.23.0-1ubuntu1 [76.5 kB]
Get:408 http://archive.ubuntu.com/ubuntu resolute/main amd64 libva-drm2 amd64 2.23.0-1ubuntu1 [7112 B]
Get:409 http://archive.ubuntu.com/ubuntu resolute/universe amd64 libva-x11-2 amd64 2.23.0-1ubuntu1 [12.2 kB]
Get:410 http://archive.ubuntu.com/ubuntu resolute/main amd64 libvdpau1 amd64 1.5-4 [27.8 kB]
Get:411 http://archive.ubuntu.com/ubuntu resolute/universe amd64 libvpl2 amd64 1:2.16.0-1 [134 kB]
Get:412 http://archive.ubuntu.com/ubuntu resolute/main amd64 ocl-icd-libopencl1 amd64 2.3.4-1 [40.9 kB]
Get:413 http://archive.ubuntu.com/ubuntu resolute/universe amd64 libavutil60 amd64 7:8.0.1-3ubuntu2 [449 kB]
Get:414 http://archive.ubuntu.com/ubuntu resolute/universe amd64 libcodec2-1.2 amd64 1.2.0-4 [9015 kB]
Get:415 http://archive.ubuntu.com/ubuntu resolute/universe amd64 libdav1d7 amd64 1.5.3-1 [626 kB]
Get:416 http://archive.ubuntu.com/ubuntu resolute/universe amd64 libgsm1 amd64 1.0.23-2 [28.9 kB]
Get:417 http://archive.ubuntu.com/ubuntu resolute/main amd64 libmpg123-0t64 amd64 1.33.3-2 [176 kB]
Get:418 http://archive.ubuntu.com/ubuntu resolute/main amd64 libmp3lame0 amd64 3.101~svn6525+dfsg-2 [121 kB]
Get:419 http://archive.ubuntu.com/ubuntu resolute-updates/main amd64 libopenjp2-7 amd64 2.5.4-1ubuntu0.1 [187 kB]
Get:420 http://archive.ubuntu.com/ubuntu resolute/main amd64 libopus0 amd64 1.6.1-1 [3564 kB]
Get:421 http://archive.ubuntu.com/ubuntu resolute/universe amd64 librav1e0.8 amd64 0.8.1-7 [1062 kB]
Get:422 http://archive.ubuntu.com/ubuntu resolute/universe amd64 libshine3 amd64 3.1.1-3build1 [23.5 kB]
Get:423 http://archive.ubuntu.com/ubuntu resolute/main amd64 libsnappy1v5 amd64 1.2.2-2 [30.8 kB]
Get:424 http://archive.ubuntu.com/ubuntu resolute/main amd64 libspeex1 amd64 1.2.1-3build1 [63.3 kB]
Get:425 http://archive.ubuntu.com/ubuntu resolute/universe amd64 libsvtav1enc2 amd64 2.3.0+dfsg-1build1 [2742 kB]
Get:426 http://archive.ubuntu.com/ubuntu resolute/universe amd64 libsoxr0 amd64 0.1.3-4.1 [82.7 kB]
Get:427 http://archive.ubuntu.com/ubuntu resolute/universe amd64 libswresample6 amd64 7:8.0.1-3ubuntu2 [77.0 kB]
Get:428 http://archive.ubuntu.com/ubuntu resolute/main amd64 libtheoradec2 amd64 1.2.0+dfsg-6 [55.6 kB]
Get:429 http://archive.ubuntu.com/ubuntu resolute/main amd64 libtheoraenc2 amd64 1.2.0+dfsg-6 [106 kB]
Get:430 http://archive.ubuntu.com/ubuntu resolute/main amd64 libtwolame0 amd64 0.4.0-2build4 [52.6 kB]
Get:431 http://archive.ubuntu.com/ubuntu resolute/main amd64 libvorbisenc2 amd64 1.3.7-3build2 [79.6 kB]
Get:432 http://archive.ubuntu.com/ubuntu resolute/main amd64 libvpx12 amd64 1.16.0-3 [1244 kB]
Get:433 http://archive.ubuntu.com/ubuntu resolute/main amd64 libwebp7 amd64 1.5.0-0.1build1 [264 kB]
Get:434 http://archive.ubuntu.com/ubuntu resolute/main amd64 libwebpmux3 amd64 1.5.0-0.1build1 [26.4 kB]
Get:435 http://archive.ubuntu.com/ubuntu resolute/universe amd64 libx264-165 amd64 2:0.165.3222+gitb35605ac-3build1 [609 kB]
Get:436 http://archive.ubuntu.com/ubuntu resolute/universe amd64 libx265-215 amd64 4.1-4 [1331 kB]
Get:437 http://archive.ubuntu.com/ubuntu resolute/universe amd64 libxvidcore4 amd64 2:1.3.7-3 [220 kB]
Get:438 http://archive.ubuntu.com/ubuntu resolute/universe amd64 libzvbi-common all 0.2.44-1ubuntu2 [43.0 kB]
Get:439 http://archive.ubuntu.com/ubuntu resolute/universe amd64 libzvbi0t64 amd64 0.2.44-1ubuntu2 [264 kB]
Get:440 http://archive.ubuntu.com/ubuntu resolute/universe amd64 libavcodec62 amd64 7:8.0.1-3ubuntu2 [9711 kB]
Get:441 http://archive.ubuntu.com/ubuntu resolute/universe amd64 libudfread3 amd64 1.2.0-2 [17.3 kB]
Get:442 http://archive.ubuntu.com/ubuntu resolute/universe amd64 libbluray3 amd64 1:1.4.1-1 [133 kB]
Get:443 http://archive.ubuntu.com/ubuntu resolute/universe amd64 libchromaprint1 amd64 1.6.0-2build1 [33.4 kB]
Get:444 http://archive.ubuntu.com/ubuntu resolute/universe amd64 libdvdread8t64 amd64 7.0.1-1 [63.3 kB]
Get:445 http://archive.ubuntu.com/ubuntu resolute/universe amd64 libdvdnav4 amd64 7.0.0-2 [40.3 kB]
Get:446 http://archive.ubuntu.com/ubuntu resolute/universe amd64 libgme0 amd64 0.6.4-1 [146 kB]
Get:447 http://archive.ubuntu.com/ubuntu resolute/universe amd64 libopenmpt0t64 amd64 0.8.4-1 [744 kB]
Get:448 http://archive.ubuntu.com/ubuntu resolute-updates/main amd64 librabbitmq4 amd64 0.15.0-1ubuntu0.26.04.1 [37.4 kB]
Get:449 http://archive.ubuntu.com/ubuntu resolute/universe amd64 libcjson1 amd64 1.7.19-2 [22.8 kB]
Get:450 http://archive.ubuntu.com/ubuntu resolute/universe amd64 libmbedcrypto16 amd64 3.6.5-0.1ubuntu2 [259 kB]
Get:451 http://archive.ubuntu.com/ubuntu resolute/universe amd64 librist4 amd64 0.2.11+dfsg-1build1 [76.0 kB]
Get:452 http://archive.ubuntu.com/ubuntu resolute/universe amd64 libsrt1.5-gnutls amd64 1.5.4-3 [334 kB]
Get:453 http://archive.ubuntu.com/ubuntu resolute-updates/main amd64 libssh-4 amd64 0.11.3-1ubuntu2.1 [208 kB]
Get:454 http://archive.ubuntu.com/ubuntu resolute/universe amd64 libnorm1t64 amd64 1.5.9+dfsg-4 [158 kB]
Get:455 http://archive.ubuntu.com/ubuntu resolute/universe amd64 libpgm-5.3-0t64 amd64 5.3.128~dfsg-2.1build2 [168 kB]
Get:456 http://archive.ubuntu.com/ubuntu resolute/main amd64 libsodium23 amd64 1.0.18-2 [165 kB]
Get:457 http://archive.ubuntu.com/ubuntu resolute/universe amd64 libzmq5 amd64 4.3.5-1build3 [262 kB]
Get:458 http://archive.ubuntu.com/ubuntu resolute/universe amd64 libavformat62 amd64 7:8.0.1-3ubuntu2 [1291 kB]
Get:459 http://archive.ubuntu.com/ubuntu resolute/universe amd64 libzip5 amd64 1.11.4-2 [63.3 kB]
Get:460 http://archive.ubuntu.com/ubuntu resolute/universe amd64 libepub0 amd64 0.2.2-8 [29.8 kB]
Get:461 http://archive.ubuntu.com/ubuntu resolute/main amd64 libinih1 amd64 61-1ubuntu1 [7726 B]
Get:462 http://archive.ubuntu.com/ubuntu resolute/main amd64 libinireader0 amd64 61-1ubuntu1 [13.1 kB]
Get:463 http://archive.ubuntu.com/ubuntu resolute/main amd64 libexiv2-data all 0.28.8+dfsg-1 [5700 B]
Get:464 http://archive.ubuntu.com/ubuntu resolute/main amd64 libexiv2-28 amd64 0.28.8+dfsg-1 [977 kB]
Get:465 http://archive.ubuntu.com/ubuntu resolute/main amd64 libnspr4 amd64 2:4.38.2-1ubuntu1 [118 kB]
Get:466 http://archive.ubuntu.com/ubuntu resolute-updates/main amd64 libnss3 amd64 2:3.120-1ubuntu2.1 [1515 kB]
Get:467 http://archive.ubuntu.com/ubuntu resolute/main amd64 libdeflate0 amd64 1.23-2ubuntu1 [51.7 kB]
Get:468 http://archive.ubuntu.com/ubuntu resolute/main amd64 libjbig0 amd64 2.1-6.1ubuntu3 [30.0 kB]
Get:469 http://archive.ubuntu.com/ubuntu resolute/main amd64 liblerc4 amd64 4.0.0+ds-5ubuntu2 [207 kB]
Get:470 http://archive.ubuntu.com/ubuntu resolute-updates/main amd64 libtiff6 amd64 4.7.0-3ubuntu5 [206 kB]
Get:471 http://archive.ubuntu.com/ubuntu resolute-updates/main amd64 libpoppler156 amd64 26.01.0-2ubuntu0.1 [1238 kB]
Get:472 http://archive.ubuntu.com/ubuntu resolute-updates/universe amd64 libpoppler-qt6-3t64 amd64 26.01.0-2ubuntu0.1 [191 kB]
Get:473 http://archive.ubuntu.com/ubuntu resolute/universe amd64 libqmobipocket6-3 amd64 4:25.12.3-0ubuntu1 [18.1 kB]
Get:474 http://archive.ubuntu.com/ubuntu resolute/main amd64 libtag2 amd64 2.2.1-3 [422 kB]
Get:475 http://archive.ubuntu.com/ubuntu resolute/universe amd64 libkf6filemetadata-bin amd64 6.24.0-0ubuntu1 [133 kB]
Get:476 http://archive.ubuntu.com/ubuntu resolute/universe amd64 libkf6baloowidgets6 amd64 4:25.12.3-0ubuntu1 [129 kB]
Get:477 http://archive.ubuntu.com/ubuntu resolute/universe amd64 libkf6kcmutils-data all 6.24.0-0ubuntu1 [76.1 kB]
Get:478 http://archive.ubuntu.com/ubuntu resolute/universe amd64 libkf6kcmutilscore6 amd64 6.24.0-0ubuntu1 [46.8 kB]
Get:479 http://archive.ubuntu.com/ubuntu resolute/universe amd64 libkf6kcmutilsquick6 amd64 6.24.0-0ubuntu1 [34.7 kB]
Get:480 http://archive.ubuntu.com/ubuntu resolute/universe amd64 libqt6quickwidgets6 amd64 6.10.2+dfsg-3 [49.1 kB]
Get:481 http://archive.ubuntu.com/ubuntu resolute/universe amd64 libkf6kcmutils6 amd64 6.24.0-0ubuntu1 [54.2 kB]
Get:482 http://archive.ubuntu.com/ubuntu resolute/universe amd64 libkf6newstuff-data all 6.24.0-0ubuntu1 [170 kB]
Get:483 http://archive.ubuntu.com/ubuntu resolute/universe amd64 libkf6attica6 amd64 6.24.0-0ubuntu1 [185 kB]
Get:484 http://archive.ubuntu.com/ubuntu resolute/universe amd64 libkf6syndication6 amd64 6.24.0-0ubuntu1 [201 kB]
Get:485 http://archive.ubuntu.com/ubuntu resolute/universe amd64 libkf6newstuffcore6 amd64 6.24.0-0ubuntu1 [302 kB]
Get:486 http://archive.ubuntu.com/ubuntu resolute/universe amd64 libkf6newstuffwidgets6 amd64 6.24.0-0ubuntu1 [24.8 kB]
Get:487 http://archive.ubuntu.com/ubuntu resolute/universe amd64 libkf6parts-data all 6.24.0-0ubuntu1 [44.2 kB]
Get:488 http://archive.ubuntu.com/ubuntu resolute/universe amd64 libkf6parts6 amd64 6.24.0-0ubuntu1 [90.2 kB]
Get:489 http://archive.ubuntu.com/ubuntu resolute/universe amd64 libkf6textwidgets-data all 6.24.0-0ubuntu1 [205 kB]
Get:490 http://archive.ubuntu.com/ubuntu resolute/universe amd64 libkf6sonnet-data all 6.24.0-0ubuntu1 [116 kB]
Get:491 http://archive.ubuntu.com/ubuntu resolute/universe amd64 libkf6sonnetcore6 amd64 6.24.0-0ubuntu1 [167 kB]
Get:492 http://archive.ubuntu.com/ubuntu resolute/universe amd64 libkf6sonnetui6 amd64 6.24.0-0ubuntu1 [57.5 kB]
Get:493 http://archive.ubuntu.com/ubuntu resolute/main amd64 libfftw3-single3 amd64 3.3.10-2fakesync1build3 [865 kB]
Get:494 http://archive.ubuntu.com/ubuntu resolute/main amd64 libflac14 amd64 1.5.0+ds-5 [168 kB]
Get:495 http://archive.ubuntu.com/ubuntu resolute/main amd64 libsndfile1 amd64 1.2.2-4 [219 kB]
Get:496 http://archive.ubuntu.com/ubuntu resolute/main amd64 libwebrtc-audio-processing-1-3 amd64 1.3-3build2 [411 kB]
Get:497 http://archive.ubuntu.com/ubuntu resolute-updates/main amd64 libspa-0.2-modules amd64 1.6.2-1ubuntu1.1 [1152 kB]
Get:498 http://archive.ubuntu.com/ubuntu resolute-updates/main amd64 libpipewire-0.3-0t64 amd64 1.6.2-1ubuntu1.1 [301 kB]
Get:499 http://archive.ubuntu.com/ubuntu resolute/main amd64 libasyncns0 amd64 0.8-7 [12.4 kB]
Get:500 http://archive.ubuntu.com/ubuntu resolute/main amd64 libpulse0 amd64 1:17.0+dfsg1-2ubuntu4 [293 kB]
Get:501 http://archive.ubuntu.com/ubuntu resolute/universe amd64 libswscale9 amd64 7:8.0.1-3ubuntu2 [411 kB]
Get:502 http://archive.ubuntu.com/ubuntu resolute/main amd64 libxrandr2 amd64 2:1.5.4-1build1 [19.6 kB]
Get:503 http://archive.ubuntu.com/ubuntu resolute/universe amd64 libqt6multimedia6 amd64 6.10.2-2 [831 kB]
Get:504 http://archive.ubuntu.com/ubuntu resolute/universe amd64 libqt6texttospeech6 amd64 6.10.2-1 [45.7 kB]
Get:505 http://archive.ubuntu.com/ubuntu resolute/universe amd64 libkf6textwidgets6 amd64 6.24.0-0ubuntu1 [90.9 kB]
Get:506 http://archive.ubuntu.com/ubuntu resolute/universe amd64 libkf6userfeedback-data all 6.24.0-0ubuntu1 [176 kB]
Get:507 http://archive.ubuntu.com/ubuntu resolute/universe amd64 libkf6userfeedbackcore6 amd64 6.24.0-0ubuntu1 [103 kB]
Get:508 http://archive.ubuntu.com/ubuntu resolute/universe amd64 libkf6userfeedbackwidgets6 amd64 6.24.0-0ubuntu1 [27.1 kB]
Get:509 http://archive.ubuntu.com/ubuntu resolute/universe amd64 libpackagekitqt6-2 amd64 1.1.4-1 [112 kB]
Get:510 http://archive.ubuntu.com/ubuntu resolute/universe amd64 libqt6multimediawidgets6 amd64 6.10.2-2 [18.2 kB]
Get:511 http://archive.ubuntu.com/ubuntu resolute/universe amd64 dolphin amd64 4:25.12.3-0ubuntu1 [1061 kB]
Get:512 http://archive.ubuntu.com/ubuntu resolute/main amd64 dracut-install amd64 110-11 [45.4 kB]
Get:513 http://archive.ubuntu.com/ubuntu resolute-updates/main amd64 libfdisk1 amd64 2.41.3-3ubuntu2.2 [164 kB]
Get:514 http://archive.ubuntu.com/ubuntu resolute-updates/main amd64 fdisk amd64 2.41.3-3ubuntu2.2 [139 kB]
Get:515 http://archive.ubuntu.com/ubuntu resolute/main amd64 finalrd all 9build2 [7072 B]
Get:516 http://archive.ubuntu.com/ubuntu resolute/main amd64 glib-networking-common all 2.80.1-1build2 [6834 B]
Get:517 http://archive.ubuntu.com/ubuntu resolute/main amd64 glib-networking-services amd64 2.80.1-1build2 [13.1 kB]
Get:518 http://archive.ubuntu.com/ubuntu resolute/main amd64 user-session-migration amd64 0.5.1 [10.7 kB]
Get:519 http://archive.ubuntu.com/ubuntu resolute/main amd64 gsettings-desktop-schemas all 50.0-1ubuntu2 [37.8 kB]
Get:520 http://archive.ubuntu.com/ubuntu resolute/main amd64 glib-networking amd64 2.80.1-1build2 [64.8 kB]
Get:521 http://archive.ubuntu.com/ubuntu resolute/main amd64 libcdparanoia0 amd64 3.10.2+debian-14ubuntu2 [48.3 kB]
Get:522 http://archive.ubuntu.com/ubuntu resolute/main amd64 libgstreamer1.0-0 amd64 1.28.2-1 [1218 kB]
Get:523 http://archive.ubuntu.com/ubuntu resolute/main amd64 liborc-0.4-0t64 amd64 1:0.4.42-2 [283 kB]
Get:524 http://archive.ubuntu.com/ubuntu resolute/main amd64 libgstreamer-plugins-base1.0-0 amd64 1.28.2-1 [921 kB]
Get:525 http://archive.ubuntu.com/ubuntu resolute/main amd64 libvisual-0.4-0 amd64 0.4.2-4 [117 kB]
Get:526 http://archive.ubuntu.com/ubuntu resolute/main amd64 gstreamer1.0-plugins-base amd64 1.28.2-1 [750 kB]
Get:527 http://archive.ubuntu.com/ubuntu resolute/main amd64 libaa1 amd64 1.4p5-51.1build1 [50.8 kB]
Get:528 http://archive.ubuntu.com/ubuntu resolute/main amd64 libraw1394-11 amd64 2.1.2-2build4 [26.1 kB]
Get:529 http://archive.ubuntu.com/ubuntu resolute/main amd64 libavc1394-0 amd64 0.5.4-5build4 [15.4 kB]
Get:530 http://archive.ubuntu.com/ubuntu resolute-updates/main amd64 libcaca0 amd64 0.99.beta20-6ubuntu2.1 [205 kB]
Get:531 http://archive.ubuntu.com/ubuntu resolute/main amd64 libdv4t64 amd64 1.0.0-17.1build2 [64.3 kB]
Get:532 http://archive.ubuntu.com/ubuntu resolute/main amd64 libiec61883-0 amd64 1.2.0-8 [25.7 kB]
Get:533 http://archive.ubuntu.com/ubuntu resolute/main amd64 libtheora1 amd64 1.2.0+dfsg-6 [140 kB]
Get:534 http://archive.ubuntu.com/ubuntu resolute/main amd64 libshout3 amd64 2.4.6-1build3 [50.9 kB]
Get:535 http://archive.ubuntu.com/ubuntu resolute/main amd64 libv4lconvert0t64 amd64 1.32.0-2ubuntu1 [90.1 kB]
Get:536 http://archive.ubuntu.com/ubuntu resolute/main amd64 libv4l-0t64 amd64 1.32.0-2ubuntu1 [159 kB]
Get:537 http://archive.ubuntu.com/ubuntu resolute/main amd64 libwavpack1 amd64 5.9.0-1 [92.3 kB]
Get:538 http://archive.ubuntu.com/ubuntu resolute/main amd64 libxdamage1 amd64 1:1.1.7-1 [6582 B]
Get:539 http://archive.ubuntu.com/ubuntu resolute/main amd64 libxtst6 amd64 2:1.2.5-1build1 [13.1 kB]
Get:540 http://archive.ubuntu.com/ubuntu resolute/main amd64 libsoup-3.0-common all 3.6.6-1 [13.6 kB]
Get:541 http://archive.ubuntu.com/ubuntu resolute/main amd64 libsoup-3.0-0 amd64 3.6.6-1 [297 kB]
Get:542 http://archive.ubuntu.com/ubuntu resolute-updates/main amd64 gstreamer1.0-plugins-good amd64 1.28.2-2ubuntu0.1 [2311 kB]
Get:543 http://archive.ubuntu.com/ubuntu resolute/main amd64 initramfs-tools-bin amd64 0.151ubuntu1 [24.2 kB]
Get:544 http://archive.ubuntu.com/ubuntu resolute/main amd64 libklibc amd64 2.0.14-1ubuntu2 [47.5 kB]
Get:545 http://archive.ubuntu.com/ubuntu resolute/main amd64 klibc-utils amd64 2.0.14-1ubuntu2 [100 kB]
Get:546 http://archive.ubuntu.com/ubuntu resolute/main amd64 initramfs-tools-core all 0.151ubuntu1 [50.3 kB]
Get:547 http://archive.ubuntu.com/ubuntu resolute/main amd64 linux-base all 4.15ubuntu5 [30.5 kB]
Get:548 http://archive.ubuntu.com/ubuntu resolute/main amd64 initramfs-tools all 0.151ubuntu1 [8506 B]
Get:549 http://archive.ubuntu.com/ubuntu resolute/main amd64 iucode-tool amd64 2.3.1-3build2 [44.2 kB]
Get:550 http://archive.ubuntu.com/ubuntu resolute/universe amd64 libkirigami-data all 6.24.0-0ubuntu1 [37.5 kB]
Get:551 http://archive.ubuntu.com/ubuntu resolute/universe amd64 libqt6quicktemplates2-6 amd64 6.10.2+dfsg-3 [692 kB]
Get:552 http://archive.ubuntu.com/ubuntu resolute/universe amd64 libqt6quickcontrols2-6 amd64 6.10.2+dfsg-3 [2153 kB]
Get:553 http://archive.ubuntu.com/ubuntu resolute/universe amd64 libkirigamiplatform6 amd64 6.24.0-0ubuntu1 [113 kB]
Get:554 http://archive.ubuntu.com/ubuntu resolute/universe amd64 libkirigami6 amd64 6.24.0-0ubuntu1 [75.8 kB]
Get:555 http://archive.ubuntu.com/ubuntu resolute/universe amd64 libkirigamidelegates6 amd64 6.24.0-0ubuntu1 [52.0 kB]
Get:556 http://archive.ubuntu.com/ubuntu resolute/universe amd64 qml6-module-qtqml-models amd64 6.10.2+dfsg-3 [19.0 kB]
Get:557 http://archive.ubuntu.com/ubuntu resolute/universe amd64 qml6-module-qtqml-workerscript amd64 6.10.2+dfsg-3 [13.4 kB]
Get:558 http://archive.ubuntu.com/ubuntu resolute/universe amd64 qml6-module-qtqml amd64 6.10.2+dfsg-3 [14.2 kB]
Get:559 http://archive.ubuntu.com/ubuntu resolute/universe amd64 qml6-module-qtquick amd64 6.10.2+dfsg-3 [62.7 kB]
Get:560 http://archive.ubuntu.com/ubuntu resolute/universe amd64 qml6-module-qtquick-templates amd64 6.10.2+dfsg-3 [32.3 kB]
Get:561 http://archive.ubuntu.com/ubuntu resolute/universe amd64 qml6-module-qt-labs-qmlmodels amd64 6.10.2+dfsg-3 [80.1 kB]
Get:562 http://archive.ubuntu.com/ubuntu resolute/universe amd64 libqt6quickshapes6 amd64 6.10.2+dfsg-3 [143 kB]
Get:563 http://archive.ubuntu.com/ubuntu resolute/universe amd64 qml6-module-qtquick-shapes amd64 6.10.2+dfsg-3 [15.5 kB]
Get:564 http://archive.ubuntu.com/ubuntu resolute/universe amd64 qml6-module-qtquick-window amd64 6.10.2+dfsg-3 [13.6 kB]
Get:565 http://archive.ubuntu.com/ubuntu resolute/universe amd64 qml6-module-qtquick-controls amd64 6.10.2+dfsg-3 [106 kB]
Get:566 http://archive.ubuntu.com/ubuntu resolute/universe amd64 qml6-module-qtquick-layouts amd64 6.10.2+dfsg-3 [122 kB]
Get:567 http://archive.ubuntu.com/ubuntu resolute/universe amd64 libkirigamicontrols6 amd64 6.24.0-0ubuntu1 [482 kB]
Get:568 http://archive.ubuntu.com/ubuntu resolute/universe amd64 libkirigamidialogs6 amd64 6.24.0-0ubuntu1 [64.9 kB]
Get:569 http://archive.ubuntu.com/ubuntu resolute/universe amd64 libkirigamilayouts6 amd64 6.24.0-0ubuntu1 [155 kB]
Get:570 http://archive.ubuntu.com/ubuntu resolute/universe amd64 libkirigamilayoutsprivate6 amd64 6.24.0-0ubuntu1 [25.4 kB]
Get:571 http://archive.ubuntu.com/ubuntu resolute/universe amd64 libkirigamipolyfill6 amd64 6.24.0-0ubuntu1 [9140 B]
Get:572 http://archive.ubuntu.com/ubuntu resolute/universe amd64 libkirigamiprimitives6 amd64 6.24.0-0ubuntu1 [147 kB]
Get:573 http://archive.ubuntu.com/ubuntu resolute/universe amd64 libkirigamiprivate6 amd64 6.24.0-0ubuntu1 [20.4 kB]
Get:574 http://archive.ubuntu.com/ubuntu resolute/universe amd64 libkirigamitemplates6 amd64 6.24.0-0ubuntu1 [130 kB]
Get:575 http://archive.ubuntu.com/ubuntu resolute/universe amd64 qml6-module-org-kde-kirigami amd64 6.24.0-0ubuntu1 [130 kB]
Get:576 http://archive.ubuntu.com/ubuntu resolute/universe amd64 qml6-module-qtquick-effects amd64 6.10.2+dfsg-3 [244 kB]
Get:577 http://archive.ubuntu.com/ubuntu resolute/main amd64 libgfortran5 amd64 16-20260322-1ubuntu1 [958 kB]
Get:578 http://archive.ubuntu.com/ubuntu resolute/universe amd64 libopenblas0-pthread amd64 0.3.32+ds-5 [5351 kB]
Get:579 http://archive.ubuntu.com/ubuntu resolute/universe amd64 libopenblas0 amd64 0.3.32+ds-5 [6494 B]
Get:580 http://archive.ubuntu.com/ubuntu resolute/universe amd64 libhwloc15 amd64 2.13.0-2 [175 kB]
Get:581 http://archive.ubuntu.com/ubuntu resolute/universe amd64 libtbbbind-2-5 amd64 2022.3.0-2 [15.4 kB]
Get:582 http://archive.ubuntu.com/ubuntu resolute/universe amd64 libtbbmalloc2 amd64 2022.3.0-2 [54.0 kB]
Get:583 http://archive.ubuntu.com/ubuntu resolute/universe amd64 libtbb12 amd64 2022.3.0-2 [98.2 kB]
Get:584 http://archive.ubuntu.com/ubuntu resolute/universe amd64 libopencv-core410 amd64 4.10.0+dfsg-7ubuntu5 [1325 kB]
Get:585 http://archive.ubuntu.com/ubuntu resolute/universe amd64 libopencv-imgproc410 amd64 4.10.0+dfsg-7ubuntu5 [1627 kB]
Get:586 http://archive.ubuntu.com/ubuntu resolute-updates/universe amd64 libkquickimageeditor1 amd64 0.6.0-2ubuntu0.1 [313 kB]
Get:587 http://archive.ubuntu.com/ubuntu resolute-updates/universe amd64 qml6-module-org-kde-kquickimageeditor amd64 0.6.0-2ubuntu0.1 [24.1 kB]
Get:588 http://archive.ubuntu.com/ubuntu resolute/universe amd64 qml6-module-qtmultimedia amd64 6.10.2-2 [102 kB]
Get:589 http://archive.ubuntu.com/ubuntu resolute/universe amd64 libzxing3 amd64 2.3.0-5 [606 kB]
Get:590 http://archive.ubuntu.com/ubuntu resolute/universe amd64 libkf6prisonscanner6 amd64 6.24.0-0ubuntu1 [24.7 kB]
Get:591 http://archive.ubuntu.com/ubuntu resolute/universe amd64 qml6-module-qtcore amd64 6.10.2+dfsg-3 [52.3 kB]
Get:592 http://archive.ubuntu.com/ubuntu resolute/universe amd64 libkf6bluezqt-data all 6.24.0-0ubuntu1 [4796 B]
Get:593 http://archive.ubuntu.com/ubuntu resolute/universe amd64 libkf6bluezqt6 amd64 6.24.0-0ubuntu1 [276 kB]
Get:594 http://archive.ubuntu.com/ubuntu resolute/universe amd64 qml6-module-org-kde-bluezqt amd64 6.24.0-0ubuntu1 [60.5 kB]
Get:595 http://archive.ubuntu.com/ubuntu resolute/universe amd64 qml6-module-org-kde-config amd64 6.24.0-0ubuntu1 [12.4 kB]
Get:596 http://archive.ubuntu.com/ubuntu resolute/universe amd64 qml6-module-org-kde-kcmutils amd64 6.24.0-0ubuntu1 [112 kB]
Get:597 http://archive.ubuntu.com/ubuntu resolute/universe amd64 libdmtx0t64 amd64 0.7.8-1 [56.7 kB]
Get:598 http://archive.ubuntu.com/ubuntu resolute/universe amd64 libqrencode4 amd64 4.1.1-2build1 [25.9 kB]
Get:599 http://archive.ubuntu.com/ubuntu resolute/universe amd64 libkf6prison6 amd64 6.24.0-0ubuntu1 [42.6 kB]
Get:600 http://archive.ubuntu.com/ubuntu resolute/universe amd64 qml6-module-org-kde-prison amd64 6.24.0-0ubuntu1 [26.7 kB]
Get:601 http://archive.ubuntu.com/ubuntu resolute/universe amd64 qml6-module-qt-labs-folderlistmodel amd64 6.10.2+dfsg-3 [51.0 kB]
Get:602 http://archive.ubuntu.com/ubuntu resolute/universe amd64 qml6-module-qtquick-dialogs amd64 6.10.2+dfsg-3 [683 kB]
Get:603 http://archive.ubuntu.com/ubuntu resolute/universe amd64 libaccounts-glib0 amd64 1.27-3 [45.4 kB]
Get:604 http://archive.ubuntu.com/ubuntu resolute/universe amd64 libaccounts-qt6-1 amd64 1.17-4ubuntu2 [47.4 kB]
Get:605 http://archive.ubuntu.com/ubuntu resolute/universe amd64 libsignon-qt6-1 amd64 8.61+git20231015.c8ad982-8 [89.5 kB]
Get:606 http://archive.ubuntu.com/ubuntu resolute/universe amd64 qml6-module-sso-onlineaccounts amd64 0.7+git20231028.05e79eb-7 [76.5 kB]
Get:607 http://archive.ubuntu.com/ubuntu resolute/universe amd64 libkaccounts6-2 amd64 4:25.12.3-0ubuntu1 [69.1 kB]
Get:608 http://archive.ubuntu.com/ubuntu resolute/universe amd64 libkf6purpose-data all 6.24.0-0ubuntu1 [100 kB]
Get:609 http://archive.ubuntu.com/ubuntu resolute/universe amd64 libkf6purpose6 amd64 6.24.0-0ubuntu1 [50.9 kB]
Get:610 http://archive.ubuntu.com/ubuntu resolute/universe amd64 libkf6purposewidgets6 amd64 6.24.0-0ubuntu1 [17.7 kB]
Get:611 http://archive.ubuntu.com/ubuntu resolute/universe amd64 libkf6purpose-bin amd64 6.24.0-0ubuntu1 [166 kB]
Get:612 http://archive.ubuntu.com/ubuntu resolute/universe amd64 libkf6statusnotifieritem-data all 6.24.0-0ubuntu1 [7144 B]
Get:613 http://archive.ubuntu.com/ubuntu resolute/universe amd64 libkf6statusnotifieritem6 amd64 6.24.0-0ubuntu1 [112 kB]
Get:614 http://archive.ubuntu.com/ubuntu resolute/universe amd64 libkpipewire-data all 6.6.4-0ubuntu1 [16.5 kB]
Get:615 http://archive.ubuntu.com/ubuntu resolute/universe amd64 libunibreak6 amd64 6.1-3build1 [25.0 kB]
Get:616 http://archive.ubuntu.com/ubuntu resolute/universe amd64 libass9 amd64 1:0.17.4-2 [114 kB]
Get:617 http://archive.ubuntu.com/ubuntu resolute/universe amd64 libbs2b0 amd64 3.1.0+dfsg-8build1 [11.7 kB]
Get:618 http://archive.ubuntu.com/ubuntu resolute/universe amd64 libflite1 amd64 2.2-7build1 [13.5 MB]
Get:619 http://archive.ubuntu.com/ubuntu resolute/universe amd64 libserd-0-0 amd64 0.32.6-1 [44.7 kB]
Get:620 http://archive.ubuntu.com/ubuntu resolute/universe amd64 libzix-0-0 amd64 0.8.0-1 [24.9 kB]
Get:621 http://archive.ubuntu.com/ubuntu resolute/universe amd64 libsord-0-0 amd64 0.16.20-1 [16.0 kB]
Get:622 http://archive.ubuntu.com/ubuntu resolute/universe amd64 libsratom-0-0 amd64 0.6.20-1 [17.8 kB]
Get:623 http://archive.ubuntu.com/ubuntu resolute/universe amd64 liblilv-0-0 amd64 0.26.2-1 [44.2 kB]
Get:624 http://archive.ubuntu.com/ubuntu resolute/universe amd64 libmysofa1 amd64 1.3.3+dfsg-1ubuntu2 [1158 kB]
Get:625 http://archive.ubuntu.com/ubuntu resolute/universe amd64 libplacebo360 amd64 7.360.0-3 [2982 kB]
Get:626 http://archive.ubuntu.com/ubuntu resolute/main amd64 libfftw3-double3 amd64 3.3.10-2fakesync1build3 [833 kB]
Get:627 http://archive.ubuntu.com/ubuntu resolute/main amd64 libsamplerate0 amd64 0.2.2-4build2 [1343 kB]
Get:628 http://archive.ubuntu.com/ubuntu resolute/universe amd64 librubberband3 amd64 4.0.0+dfsg-2ubuntu1 [152 kB]
Get:629 http://archive.ubuntu.com/ubuntu resolute/universe amd64 libvidstab1.1 amd64 1.1.0-2.1 [38.4 kB]
Get:630 http://archive.ubuntu.com/ubuntu resolute/universe amd64 libzimg2 amd64 3.0.6+ds1-1 [205 kB]
Get:631 http://archive.ubuntu.com/ubuntu resolute/universe amd64 libavfilter11 amd64 7:8.0.1-3ubuntu2 [4873 kB]
Get:632 http://archive.ubuntu.com/ubuntu resolute/main amd64 libepoxy0 amd64 1.5.10-2build1 [226 kB]
Get:633 http://archive.ubuntu.com/ubuntu resolute/universe amd64 libkpipewire6 amd64 6.6.4-0ubuntu1 [68.5 kB]
Get:634 http://archive.ubuntu.com/ubuntu resolute/universe amd64 libkpipewiredmabuf6 amd64 6.6.4-0ubuntu1 [10.7 kB]
Get:635 http://archive.ubuntu.com/ubuntu resolute/universe amd64 libkpipewirerecord6 amd64 6.6.4-0ubuntu1 [91.2 kB]
Get:636 http://archive.ubuntu.com/ubuntu resolute-updates/universe amd64 kde-spectacle amd64 4:6.6.6-0ubuntu0.1 [2171 kB]
Get:637 http://archive.ubuntu.com/ubuntu resolute/universe amd64 kio-fuse amd64 5.1.1-1 [79.6 kB]
Get:638 http://archive.ubuntu.com/ubuntu resolute/universe amd64 kirigami-addons-data all 1.11.0-2ubuntu2 [343 kB]
Get:639 http://archive.ubuntu.com/ubuntu resolute/universe amd64 libkf6pty-data all 6.24.0-0ubuntu1 [28.1 kB]
Get:640 http://archive.ubuntu.com/ubuntu resolute/universe amd64 libkf6pty6 amd64 6.24.0-0ubuntu1 [23.2 kB]
Get:641 http://archive.ubuntu.com/ubuntu resolute/universe amd64 konsole-kpart amd64 4:25.12.3-0ubuntu1 [819 kB]
Get:642 http://archive.ubuntu.com/ubuntu resolute/universe amd64 libkf6notifyconfig-data all 6.24.0-0ubuntu1 [31.3 kB]
Get:643 http://archive.ubuntu.com/ubuntu resolute/universe amd64 libkf6notifyconfig6 amd64 6.24.0-0ubuntu1 [32.5 kB]
Get:644 http://archive.ubuntu.com/ubuntu resolute/universe amd64 konsole amd64 4:25.12.3-0ubuntu1 [1488 kB]
Get:645 http://archive.ubuntu.com/ubuntu resolute/universe amd64 kwayland6-data all 4:6.6.4-0ubuntu1 [5724 B]
Get:646 http://archive.ubuntu.com/ubuntu resolute/universe amd64 libkdecorations3private2 amd64 4:6.6.4-0ubuntu1 [11.9 kB]
Get:647 http://archive.ubuntu.com/ubuntu resolute/universe amd64 libkdecorations3-6 amd64 4:6.6.4-0ubuntu1 [80.0 kB]
Get:648 http://archive.ubuntu.com/ubuntu resolute/universe amd64 libqt6openglwidgets6 amd64 6.10.2+dfsg-7 [43.6 kB]
Get:649 http://archive.ubuntu.com/ubuntu resolute/universe amd64 libqt6uitools6 amd64 6.10.2-1 [178 kB]
Get:650 http://archive.ubuntu.com/ubuntu resolute-updates/universe amd64 kwin-style-aurorae amd64 6.6.6-0ubuntu0.1 [141 kB]
Get:651 http://archive.ubuntu.com/ubuntu resolute/main amd64 libxt6t64 amd64 1:1.2.1-1.3build1 [173 kB]
Get:652 http://archive.ubuntu.com/ubuntu resolute/main amd64 libxmu6 amd64 2:1.1.3-4 [48.9 kB]
Get:653 http://archive.ubuntu.com/ubuntu resolute-updates/main amd64 libxpm4 amd64 1:3.5.17-1ubuntu0.26.04.1 [37.2 kB]
Get:654 http://archive.ubuntu.com/ubuntu resolute/main amd64 libxaw7 amd64 2:1.0.16-1build1 [190 kB]
Get:655 http://archive.ubuntu.com/ubuntu resolute/main amd64 libxkbfile1 amd64 1:1.1.0-1build5 [70.1 kB]
Get:656 http://archive.ubuntu.com/ubuntu resolute/main amd64 x11-xkb-utils amd64 7.7+9build1 [170 kB]
Get:657 http://archive.ubuntu.com/ubuntu resolute/main amd64 xserver-common all 2:21.1.22-1ubuntu1 [29.7 kB]
Get:658 http://archive.ubuntu.com/ubuntu resolute/main amd64 libdecor-0-0 amd64 0.2.5-1 [16.5 kB]
Get:659 http://archive.ubuntu.com/ubuntu resolute/main amd64 libei1 amd64 1.5.0-3 [42.8 kB]
Get:660 http://archive.ubuntu.com/ubuntu resolute/main amd64 libgl1 amd64 1.7.0-3 [98.3 kB]
Get:661 http://archive.ubuntu.com/ubuntu resolute/main amd64 liboeffis1 amd64 1.5.0-3 [12.8 kB]
Get:662 http://archive.ubuntu.com/ubuntu resolute/main amd64 libxcvt0 amd64 0.1.3-1build1 [5852 B]
Get:663 http://archive.ubuntu.com/ubuntu resolute/main amd64 libfontenc1 amd64 1:1.1.8-1build2 [14.1 kB]
Get:664 http://archive.ubuntu.com/ubuntu resolute-updates/main amd64 libxfont2 amd64 1:2.0.6-2ubuntu0.2 [96.5 kB]
Get:665 http://archive.ubuntu.com/ubuntu resolute/main amd64 xwayland amd64 2:24.1.10-1 [1007 kB]
Get:666 http://archive.ubuntu.com/ubuntu resolute/main amd64 libxcb-record0 amd64 1.17.0-2ubuntu1 [7480 B]
Get:667 http://archive.ubuntu.com/ubuntu resolute-updates/universe amd64 libkglobalacceld0 amd64 6.6.5-0ubuntu0.1 [106 kB]
Get:668 http://archive.ubuntu.com/ubuntu resolute/main amd64 libdisplay-info3 amd64 0.3.0-1 [87.8 kB]
Get:669 http://archive.ubuntu.com/ubuntu resolute/universe amd64 libkwaylandclient6 amd64 4:6.6.4-0ubuntu1 [215 kB]
Get:670 http://archive.ubuntu.com/ubuntu resolute/main amd64 libxcb-composite0 amd64 1.17.0-2ubuntu1 [5368 B]
Get:671 http://archive.ubuntu.com/ubuntu resolute-updates/universe amd64 libkwin6 amd64 4:6.6.6-0ubuntu0.1 [2454 kB]
Get:672 http://archive.ubuntu.com/ubuntu resolute/universe amd64 libqaccessibilityclient-qt6-0 amd64 0.6.0-4ubuntu1 [95.4 kB]
Get:673 http://archive.ubuntu.com/ubuntu resolute-updates/universe amd64 kwin-wayland amd64 4:6.6.6-0ubuntu0.1 [464 kB]
Get:674 http://archive.ubuntu.com/ubuntu resolute-updates/main amd64 libbluetooth3 amd64 5.85-4ubuntu0.1 [78.0 kB]
Get:675 http://archive.ubuntu.com/ubuntu resolute/main amd64 libclang1-21 amd64 1:21.1.8-6ubuntu1 [8158 kB]
Get:676 http://archive.ubuntu.com/ubuntu resolute/universe amd64 libddcutil5 amd64 2.2.5-1 [418 kB]
Get:677 http://archive.ubuntu.com/ubuntu resolute/main amd64 libharfbuzz-subset0 amd64 12.3.2-2 [492 kB]
Get:678 http://archive.ubuntu.com/ubuntu resolute/main amd64 libjson-glib-1.0-common all 1.10.8+ds-2 [6142 B]
Get:679 http://archive.ubuntu.com/ubuntu resolute/main amd64 libjson-glib-1.0-0 amd64 1.10.8+ds-2 [69.8 kB]
Get:680 http://archive.ubuntu.com/ubuntu resolute/universe amd64 libkf6auth-data all 6.24.0-0ubuntu1 [28.3 kB]
Get:681 http://archive.ubuntu.com/ubuntu resolute/main amd64 libpolkit-gobject-1-0 amd64 127-2ubuntu1 [45.7 kB]
Get:682 http://archive.ubuntu.com/ubuntu resolute/main amd64 libpolkit-agent-1-0 amd64 127-2ubuntu1 [18.1 kB]
Get:683 http://archive.ubuntu.com/ubuntu resolute/universe amd64 libpolkit-qt6-1-1 amd64 0.200.0-4ubuntu1 [65.7 kB]
Get:684 http://archive.ubuntu.com/ubuntu resolute/universe amd64 libkf6authcore6 amd64 6.24.0-0ubuntu1 [72.9 kB]
Get:685 http://archive.ubuntu.com/ubuntu resolute/universe amd64 libkf6itemmodels6 amd64 6.24.0-0ubuntu1 [131 kB]
Get:686 http://archive.ubuntu.com/ubuntu resolute/universe amd64 libkf6modemmanagerqt6 amd64 6.23.0-0ubuntu1 [199 kB]
Get:687 http://archive.ubuntu.com/ubuntu resolute/universe amd64 libkf6networkmanagerqt6 amd64 6.24.0-0ubuntu1 [403 kB]
Get:688 http://archive.ubuntu.com/ubuntu resolute/main amd64 libpulse-mainloop-glib0 amd64 1:17.0+dfsg1-2ubuntu4 [12.6 kB]
Get:689 http://archive.ubuntu.com/ubuntu resolute/universe amd64 libkf6pulseaudioqt5 amd64 1.7.0-1build1 [116 kB]
Get:690 http://archive.ubuntu.com/ubuntu resolute/universe amd64 libkf6qqc2desktopstyle-data all 6.24.0-0ubuntu1 [16.7 kB]
Get:691 http://archive.ubuntu.com/ubuntu resolute/universe amd64 libkf6runner6 amd64 6.24.0-0ubuntu1 [121 kB]
Get:692 http://archive.ubuntu.com/ubuntu resolute/universe amd64 libkf6screen8 amd64 4:6.6.4-0ubuntu1 [130 kB]
Get:693 http://archive.ubuntu.com/ubuntu resolute/universe amd64 libkf6su-data all 6.24.0-0ubuntu1 [16.7 kB]
Get:694 http://archive.ubuntu.com/ubuntu resolute/universe amd64 libkf6su6 amd64 6.24.0-0ubuntu1 [31.1 kB]
Get:695 http://archive.ubuntu.com/ubuntu resolute/universe amd64 libkf6su-bin amd64 6.24.0-0ubuntu1 [28.8 kB]
Get:696 http://archive.ubuntu.com/ubuntu resolute/universe amd64 libkscreen-bin amd64 4:6.6.4-0ubuntu1 [200 kB]
Get:697 http://archive.ubuntu.com/ubuntu resolute-updates/universe amd64 libkworkspace6-6 amd64 4:6.6.6-0ubuntu0.1 [127 kB]
Get:698 http://archive.ubuntu.com/ubuntu resolute/main amd64 liblua5.4-0 amd64 5.4.8-1build1 [163 kB]
Get:699 http://archive.ubuntu.com/ubuntu resolute-updates/universe amd64 libminizip1t64 amd64 1:1.3.dfsg+really1.3.1-1ubuntu3.1 [22.6 kB]
Get:700 http://archive.ubuntu.com/ubuntu resolute/main amd64 libmm-glib0 amd64 1.25.95-1ubuntu1 [260 kB]
Get:701 http://archive.ubuntu.com/ubuntu resolute/main amd64 libndp0 amd64 1.9-1build1 [13.1 kB]
Get:702 http://archive.ubuntu.com/ubuntu resolute/main amd64 libnm0 amd64 1.54.3-2ubuntu3 [495 kB]
Get:703 http://archive.ubuntu.com/ubuntu resolute/main amd64 libpcsclite1 amd64 2.4.1-1 [24.6 kB]
Get:704 http://archive.ubuntu.com/ubuntu resolute/main amd64 libxmlsec1-1 amd64 1.3.9-1 [161 kB]
Get:705 http://archive.ubuntu.com/ubuntu resolute/main amd64 libxmlsec1-openssl1 amd64 1.3.9-1 [102 kB]
Get:706 http://archive.ubuntu.com/ubuntu resolute/main amd64 libpskc0t64 amd64 2.6.14-1 [27.9 kB]
Get:707 http://archive.ubuntu.com/ubuntu resolute/universe amd64 libtommath1 amd64 1.3.0-1build1 [56.4 kB]
Get:708 http://archive.ubuntu.com/ubuntu resolute/universe amd64 libtomcrypt1 amd64 1.18.2+dfsg-7build2 [396 kB]
Get:709 http://archive.ubuntu.com/ubuntu resolute/universe amd64 libstoken1t64 amd64 0.93-1 [27.9 kB]
Get:710 http://archive.ubuntu.com/ubuntu resolute/main amd64 tpm-udev all 4.1.3-6 [7908 B]
Get:711 http://archive.ubuntu.com/ubuntu resolute/main amd64 libtss2-mu-4.0.1-0t64 amd64 4.1.3-6 [59.2 kB]
Get:712 http://archive.ubuntu.com/ubuntu resolute/main amd64 libtss2-tcti-cmd0t64 amd64 4.1.3-6 [12.7 kB]
Get:713 http://archive.ubuntu.com/ubuntu resolute/main amd64 libtss2-tcti-device0t64 amd64 4.1.3-6 [14.0 kB]
Get:714 http://archive.ubuntu.com/ubuntu resolute/main amd64 libtss2-tcti-mssim0t64 amd64 4.1.3-6 [14.0 kB]
Get:715 http://archive.ubuntu.com/ubuntu resolute/main amd64 libtss2-tcti-swtpm0t64 amd64 4.1.3-6 [14.1 kB]
Get:716 http://archive.ubuntu.com/ubuntu resolute/main amd64 libtss2-sys1t64 amd64 4.1.3-6 [34.5 kB]
Get:717 http://archive.ubuntu.com/ubuntu resolute/main amd64 libtss2-esys-3.0.2-0t64 amd64 4.1.3-6 [150 kB]
Get:718 http://archive.ubuntu.com/ubuntu resolute/main amd64 libtss2-tcti-libtpms0t64 amd64 4.1.3-6 [13.0 kB]
Get:719 http://archive.ubuntu.com/ubuntu resolute/main amd64 libtss2-tcti-spi-helper0t64 amd64 4.1.3-6 [13.0 kB]
Get:720 http://archive.ubuntu.com/ubuntu resolute/main amd64 libtss2-tctildr0t64 amd64 4.1.3-6 [13.4 kB]
Get:721 http://archive.ubuntu.com/ubuntu resolute/universe amd64 libopenconnect5 amd64 9.12-3.3 [221 kB]
Get:722 http://archive.ubuntu.com/ubuntu resolute/main amd64 libspeexdsp1 amd64 1.2.1-3build1 [45.5 kB]
Get:723 http://archive.ubuntu.com/ubuntu resolute-updates/main amd64 libroc0.4 amd64 0.4.0+dfsg-5ubuntu3.1 [285 kB]
Get:724 http://archive.ubuntu.com/ubuntu resolute/main amd64 libsnapd-glib-2-1 amd64 1.72-0ubuntu3 [120 kB]
Get:725 http://archive.ubuntu.com/ubuntu resolute-updates/main amd64 libpipewire-0.3-modules amd64 1.6.2-1ubuntu1.1 [882 kB]
Get:726 http://archive.ubuntu.com/ubuntu resolute/universe amd64 libshiboken6-py3-6.10 amd64 6.10.2-6ubuntu1 [1356 kB]
Get:727 http://archive.ubuntu.com/ubuntu resolute/universe amd64 libpyside6-py3-6.10 amd64 6.10.2-6ubuntu1 [702 kB]
Get:728 http://archive.ubuntu.com/ubuntu resolute/universe amd64 libqcoro6dbus0t64 amd64 0.13.0-1ubuntu2 [16.1 kB]
Get:729 http://archive.ubuntu.com/ubuntu resolute/universe amd64 libqt5core5t64 amd64 5.15.18+dfsg-1ubuntu1 [2066 kB]
Get:730 http://archive.ubuntu.com/ubuntu resolute/universe amd64 libqt5dbus5t64 amd64 5.15.18+dfsg-1ubuntu1 [222 kB]
Get:731 http://archive.ubuntu.com/ubuntu resolute/universe amd64 libqt5network5t64 amd64 5.15.18+dfsg-1ubuntu1 [731 kB]
Get:732 http://archive.ubuntu.com/ubuntu resolute/main amd64 libxcb-xinerama0 amd64 1.17.0-2ubuntu1 [5542 B]
Get:733 http://archive.ubuntu.com/ubuntu resolute/universe amd64 libqt5gui5t64 amd64 5.15.18+dfsg-1ubuntu1 [3819 kB]
Get:734 http://archive.ubuntu.com/ubuntu resolute/universe amd64 libqt5widgets5t64 amd64 5.15.18+dfsg-1ubuntu1 [2584 kB]
Get:735 http://archive.ubuntu.com/ubuntu resolute/universe amd64 libqt5svg5 amd64 5.15.18-1 [148 kB]
Get:736 http://archive.ubuntu.com/ubuntu resolute/universe amd64 libqt5x11extras5 amd64 5.15.18-1 [11.0 kB]
Get:737 http://archive.ubuntu.com/ubuntu resolute/universe amd64 libqt6positioning6 amd64 6.10.2-1 [201 kB]
Get:738 http://archive.ubuntu.com/ubuntu resolute/universe amd64 libqt6shadertools6 amd64 6.10.2-1 [1640 kB]
Get:739 http://archive.ubuntu.com/ubuntu resolute/universe amd64 libqt6waylandcompositor6 amd64 6.10.2-4 [471 kB]
Get:740 http://archive.ubuntu.com/ubuntu resolute/universe amd64 libqt6webchannel6 amd64 6.10.2-1 [99.2 kB]
Get:741 http://archive.ubuntu.com/ubuntu resolute/universe amd64 libqt6webengine6-data all 6.10.2+dfsg-1 [20.0 MB]
Get:742 http://archive.ubuntu.com/ubuntu resolute/main amd64 libwebpdemux2 amd64 1.5.0-0.1build1 [12.8 kB]
Get:743 http://archive.ubuntu.com/ubuntu resolute/main amd64 libxcomposite1 amd64 1:0.4.6-1build1 [6664 B]
Get:744 http://archive.ubuntu.com/ubuntu resolute/universe amd64 libqt6webenginecore6 amd64 6.10.2+dfsg-1 [66.1 MB]
Get:745 http://archive.ubuntu.com/ubuntu resolute/universe amd64 libqt6webenginecore6-bin amd64 6.10.2+dfsg-1 [7222 kB]
Get:746 http://archive.ubuntu.com/ubuntu resolute/universe amd64 libqt6webenginewidgets6 amd64 6.10.2+dfsg-1 [81.7 kB]
Get:747 http://archive.ubuntu.com/ubuntu resolute/universe amd64 libqt6wlshellintegration6 amd64 6.10.2+dfsg-7 [95.6 kB]
Get:748 http://archive.ubuntu.com/ubuntu resolute/universe amd64 libquickcharts1 amd64 6.24.0-0ubuntu1 [129 kB]
Get:749 http://archive.ubuntu.com/ubuntu resolute/universe amd64 libquickchartscontrols1 amd64 6.24.0-0ubuntu1 [71.0 kB]
Get:750 http://archive.ubuntu.com/ubuntu resolute/main amd64 libteamdctl0 amd64 1.31-1build4 [12.5 kB]
Get:751 http://archive.ubuntu.com/ubuntu resolute/main amd64 libwireplumber-0.5-0 amd64 0.5.13-1ubuntu1 [322 kB]
Get:752 http://archive.ubuntu.com/ubuntu resolute/main amd64 libxcb-damage0 amd64 1.17.0-2ubuntu1 [5034 B]
Get:753 http://archive.ubuntu.com/ubuntu resolute-updates/main amd64 linux-firmware-amd-graphics all 20260319.git217ca6e4-0ubuntu3.1 [29.6 MB]
Get:754 http://archive.ubuntu.com/ubuntu resolute-updates/main amd64 linux-firmware-amd-misc all 20260319.git217ca6e4-0ubuntu1.1 [584 kB]
Get:755 http://archive.ubuntu.com/ubuntu resolute-updates/main amd64 linux-firmware-broadcom-wireless all 20260319.git217ca6e4-0ubuntu1.1 [11.2 MB]
Get:756 http://archive.ubuntu.com/ubuntu resolute-updates/main amd64 linux-firmware-intel-graphics all 20260319.git217ca6e4-0ubuntu2.1 [22.0 MB]
Get:757 http://archive.ubuntu.com/ubuntu resolute-updates/main amd64 linux-firmware-intel-misc all 20260319.git217ca6e4-0ubuntu1.2 [10.1 MB]
Get:758 http://archive.ubuntu.com/ubuntu resolute-updates/main amd64 linux-firmware-intel-wireless all 20260319.git217ca6e4-0ubuntu2.1 [102 MB]
Get:759 http://archive.ubuntu.com/ubuntu resolute-updates/main amd64 linux-firmware-marvell-prestera all 20260319.git217ca6e4-0ubuntu1.2 [32.9 MB]
Get:760 http://archive.ubuntu.com/ubuntu resolute-updates/main amd64 linux-firmware-marvell-wireless all 20260319.git217ca6e4-0ubuntu1.1 [7434 kB]
Get:761 http://archive.ubuntu.com/ubuntu resolute-updates/main amd64 linux-firmware-mediatek all 20260319.git217ca6e4-0ubuntu1.2 [27.9 MB]
Get:762 http://archive.ubuntu.com/ubuntu resolute-updates/main amd64 linux-firmware-mellanox-spectrum all 20260319.git217ca6e4-0ubuntu1.1 [61.9 MB]
Get:763 http://archive.ubuntu.com/ubuntu resolute-updates/main amd64 linux-firmware-misc all 20260319.git217ca6e4-0ubuntu2.2 [31.9 MB]
Get:764 http://archive.ubuntu.com/ubuntu resolute-updates/main amd64 linux-firmware-netronome all 20260319.git217ca6e4-0ubuntu1.1 [5765 kB]
Get:765 http://archive.ubuntu.com/ubuntu resolute-updates/main amd64 linux-firmware-nvidia-graphics all 20260319.git217ca6e4-0ubuntu1.1 [109 MB]
Get:766 http://archive.ubuntu.com/ubuntu resolute-updates/main amd64 linux-firmware-qlogic all 20260319.git217ca6e4-0ubuntu1.1 [7178 kB]
Get:767 http://archive.ubuntu.com/ubuntu resolute-updates/main amd64 linux-firmware-qualcomm-graphics all 20260319.git217ca6e4-0ubuntu1.1 [11.0 MB]
Get:768 http://archive.ubuntu.com/ubuntu resolute-updates/main amd64 linux-firmware-qualcomm-misc all 20260319.git217ca6e4-0ubuntu2.1 [167 MB]
Get:769 http://archive.ubuntu.com/ubuntu resolute-updates/main amd64 linux-firmware-qualcomm-wireless all 20260319.git217ca6e4-0ubuntu1.2 [48.9 MB]
Get:770 http://archive.ubuntu.com/ubuntu resolute-updates/main amd64 linux-firmware-realtek all 20260319.git217ca6e4-0ubuntu1.2 [7301 kB]
Get:771 http://archive.ubuntu.com/ubuntu resolute/main amd64 linux-firmware all 20260319.git217ca6e4.1ubuntu [2216 B]
Get:772 http://archive.ubuntu.com/ubuntu resolute-updates/main amd64 linux-main-modules-zfs-7.0.0-30-generic amd64 7.0.0-30.30 [2419 kB]
Get:773 http://archive.ubuntu.com/ubuntu resolute/main amd64 wireless-regdb all 2026.02.04-0ubuntu1 [6956 B]
Get:774 http://archive.ubuntu.com/ubuntu resolute-updates/main amd64 linux-modules-7.0.0-30-generic amd64 7.0.0-30.30 [169 MB]
Get:775 http://archive.ubuntu.com/ubuntu resolute-updates/main amd64 linux-image-7.0.0-30-generic amd64 7.0.0-30.30 [17.0 MB]
Get:776 http://archive.ubuntu.com/ubuntu resolute/main amd64 intel-microcode amd64 3.20260210.1ubuntu2 [13.5 MB]
Get:777 http://archive.ubuntu.com/ubuntu resolute/main amd64 amd64-microcode amd64 3.20251202.1ubuntu2 [458 kB]
Get:778 http://archive.ubuntu.com/ubuntu resolute-updates/main amd64 linux-image-generic amd64 7.0.0-30.30 [2464 B]
Get:779 http://archive.ubuntu.com/ubuntu resolute/main amd64 localechooser-data all 2.89ubuntu7 [167 kB]
Get:780 http://archive.ubuntu.com/ubuntu resolute/universe amd64 lzma amd64 25.00+dfsg-1 [64.5 kB]
Get:781 http://archive.ubuntu.com/ubuntu resolute/main amd64 network-manager amd64 1.54.3-2ubuntu3 [2457 kB]
Get:782 http://archive.ubuntu.com/ubuntu resolute-updates/main amd64 pipewire-bin amd64 1.6.2-1ubuntu1.1 [654 kB]
Get:783 http://archive.ubuntu.com/ubuntu resolute-updates/main amd64 pipewire amd64 1.6.2-1ubuntu1.1 [109 kB]
Get:784 http://archive.ubuntu.com/ubuntu resolute-updates/main amd64 pipewire-pulse amd64 1.6.2-1ubuntu1.1 [9540 B]
Get:785 http://archive.ubuntu.com/ubuntu resolute/universe amd64 qml6-module-org-kde-ksvg amd64 6.24.0-0ubuntu1 [48.7 kB]
Get:786 http://archive.ubuntu.com/ubuntu resolute/universe amd64 qml6-module-qt5compat-graphicaleffects amd64 6.10.2-1 [362 kB]
Get:787 http://archive.ubuntu.com/ubuntu resolute/universe amd64 qml6-module-qtquick-tooling amd64 6.10.2+dfsg-3 [23.2 kB]
Get:788 http://archive.ubuntu.com/ubuntu resolute-updates/universe amd64 plasma-desktoptheme amd64 6.6.6-0ubuntu0.1 [1974 kB]
Get:789 http://archive.ubuntu.com/ubuntu resolute/universe amd64 qml6-module-org-kde-coreaddons amd64 6.24.0-0ubuntu1 [31.8 kB]
Get:790 http://archive.ubuntu.com/ubuntu resolute/universe amd64 qml6-module-org-kde-sonnet amd64 6.24.0-0ubuntu1 [26.3 kB]
Get:791 http://archive.ubuntu.com/ubuntu resolute/universe amd64 qml6-module-org-kde-desktop amd64 6.24.0-0ubuntu1 [579 kB]
Get:792 http://archive.ubuntu.com/ubuntu resolute/universe amd64 qml6-module-org-kde-kitemmodels amd64 6.24.0-0ubuntu1 [33.2 kB]
Get:793 http://archive.ubuntu.com/ubuntu resolute/universe amd64 qml6-module-org-kde-kirigamiaddons-treeview amd64 1.11.0-2ubuntu2 [44.5 kB]
Get:794 http://archive.ubuntu.com/ubuntu resolute/universe amd64 qml6-module-org-kde-kirigamiaddons-delegates amd64 1.11.0-2ubuntu2 [68.1 kB]
Get:795 http://archive.ubuntu.com/ubuntu resolute/universe amd64 qml6-module-org-kde-kirigamiaddons-components amd64 1.11.0-2ubuntu2 [195 kB]
Get:796 http://archive.ubuntu.com/ubuntu resolute/universe amd64 qml6-module-org-kde-kquickcontrolsaddons amd64 6.24.0-0ubuntu1 [41.5 kB]
Get:797 http://archive.ubuntu.com/ubuntu resolute-updates/universe amd64 plasma-pa amd64 4:6.6.5-0ubuntu0.1 [465 kB]
Get:798 http://archive.ubuntu.com/ubuntu resolute/universe amd64 python3-pyside6.qtcore amd64 6.10.2-6ubuntu1 [1053 kB]
Get:799 http://archive.ubuntu.com/ubuntu resolute/universe amd64 python3-pyside6.qtdbus amd64 6.10.2-6ubuntu1 [105 kB]
Get:800 http://archive.ubuntu.com/ubuntu resolute/universe amd64 python3-pyside6.qtgui amd64 6.10.2-6ubuntu1 [1253 kB]
Get:801 http://archive.ubuntu.com/ubuntu resolute/universe amd64 python3-pyside6.qtnetwork amd64 6.10.2-6ubuntu1 [331 kB]
Get:802 http://archive.ubuntu.com/ubuntu resolute/universe amd64 python3-pyside6.qtwidgets amd64 6.10.2-6ubuntu1 [1446 kB]
Get:803 http://archive.ubuntu.com/ubuntu resolute/universe amd64 python3-pyside6.qtopengl amd64 6.10.2-6ubuntu1 [1589 kB]
Get:804 http://archive.ubuntu.com/ubuntu resolute/universe amd64 python3-pyside6.qtqml amd64 6.10.2-6ubuntu1 [165 kB]
Get:805 http://archive.ubuntu.com/ubuntu resolute/universe amd64 python3-pyside6.qtquick amd64 6.10.2-6ubuntu1 [250 kB]
Get:806 http://archive.ubuntu.com/ubuntu resolute/universe amd64 python3-pyside6.qtsvg amd64 6.10.2-6ubuntu1 [43.7 kB]
Get:807 http://archive.ubuntu.com/ubuntu resolute/universe amd64 qml6-module-org-kde-iconthemes amd64 6.24.0-0ubuntu2 [15.0 kB]
Get:808 http://archive.ubuntu.com/ubuntu resolute/universe amd64 qml6-module-org-kde-networkmanager amd64 6.24.0-0ubuntu1 [9712 B]
Get:809 http://archive.ubuntu.com/ubuntu resolute/universe amd64 qml6-module-org-kde-quickcharts amd64 6.24.0-0ubuntu1 [17.4 kB]
Get:810 http://archive.ubuntu.com/ubuntu resolute/universe amd64 qt-style-kvantum-themes all 1.1.5-1 [308 kB]
Get:811 http://archive.ubuntu.com/ubuntu resolute/universe amd64 qt-style-kvantum amd64 1.1.5-1 [949 kB]
Get:812 http://archive.ubuntu.com/ubuntu resolute/universe amd64 qt6-style-kvantum all 1.1.5-1 [1728 B]
Get:813 http://archive.ubuntu.com/ubuntu resolute/universe amd64 qt6-wayland amd64 6.10.2-4 [106 kB]
Get:814 http://archive.ubuntu.com/ubuntu resolute/main amd64 wireplumber amd64 0.5.13-1ubuntu1 [107 kB]
Get:815 http://archive.ubuntu.com/ubuntu resolute/main amd64 xdg-desktop-portal amd64 1.21.1+ds-1ubuntu3 [366 kB]
Get:816 http://archive.ubuntu.com/ubuntu resolute-updates/universe amd64 xdg-desktop-portal-kde amd64 6.6.6-0ubuntu0.1 [647 kB]
Get:817 http://archive.ubuntu.com/ubuntu resolute/main amd64 user-setup all 1.107ubuntu2 [120 kB]
Get:818 http://archive.ubuntu.com/ubuntu resolute/main amd64 casper amd64 26.04.2 [51.1 kB]
Get:819 http://archive.ubuntu.com/ubuntu resolute/universe amd64 kde-cli-tools-data all 4:6.6.4-0ubuntu1 [708 kB]
Get:820 http://archive.ubuntu.com/ubuntu resolute/universe amd64 kde-cli-tools amd64 4:6.6.4-0ubuntu1 [177 kB]
Get:821 http://archive.ubuntu.com/ubuntu resolute-updates/universe amd64 kscreen amd64 4:6.6.5-0ubuntu0.1 [1931 kB]
Get:822 http://archive.ubuntu.com/ubuntu resolute-updates/universe amd64 libpowerdevilcore2 amd64 4:6.6.6-0ubuntu0.1 [249 kB]
Get:823 http://archive.ubuntu.com/ubuntu resolute/main amd64 mobile-broadband-provider-info all 20251101-1build1 [65.9 kB]
Get:824 http://archive.ubuntu.com/ubuntu resolute-updates/universe amd64 plasma-nm amd64 4:6.6.6-0ubuntu0.1 [2057 kB]
Get:825 http://archive.ubuntu.com/ubuntu resolute-updates/universe amd64 powerdevil-data all 4:6.6.6-0ubuntu0.1 [841 kB]
Get:826 http://archive.ubuntu.com/ubuntu resolute-updates/universe amd64 powerdevil amd64 4:6.6.6-0ubuntu0.1 [546 kB]
Preconfiguring packages ...
debconf: Unknown template field 'help', in stanza #4 of /var/cache/debconf/tmp.ci/localechooser-data.template.bSUsTK

debconf: Unknown template field 'help', in stanza #28 of /var/cache/debconf/tmp.ci/localechooser-data.template.bSUsTK

debconf: Unknown template field 'help', in stanza #31 of /var/cache/debconf/tmp.ci/localechooser-data.template.bSUsTK

Fetched 1327 MB in 1min 30s (14.7 MB/s)
E: Can not write log (Is /dev/pts mounted?) - posix_openpt (19: No such device)
(Reading database ... 7722 files and directories currently installed.)
Preparing to unpack .../libc-gconv-modules-extra_2.43-2ubuntu2.3_amd64.deb ...
Unpacking libc-gconv-modules-extra:amd64 (2.43-2ubuntu2.3) over (2.43-2ubuntu2) ...
Setting up libc-gconv-modules-extra:amd64 (2.43-2ubuntu2.3) ...
(Reading database ... 7722 files and directories currently installed.)
Preparing to unpack .../libc6_2.43-2ubuntu2.3_amd64.deb ...
Unpacking libc6:amd64 (2.43-2ubuntu2.3) over (2.43-2ubuntu2) ...
Setting up libc6:amd64 (2.43-2ubuntu2.3) ...
(Reading database ... 7722 files and directories currently installed.)
Preparing to unpack .../libblkid1_2.41.3-3ubuntu2.2_amd64.deb ...
Unpacking libblkid1:amd64 (2.41.3-3ubuntu2.2) over (2.41.3-3ubuntu2) ...
Setting up libblkid1:amd64 (2.41.3-3ubuntu2.2) ...
(Reading database ... 7722 files and directories currently installed.)
Preparing to unpack .../libmount1_2.41.3-3ubuntu2.2_amd64.deb ...
Unpacking libmount1:amd64 (2.41.3-3ubuntu2.2) over (2.41.3-3ubuntu2) ...
Setting up libmount1:amd64 (2.41.3-3ubuntu2.2) ...
(Reading database ... 7722 files and directories currently installed.)
Preparing to unpack .../libsmartcols1_2.41.3-3ubuntu2.2_amd64.deb ...
Unpacking libsmartcols1:amd64 (2.41.3-3ubuntu2.2) over (2.41.3-3ubuntu2) ...
Setting up libsmartcols1:amd64 (2.41.3-3ubuntu2.2) ...
(Reading database ... 7722 files and directories currently installed.)
Preparing to unpack .../mount_2.41.3-3ubuntu2.2_amd64.deb ...
Unpacking mount (2.41.3-3ubuntu2.2) over (2.41.3-3ubuntu2) ...
Preparing to unpack .../libuuid1_2.41.3-3ubuntu2.2_amd64.deb ...
Unpacking libuuid1:amd64 (2.41.3-3ubuntu2.2) over (2.41.3-3ubuntu2) ...
Setting up libuuid1:amd64 (2.41.3-3ubuntu2.2) ...
(Reading database ... 7722 files and directories currently installed.)
Preparing to unpack .../util-linux_2.41.3-3ubuntu2.2_amd64.deb ...
Unpacking util-linux (2.41.3-3ubuntu2.2) over (2.41.3-3ubuntu2) ...
Setting up util-linux (2.41.3-3ubuntu2.2) ...
(Reading database ... 7722 files and directories currently installed.)
Preparing to unpack .../libc-bin_2.43-2ubuntu2.3_amd64.deb ...
Unpacking libc-bin (2.43-2ubuntu2.3) over (2.43-2ubuntu2) ...
Setting up libc-bin (2.43-2ubuntu2.3) ...
(Reading database ... 7722 files and directories currently installed.)
Preparing to unpack .../login_1%3a4.16.0-2+really2.41.3-3ubuntu2.2_amd64.deb ...
Unpacking login (1:4.16.0-2+really2.41.3-3ubuntu2.2) over (1:4.16.0-2+really2.41.3-3ubuntu2) ...
Preparing to unpack .../zlib1g_1%3a1.3.dfsg+really1.3.1-1ubuntu3.1_amd64.deb ...
Unpacking zlib1g:amd64 (1:1.3.dfsg+really1.3.1-1ubuntu3.1) over (1:1.3.dfsg+really1.3.1-1ubuntu3) ...
Setting up zlib1g:amd64 (1:1.3.dfsg+really1.3.1-1ubuntu3.1) ...
Selecting previously unselected package libelf1t64:amd64.
(Reading database ... 7722 files and directories currently installed.)
Preparing to unpack .../0-libelf1t64_0.194-4_amd64.deb ...
Unpacking libelf1t64:amd64 (0.194-4) ...
Selecting previously unselected package libbpf1:amd64.
Preparing to unpack .../1-libbpf1_1%3a1.6.3-1ubuntu1_amd64.deb ...
Unpacking libbpf1:amd64 (1:1.6.3-1ubuntu1) ...
Selecting previously unselected package libcap2:amd64.
Preparing to unpack .../2-libcap2_1%3a2.75-10ubuntu2_amd64.deb ...
Unpacking libcap2:amd64 (1:2.75-10ubuntu2) ...
Selecting previously unselected package libmnl0:amd64.
Preparing to unpack .../3-libmnl0_1.0.5-3build1_amd64.deb ...
Unpacking libmnl0:amd64 (1.0.5-3build1) ...
Selecting previously unselected package libkrb5support0:amd64.
Preparing to unpack .../4-libkrb5support0_1.22.1-2ubuntu4.1_amd64.deb ...
Unpacking libkrb5support0:amd64 (1.22.1-2ubuntu4.1) ...
Selecting previously unselected package libk5crypto3:amd64.
Preparing to unpack .../5-libk5crypto3_1.22.1-2ubuntu4.1_amd64.deb ...
Unpacking libk5crypto3:amd64 (1.22.1-2ubuntu4.1) ...
Selecting previously unselected package libkeyutils1:amd64.
Preparing to unpack .../6-libkeyutils1_1.6.3-6ubuntu3_amd64.deb ...
Unpacking libkeyutils1:amd64 (1.6.3-6ubuntu3) ...
Preparing to unpack .../7-openssl-provider-legacy_3.5.5-1ubuntu3.5_amd64.deb ...
Unpacking openssl-provider-legacy (3.5.5-1ubuntu3.5) over (3.5.5-1ubuntu3) ...
Setting up openssl-provider-legacy (3.5.5-1ubuntu3.5) ...
(Reading database ... 7762 files and directories currently installed.)
Preparing to unpack .../libssl3t64_3.5.5-1ubuntu3.5_amd64.deb ...
Unpacking libssl3t64:amd64 (3.5.5-1ubuntu3.5) over (3.5.5-1ubuntu3) ...
Setting up libssl3t64:amd64 (3.5.5-1ubuntu3.5) ...
Selecting previously unselected package libkrb5-3:amd64.
(Reading database ... 7762 files and directories currently installed.)
Preparing to unpack .../00-libkrb5-3_1.22.1-2ubuntu4.1_amd64.deb ...
Unpacking libkrb5-3:amd64 (1.22.1-2ubuntu4.1) ...
Selecting previously unselected package libgssapi-krb5-2:amd64.
Preparing to unpack .../01-libgssapi-krb5-2_1.22.1-2ubuntu4.1_amd64.deb ...
Unpacking libgssapi-krb5-2:amd64 (1.22.1-2ubuntu4.1) ...
Selecting previously unselected package libtirpc-common.
Preparing to unpack .../02-libtirpc-common_1.3.7-0.1_all.deb ...
Unpacking libtirpc-common (1.3.7-0.1) ...
Selecting previously unselected package libtirpc3t64:amd64.
Preparing to unpack .../03-libtirpc3t64_1.3.7-0.1_amd64.deb ...
Adding 'diversion of /lib/x86_64-linux-gnu/libtirpc.so.3 to /lib/x86_64-linux-gnu/libtirpc.so.3.usr-is-merged by libtirpc3t64'
Adding 'diversion of /lib/x86_64-linux-gnu/libtirpc.so.3.0.0 to /lib/x86_64-linux-gnu/libtirpc.so.3.0.0.usr-is-merged by libtirpc3t64'
Unpacking libtirpc3t64:amd64 (1.3.7-0.1) ...
Selecting previously unselected package libxtables12:amd64.
Preparing to unpack .../04-libxtables12_1.8.11-2ubuntu3_amd64.deb ...
Unpacking libxtables12:amd64 (1.8.11-2ubuntu3) ...
Selecting previously unselected package libcap2-bin.
Preparing to unpack .../05-libcap2-bin_1%3a2.75-10ubuntu2_amd64.deb ...
Unpacking libcap2-bin (1:2.75-10ubuntu2) ...
Selecting previously unselected package iproute2.
Preparing to unpack .../06-iproute2_6.19.0-1ubuntu1.1_amd64.deb ...
Unpacking iproute2 (6.19.0-1ubuntu1.1) ...
Selecting previously unselected package tzdata.
Preparing to unpack .../07-tzdata_2026c-0ubuntu0.26.04.1_all.deb ...
Unpacking tzdata (2026c-0ubuntu0.26.04.1) ...
Selecting previously unselected package libtext-charwidth-perl:amd64.
Preparing to unpack .../08-libtext-charwidth-perl_0.04-11build4_amd64.deb ...
Unpacking libtext-charwidth-perl:amd64 (0.04-11build4) ...
Selecting previously unselected package libtext-wrapi18n-perl.
Preparing to unpack .../09-libtext-wrapi18n-perl_0.06-10_all.deb ...
Unpacking libtext-wrapi18n-perl (0.06-10) ...
Selecting previously unselected package ucf.
Preparing to unpack .../10-ucf_3.0052ubuntu1_all.deb ...
Moving old data out of the way
Unpacking ucf (3.0052ubuntu1) ...
Selecting previously unselected package libsystemd-shared:amd64.
Preparing to unpack .../11-libsystemd-shared_259.5-0ubuntu3.4_amd64.deb ...
Unpacking libsystemd-shared:amd64 (259.5-0ubuntu3.4) ...
Preparing to unpack .../12-libsystemd0_259.5-0ubuntu3.4_amd64.deb ...
Unpacking libsystemd0:amd64 (259.5-0ubuntu3.4) over (259.5-0ubuntu3) ...
Setting up libsystemd0:amd64 (259.5-0ubuntu3.4) ...
Setting up libsystemd-shared:amd64 (259.5-0ubuntu3.4) ...
Selecting previously unselected package systemd.
(Reading database ... 8580 files and directories currently installed.)
Preparing to unpack .../00-systemd_259.5-0ubuntu3.4_amd64.deb ...
Unpacking systemd (259.5-0ubuntu3.4) ...
Selecting previously unselected package libedit2:amd64.
Preparing to unpack .../01-libedit2_3.1-20251016-1_amd64.deb ...
Unpacking libedit2:amd64 (3.1-20251016-1) ...
Selecting previously unselected package libnettle8t64:amd64.
Preparing to unpack .../02-libnettle8t64_3.10.2-1_amd64.deb ...
Unpacking libnettle8t64:amd64 (3.10.2-1) ...
Selecting previously unselected package libhogweed6t64:amd64.
Preparing to unpack .../03-libhogweed6t64_3.10.2-1_amd64.deb ...
Unpacking libhogweed6t64:amd64 (3.10.2-1) ...
Selecting previously unselected package libunistring5:amd64.
Preparing to unpack .../04-libunistring5_1.3-2build1_amd64.deb ...
Unpacking libunistring5:amd64 (1.3-2build1) ...
Selecting previously unselected package libidn2-0:amd64.
Preparing to unpack .../05-libidn2-0_2.3.8-4build1_amd64.deb ...
Unpacking libidn2-0:amd64 (2.3.8-4build1) ...
Selecting previously unselected package libffi8:amd64.
Preparing to unpack .../06-libffi8_3.5.2-4_amd64.deb ...
Unpacking libffi8:amd64 (3.5.2-4) ...
Selecting previously unselected package libp11-kit0:amd64.
Preparing to unpack .../07-libp11-kit0_0.26.2-2_amd64.deb ...
Unpacking libp11-kit0:amd64 (0.26.2-2) ...
Selecting previously unselected package libtasn1-6:amd64.
Preparing to unpack .../08-libtasn1-6_4.21.0-2_amd64.deb ...
Unpacking libtasn1-6:amd64 (4.21.0-2) ...
Selecting previously unselected package libgnutls30t64:amd64.
Preparing to unpack .../09-libgnutls30t64_3.8.12-2ubuntu1.1_amd64.deb ...
Unpacking libgnutls30t64:amd64 (3.8.12-2ubuntu1.1) ...
Selecting previously unselected package chrony.
Preparing to unpack .../10-chrony_4.8-2ubuntu1_amd64.deb ...
Unpacking chrony (4.8-2ubuntu1) ...
Selecting previously unselected package kbd.
Preparing to unpack .../11-kbd_2.7.1-2ubuntu2_amd64.deb ...
Unpacking kbd (2.7.1-2ubuntu2) ...
Selecting previously unselected package liblocale-gettext-perl.
Preparing to unpack .../12-liblocale-gettext-perl_1.07-8_amd64.deb ...
Unpacking liblocale-gettext-perl (1.07-8) ...
Selecting previously unselected package xkb-data.
Preparing to unpack .../13-xkb-data_2.46-2_all.deb ...
Unpacking xkb-data (2.46-2) ...
Selecting previously unselected package keyboard-configuration.
Preparing to unpack .../14-keyboard-configuration_1.237ubuntu3.1_all.deb ...
Unpacking keyboard-configuration (1.237ubuntu3.1) ...
Selecting previously unselected package console-setup-linux.
Preparing to unpack .../15-console-setup-linux_1.237ubuntu3.1_all.deb ...
Unpacking console-setup-linux (1.237ubuntu3.1) ...
Selecting previously unselected package console-setup.
Preparing to unpack .../16-console-setup_1.237ubuntu3.1_all.deb ...
Unpacking console-setup (1.237ubuntu3.1) ...
Setting up mount (2.41.3-3ubuntu2.2) ...
Setting up systemd (259.5-0ubuntu3.4) ...
Created symlink '/etc/systemd/system/getty.target.wants/getty@tty1.service' → '/usr/lib/systemd/system/getty@.service'.
Created symlink '/etc/systemd/system/multi-user.target.wants/remote-fs.target' → '/usr/lib/systemd/system/remote-fs.target'.
Created symlink '/etc/systemd/system/sysinit.target.wants/systemd-pstore.service' → '/usr/lib/systemd/system/systemd-pstore.service'.
Initializing machine ID from random generator.
Creating group 'systemd-journal' with GID 999.
Creating group 'systemd-network' with GID 998.
Creating user 'systemd-network' (systemd Network Management) with UID 998 and GID 998.
Selecting previously unselected package systemd-sysv.
(Reading database ... 10996 files and directories currently installed.)
Preparing to unpack .../systemd-sysv_259.5-0ubuntu3.4_amd64.deb ...
Unpacking systemd-sysv (259.5-0ubuntu3.4) ...
Setting up systemd-sysv (259.5-0ubuntu3.4) ...
Selecting previously unselected package init.
(Reading database ... 11011 files and directories currently installed.)
Preparing to unpack .../archives/init_1.69_amd64.deb ...
Unpacking init (1.69) ...
Selecting previously unselected package libexpat1:amd64.
Preparing to unpack .../libexpat1_2.7.4-1_amd64.deb ...
Unpacking libexpat1:amd64 (2.7.4-1) ...
Selecting previously unselected package libpython3.14-minimal:amd64.
Preparing to unpack .../libpython3.14-minimal_3.14.4-1ubuntu0.1_amd64.deb ...
Unpacking libpython3.14-minimal:amd64 (3.14.4-1ubuntu0.1) ...
Selecting previously unselected package python3.14-minimal.
Preparing to unpack .../python3.14-minimal_3.14.4-1ubuntu0.1_amd64.deb ...
Unpacking python3.14-minimal (3.14.4-1ubuntu0.1) ...
Setting up libpython3.14-minimal:amd64 (3.14.4-1ubuntu0.1) ...
Setting up libexpat1:amd64 (2.7.4-1) ...
Setting up python3.14-minimal (3.14.4-1ubuntu0.1) ...
Selecting previously unselected package python3-minimal.
(Reading database ... 11368 files and directories currently installed.)
Preparing to unpack .../0-python3-minimal_3.14.3-0ubuntu2_amd64.deb ...
Unpacking python3-minimal (3.14.3-0ubuntu2) ...
Selecting previously unselected package media-types.
Preparing to unpack .../1-media-types_14.0.0build1_all.deb ...
Unpacking media-types (14.0.0build1) ...
Selecting previously unselected package netbase.
Preparing to unpack .../2-netbase_6.5build1_all.deb ...
Unpacking netbase (6.5build1) ...
Selecting previously unselected package readline-common.
Preparing to unpack .../3-readline-common_8.3-4_all.deb ...
Unpacking readline-common (8.3-4) ...
Selecting previously unselected package libreadline8t64:amd64.
Preparing to unpack .../4-libreadline8t64_8.3-4_amd64.deb ...
Adding 'diversion of /lib/x86_64-linux-gnu/libhistory.so.8 to /lib/x86_64-linux-gnu/libhistory.so.8.usr-is-merged by libreadline8t64'
Adding 'diversion of /lib/x86_64-linux-gnu/libhistory.so.8.2 to /lib/x86_64-linux-gnu/libhistory.so.8.2.usr-is-merged by libreadline8t64'
Adding 'diversion of /lib/x86_64-linux-gnu/libreadline.so.8 to /lib/x86_64-linux-gnu/libreadline.so.8.usr-is-merged by libreadline8t64'
Adding 'diversion of /lib/x86_64-linux-gnu/libreadline.so.8.2 to /lib/x86_64-linux-gnu/libreadline.so.8.2.usr-is-merged by libreadline8t64'
Unpacking libreadline8t64:amd64 (8.3-4) ...
Selecting previously unselected package libsqlite3-0:amd64.
Preparing to unpack .../5-libsqlite3-0_3.46.1-9ubuntu0.2_amd64.deb ...
Unpacking libsqlite3-0:amd64 (3.46.1-9ubuntu0.2) ...
Selecting previously unselected package libpython3.14-stdlib:amd64.
Preparing to unpack .../6-libpython3.14-stdlib_3.14.4-1ubuntu0.1_amd64.deb ...
Unpacking libpython3.14-stdlib:amd64 (3.14.4-1ubuntu0.1) ...
Selecting previously unselected package python3.14.
Preparing to unpack .../7-python3.14_3.14.4-1ubuntu0.1_amd64.deb ...
Unpacking python3.14 (3.14.4-1ubuntu0.1) ...
Selecting previously unselected package libpython3-stdlib:amd64.
Preparing to unpack .../8-libpython3-stdlib_3.14.3-0ubuntu2_amd64.deb ...
Unpacking libpython3-stdlib:amd64 (3.14.3-0ubuntu2) ...
Setting up python3-minimal (3.14.3-0ubuntu2) ...
Selecting previously unselected package python3.
(Reading database ... 11878 files and directories currently installed.)
Preparing to unpack .../python3_3.14.3-0ubuntu2_amd64.deb ...
Unpacking python3 (3.14.3-0ubuntu2) ...
Selecting previously unselected package sudo-common.
Preparing to unpack .../sudo-common_1.2ubuntu_all.deb ...
Unpacking sudo-common (1.2ubuntu) ...
Selecting previously unselected package libapparmor1:amd64.
Preparing to unpack .../libapparmor1_5.0.2-0ubuntu1~26.04.1_amd64.deb ...
Unpacking libapparmor1:amd64 (5.0.2-0ubuntu1~26.04.1) ...
Setting up sudo-common (1.2ubuntu) ...
Selecting previously unselected package sudo.
(Reading database ... 11919 files and directories currently installed.)
Preparing to unpack .../sudo_1.9.17p2-1ubuntu3_amd64.deb ...
Unpacking sudo (1.9.17p2-1ubuntu3) ...
Selecting previously unselected package adduser.
Preparing to unpack .../adduser_3.153ubuntu1_all.deb ...
Unpacking adduser (3.153ubuntu1) ...
Setting up adduser (3.153ubuntu1) ...
Selecting previously unselected package uuid-runtime.
(Reading database ... 12065 files and directories currently installed.)
Preparing to unpack .../00-uuid-runtime_2.41.3-3ubuntu2.2_amd64.deb ...
Unpacking uuid-runtime (2.41.3-3ubuntu2.2) ...
Selecting previously unselected package psmisc.
Preparing to unpack .../01-psmisc_23.7-2ubuntu2_amd64.deb ...
Unpacking psmisc (23.7-2ubuntu2) ...
Selecting previously unselected package libkf6config-data.
Preparing to unpack .../02-libkf6config-data_6.24.0-0ubuntu1_all.deb ...
Unpacking libkf6config-data (6.24.0-0ubuntu1) ...
Selecting previously unselected package libatomic1:amd64.
Preparing to unpack .../03-libatomic1_16-20260322-1ubuntu1_amd64.deb ...
Unpacking libatomic1:amd64 (16-20260322-1ubuntu1) ...
Selecting previously unselected package libglib2.0-0t64:amd64.
Preparing to unpack .../04-libglib2.0-0t64_2.88.0-1_amd64.deb ...
Unpacking libglib2.0-0t64:amd64 (2.88.0-1) ...
Selecting previously unselected package libxml2-16:amd64.
Preparing to unpack .../05-libxml2-16_2.15.2+dfsg-0.1ubuntu0.1_amd64.deb ...
Unpacking libxml2-16:amd64 (2.15.2+dfsg-0.1ubuntu0.1) ...
Selecting previously unselected package shared-mime-info.
Preparing to unpack .../06-shared-mime-info_2.4-5build3_amd64.deb ...
Unpacking shared-mime-info (2.4-5build3) ...
Selecting previously unselected package libgomp1:amd64.
Preparing to unpack .../07-libgomp1_16-20260322-1ubuntu1_amd64.deb ...
Unpacking libgomp1:amd64 (16-20260322-1ubuntu1) ...
Selecting previously unselected package libb2-1:amd64.
Preparing to unpack .../08-libb2-1_0.98.1-1.1build2_amd64.deb ...
Unpacking libb2-1:amd64 (0.98.1-1.1build2) ...
Selecting previously unselected package libdouble-conversion3:amd64.
Preparing to unpack .../09-libdouble-conversion3_3.4.0-1_amd64.deb ...
Unpacking libdouble-conversion3:amd64 (3.4.0-1) ...
Selecting previously unselected package libicu78:amd64.
Preparing to unpack .../10-libicu78_78.2-2ubuntu1_amd64.deb ...
Unpacking libicu78:amd64 (78.2-2ubuntu1) ...
Selecting previously unselected package libpcre2-16-0:amd64.
Preparing to unpack .../11-libpcre2-16-0_10.46-1build1_amd64.deb ...
Unpacking libpcre2-16-0:amd64 (10.46-1build1) ...
Selecting previously unselected package libqt6core6t64:amd64.
Preparing to unpack .../12-libqt6core6t64_6.10.2+dfsg-7_amd64.deb ...
Unpacking libqt6core6t64:amd64 (6.10.2+dfsg-7) ...
Selecting previously unselected package libdbus-1-3:amd64.
Preparing to unpack .../13-libdbus-1-3_1.16.2-2ubuntu4_amd64.deb ...
Unpacking libdbus-1-3:amd64 (1.16.2-2ubuntu4) ...
Selecting previously unselected package libqt6dbus6:amd64.
Preparing to unpack .../14-libqt6dbus6_6.10.2+dfsg-7_amd64.deb ...
Unpacking libqt6dbus6:amd64 (6.10.2+dfsg-7) ...
Selecting previously unselected package libkf6configcore6:amd64.
Preparing to unpack .../15-libkf6configcore6_6.24.0-0ubuntu1_amd64.deb ...
Unpacking libkf6configcore6:amd64 (6.24.0-0ubuntu1) ...
Selecting previously unselected package libkf6coreaddons-data.
Preparing to unpack .../16-libkf6coreaddons-data_6.24.0-0ubuntu1_all.deb ...
Unpacking libkf6coreaddons-data (6.24.0-0ubuntu1) ...
Preparing to unpack .../17-libudev1_259.5-0ubuntu3.4_amd64.deb ...
Unpacking libudev1:amd64 (259.5-0ubuntu3.4) over (259.5-0ubuntu3) ...
Setting up libudev1:amd64 (259.5-0ubuntu3.4) ...
Selecting previously unselected package libkf6coreaddons6:amd64.
(Reading database ... 12609 files and directories currently installed.)
Preparing to unpack .../000-libkf6coreaddons6_6.24.0-0ubuntu1_amd64.deb ...
Unpacking libkf6coreaddons6:amd64 (6.24.0-0ubuntu1) ...
Selecting previously unselected package libbrotli1:amd64.
Preparing to unpack .../001-libbrotli1_1.2.0-3build1_amd64.deb ...
Unpacking libbrotli1:amd64 (1.2.0-3build1) ...
Selecting previously unselected package libpng16-16t64:amd64.
Preparing to unpack .../002-libpng16-16t64_1.6.57-1_amd64.deb ...
Unpacking libpng16-16t64:amd64 (1.6.57-1) ...
Selecting previously unselected package libfreetype6:amd64.
Preparing to unpack .../003-libfreetype6_2.14.2+dfsg-1ubuntu0.1_amd64.deb ...
Unpacking libfreetype6:amd64 (2.14.2+dfsg-1ubuntu0.1) ...
Selecting previously unselected package fonts-dejavu-mono.
Preparing to unpack .../004-fonts-dejavu-mono_2.37-8build1_all.deb ...
Unpacking fonts-dejavu-mono (2.37-8build1) ...
Selecting previously unselected package fonts-dejavu-core.
Preparing to unpack .../005-fonts-dejavu-core_2.37-8build1_all.deb ...
Unpacking fonts-dejavu-core (2.37-8build1) ...
Selecting previously unselected package fontconfig-config.
Preparing to unpack .../006-fontconfig-config_2.17.1-3ubuntu1_amd64.deb ...
Unpacking fontconfig-config (2.17.1-3ubuntu1) ...
Selecting previously unselected package libfontconfig1:amd64.
Preparing to unpack .../007-libfontconfig1_2.17.1-3ubuntu1_amd64.deb ...
Unpacking libfontconfig1:amd64 (2.17.1-3ubuntu1) ...
Selecting previously unselected package fontconfig.
Preparing to unpack .../008-fontconfig_2.17.1-3ubuntu1_amd64.deb ...
Unpacking fontconfig (2.17.1-3ubuntu1) ...
Selecting previously unselected package libdrm-common.
Preparing to unpack .../009-libdrm-common_2.4.131-1_all.deb ...
Unpacking libdrm-common (2.4.131-1) ...
Selecting previously unselected package libdrm2:amd64.
Preparing to unpack .../010-libdrm2_2.4.131-1_amd64.deb ...
Unpacking libdrm2:amd64 (2.4.131-1) ...
Selecting previously unselected package libglvnd0:amd64.
Preparing to unpack .../011-libglvnd0_1.7.0-3_amd64.deb ...
Unpacking libglvnd0:amd64 (1.7.0-3) ...
Selecting previously unselected package libdrm-amdgpu1:amd64.
Preparing to unpack .../012-libdrm-amdgpu1_2.4.131-1_amd64.deb ...
Unpacking libdrm-amdgpu1:amd64 (2.4.131-1) ...
Selecting previously unselected package libpciaccess0:amd64.
Preparing to unpack .../013-libpciaccess0_0.18.1-1ubuntu4.1_amd64.deb ...
Unpacking libpciaccess0:amd64 (0.18.1-1ubuntu4.1) ...
Selecting previously unselected package libdrm-intel1:amd64.
Preparing to unpack .../014-libdrm-intel1_2.4.131-1_amd64.deb ...
Unpacking libdrm-intel1:amd64 (2.4.131-1) ...
Selecting previously unselected package libllvm21:amd64.
Preparing to unpack .../015-libllvm21_1%3a21.1.8-6ubuntu1_amd64.deb ...
Unpacking libllvm21:amd64 (1:21.1.8-6ubuntu1) ...
Selecting previously unselected package libsensors-config.
Preparing to unpack .../016-libsensors-config_1%3a3.6.2-2build1_all.deb ...
Unpacking libsensors-config (1:3.6.2-2build1) ...
Selecting previously unselected package libsensors5:amd64.
Preparing to unpack .../017-libsensors5_1%3a3.6.2-2build1_amd64.deb ...
Unpacking libsensors5:amd64 (1:3.6.2-2build1) ...
Selecting previously unselected package libxau6:amd64.
Preparing to unpack .../018-libxau6_1%3a1.0.11-1build2_amd64.deb ...
Unpacking libxau6:amd64 (1:1.0.11-1build2) ...
Selecting previously unselected package libxdmcp6:amd64.
Preparing to unpack .../019-libxdmcp6_1%3a1.1.5-2_amd64.deb ...
Unpacking libxdmcp6:amd64 (1:1.1.5-2) ...
Selecting previously unselected package libxcb1:amd64.
Preparing to unpack .../020-libxcb1_1.17.0-2ubuntu1_amd64.deb ...
Unpacking libxcb1:amd64 (1.17.0-2ubuntu1) ...
Selecting previously unselected package libx11-data.
Preparing to unpack .../021-libx11-data_2%3a1.8.13-1_all.deb ...
Unpacking libx11-data (2:1.8.13-1) ...
Selecting previously unselected package libx11-6:amd64.
Preparing to unpack .../022-libx11-6_2%3a1.8.13-1_amd64.deb ...
Unpacking libx11-6:amd64 (2:1.8.13-1) ...
Selecting previously unselected package libx11-xcb1:amd64.
Preparing to unpack .../023-libx11-xcb1_2%3a1.8.13-1_amd64.deb ...
Unpacking libx11-xcb1:amd64 (2:1.8.13-1) ...
Selecting previously unselected package libxcb-dri3-0:amd64.
Preparing to unpack .../024-libxcb-dri3-0_1.17.0-2ubuntu1_amd64.deb ...
Unpacking libxcb-dri3-0:amd64 (1.17.0-2ubuntu1) ...
Selecting previously unselected package libxcb-present0:amd64.
Preparing to unpack .../025-libxcb-present0_1.17.0-2ubuntu1_amd64.deb ...
Unpacking libxcb-present0:amd64 (1.17.0-2ubuntu1) ...
Selecting previously unselected package libxcb-randr0:amd64.
Preparing to unpack .../026-libxcb-randr0_1.17.0-2ubuntu1_amd64.deb ...
Unpacking libxcb-randr0:amd64 (1.17.0-2ubuntu1) ...
Selecting previously unselected package libxcb-sync1:amd64.
Preparing to unpack .../027-libxcb-sync1_1.17.0-2ubuntu1_amd64.deb ...
Unpacking libxcb-sync1:amd64 (1.17.0-2ubuntu1) ...
Selecting previously unselected package libxcb-xfixes0:amd64.
Preparing to unpack .../028-libxcb-xfixes0_1.17.0-2ubuntu1_amd64.deb ...
Unpacking libxcb-xfixes0:amd64 (1.17.0-2ubuntu1) ...
Selecting previously unselected package libxshmfence1:amd64.
Preparing to unpack .../029-libxshmfence1_1.3.3-1build1_amd64.deb ...
Unpacking libxshmfence1:amd64 (1.3.3-1build1) ...
Selecting previously unselected package mesa-libgallium:amd64.
Preparing to unpack .../030-mesa-libgallium_26.0.8-1ubuntu0.3_amd64.deb ...
Unpacking mesa-libgallium:amd64 (26.0.8-1ubuntu0.3) ...
Selecting previously unselected package libgbm1:amd64.
Preparing to unpack .../031-libgbm1_26.0.8-1ubuntu0.3_amd64.deb ...
Unpacking libgbm1:amd64 (26.0.8-1ubuntu0.3) ...
Selecting previously unselected package libwayland-client0:amd64.
Preparing to unpack .../032-libwayland-client0_1.24.0-2_amd64.deb ...
Unpacking libwayland-client0:amd64 (1.24.0-2) ...
Selecting previously unselected package libxcb-shm0:amd64.
Preparing to unpack .../033-libxcb-shm0_1.17.0-2ubuntu1_amd64.deb ...
Unpacking libxcb-shm0:amd64 (1.17.0-2ubuntu1) ...
Selecting previously unselected package libegl-mesa0:amd64.
Preparing to unpack .../034-libegl-mesa0_26.0.8-1ubuntu0.3_amd64.deb ...
Unpacking libegl-mesa0:amd64 (26.0.8-1ubuntu0.3) ...
Selecting previously unselected package libegl1:amd64.
Preparing to unpack .../035-libegl1_1.7.0-3_amd64.deb ...
Unpacking libegl1:amd64 (1.7.0-3) ...
Selecting previously unselected package libvulkan1:amd64.
Preparing to unpack .../036-libvulkan1_1.4.341.0-1_amd64.deb ...
Unpacking libvulkan1:amd64 (1.4.341.0-1) ...
Selecting previously unselected package libgl1-mesa-dri:amd64.
Preparing to unpack .../037-libgl1-mesa-dri_26.0.8-1ubuntu0.3_amd64.deb ...
Unpacking libgl1-mesa-dri:amd64 (26.0.8-1ubuntu0.3) ...
Selecting previously unselected package libxcb-glx0:amd64.
Preparing to unpack .../038-libxcb-glx0_1.17.0-2ubuntu1_amd64.deb ...
Unpacking libxcb-glx0:amd64 (1.17.0-2ubuntu1) ...
Selecting previously unselected package libxext6:amd64.
Preparing to unpack .../039-libxext6_2%3a1.3.4-1build3_amd64.deb ...
Unpacking libxext6:amd64 (2:1.3.4-1build3) ...
Selecting previously unselected package libxxf86vm1:amd64.
Preparing to unpack .../040-libxxf86vm1_1%3a1.1.4-2_amd64.deb ...
Unpacking libxxf86vm1:amd64 (1:1.1.4-2) ...
Selecting previously unselected package libglx-mesa0:amd64.
Preparing to unpack .../041-libglx-mesa0_26.0.8-1ubuntu0.3_amd64.deb ...
Unpacking libglx-mesa0:amd64 (26.0.8-1ubuntu0.3) ...
Selecting previously unselected package libglx0:amd64.
Preparing to unpack .../042-libglx0_1.7.0-3_amd64.deb ...
Unpacking libglx0:amd64 (1.7.0-3) ...
Selecting previously unselected package libgraphite2-3:amd64.
Preparing to unpack .../043-libgraphite2-3_1.3.14-11ubuntu1.1_amd64.deb ...
Unpacking libgraphite2-3:amd64 (1.3.14-11ubuntu1.1) ...
Selecting previously unselected package libharfbuzz0b:amd64.
Preparing to unpack .../044-libharfbuzz0b_12.3.2-2_amd64.deb ...
Unpacking libharfbuzz0b:amd64 (12.3.2-2) ...
Selecting previously unselected package x11-common.
Preparing to unpack .../045-x11-common_1%3a7.7+26ubuntu1_all.deb ...
Unpacking x11-common (1:7.7+26ubuntu1) ...
Selecting previously unselected package libice6:amd64.
Preparing to unpack .../046-libice6_2%3a1.1.1-1build1_amd64.deb ...
Unpacking libice6:amd64 (2:1.1.1-1build1) ...
Selecting previously unselected package libevdev2:amd64.
Preparing to unpack .../047-libevdev2_1.13.6+dfsg-1_amd64.deb ...
Unpacking libevdev2:amd64 (1.13.6+dfsg-1) ...
Selecting previously unselected package libmtdev1t64:amd64.
Preparing to unpack .../048-libmtdev1t64_1.1.7-1build1_amd64.deb ...
Unpacking libmtdev1t64:amd64 (1.1.7-1build1) ...
Selecting previously unselected package libgudev-1.0-0:amd64.
Preparing to unpack .../049-libgudev-1.0-0_1%3a238-7build1_amd64.deb ...
Unpacking libgudev-1.0-0:amd64 (1:238-7build1) ...
Selecting previously unselected package libwacom-common.
Preparing to unpack .../050-libwacom-common_2.18.0-1_all.deb ...
Unpacking libwacom-common (2.18.0-1) ...
Selecting previously unselected package libwacom9:amd64.
Preparing to unpack .../051-libwacom9_2.18.0-1_amd64.deb ...
Unpacking libwacom9:amd64 (2.18.0-1) ...
Selecting previously unselected package libinput-bin.
Preparing to unpack .../052-libinput-bin_1.31.1-1ubuntu1.1_amd64.deb ...
Unpacking libinput-bin (1.31.1-1ubuntu1.1) ...
Selecting previously unselected package libinput10:amd64.
Preparing to unpack .../053-libinput10_1.31.1-1ubuntu1.1_amd64.deb ...
Unpacking libinput10:amd64 (1.31.1-1ubuntu1.1) ...
Selecting previously unselected package libjpeg-turbo8:amd64.
Preparing to unpack .../054-libjpeg-turbo8_2.1.5-4ubuntu4_amd64.deb ...
Unpacking libjpeg-turbo8:amd64 (2.1.5-4ubuntu4) ...
Selecting previously unselected package libjpeg8:amd64.
Preparing to unpack .../055-libjpeg8_8c-2ubuntu12_amd64.deb ...
Unpacking libjpeg8:amd64 (8c-2ubuntu12) ...
Selecting previously unselected package libmd4c0:amd64.
Preparing to unpack .../056-libmd4c0_0.5.2-2build1_amd64.deb ...
Unpacking libmd4c0:amd64 (0.5.2-2build1) ...
Selecting previously unselected package libopengl0:amd64.
Preparing to unpack .../057-libopengl0_1.7.0-3_amd64.deb ...
Unpacking libopengl0:amd64 (1.7.0-3) ...
Selecting previously unselected package libsm6:amd64.
Preparing to unpack .../058-libsm6_2%3a1.2.6-1build1_amd64.deb ...
Unpacking libsm6:amd64 (2:1.2.6-1build1) ...
Selecting previously unselected package libts0t64:amd64.
Preparing to unpack .../059-libts0t64_1.22-1.1build2_amd64.deb ...
Unpacking libts0t64:amd64 (1.22-1.1build2) ...
Selecting previously unselected package libxcb-util1:amd64.
Preparing to unpack .../060-libxcb-util1_0.4.1-1build1_amd64.deb ...
Unpacking libxcb-util1:amd64 (0.4.1-1build1) ...
Selecting previously unselected package libxcb-image0:amd64.
Preparing to unpack .../061-libxcb-image0_0.4.0-2build2_amd64.deb ...
Unpacking libxcb-image0:amd64 (0.4.0-2build2) ...
Selecting previously unselected package libxcb-render0:amd64.
Preparing to unpack .../062-libxcb-render0_1.17.0-2ubuntu1_amd64.deb ...
Unpacking libxcb-render0:amd64 (1.17.0-2ubuntu1) ...
Selecting previously unselected package libxcb-render-util0:amd64.
Preparing to unpack .../063-libxcb-render-util0_0.3.10-1build1_amd64.deb ...
Unpacking libxcb-render-util0:amd64 (0.3.10-1build1) ...
Selecting previously unselected package libxcb-cursor0:amd64.
Preparing to unpack .../064-libxcb-cursor0_0.1.6-1_amd64.deb ...
Unpacking libxcb-cursor0:amd64 (0.1.6-1) ...
Selecting previously unselected package libxcb-icccm4:amd64.
Preparing to unpack .../065-libxcb-icccm4_0.4.2-1build1_amd64.deb ...
Unpacking libxcb-icccm4:amd64 (0.4.2-1build1) ...
Selecting previously unselected package libxcb-keysyms1:amd64.
Preparing to unpack .../066-libxcb-keysyms1_0.4.1-1build1_amd64.deb ...
Unpacking libxcb-keysyms1:amd64 (0.4.1-1build1) ...
Selecting previously unselected package libxcb-shape0:amd64.
Preparing to unpack .../067-libxcb-shape0_1.17.0-2ubuntu1_amd64.deb ...
Unpacking libxcb-shape0:amd64 (1.17.0-2ubuntu1) ...
Selecting previously unselected package libxcb-xinput0:amd64.
Preparing to unpack .../068-libxcb-xinput0_1.17.0-2ubuntu1_amd64.deb ...
Unpacking libxcb-xinput0:amd64 (1.17.0-2ubuntu1) ...
Selecting previously unselected package libxcb-xkb1:amd64.
Preparing to unpack .../069-libxcb-xkb1_1.17.0-2ubuntu1_amd64.deb ...
Unpacking libxcb-xkb1:amd64 (1.17.0-2ubuntu1) ...
Selecting previously unselected package libxkbcommon0:amd64.
Preparing to unpack .../070-libxkbcommon0_1.13.1-1_amd64.deb ...
Unpacking libxkbcommon0:amd64 (1.13.1-1) ...
Selecting previously unselected package libxkbcommon-x11-0:amd64.
Preparing to unpack .../071-libxkbcommon-x11-0_1.13.1-1_amd64.deb ...
Unpacking libxkbcommon-x11-0:amd64 (1.13.1-1) ...
Selecting previously unselected package libqt6gui6:amd64.
Preparing to unpack .../072-libqt6gui6_6.10.2+dfsg-7_amd64.deb ...
Unpacking libqt6gui6:amd64 (6.10.2+dfsg-7) ...
Selecting previously unselected package libkf6crash6:amd64.
Preparing to unpack .../073-libkf6crash6_6.24.0-0ubuntu1_amd64.deb ...
Unpacking libkf6crash6:amd64 (6.24.0-0ubuntu1) ...
Selecting previously unselected package libkf6dbusaddons-data.
Preparing to unpack .../074-libkf6dbusaddons-data_6.24.0-0ubuntu1_all.deb ...
Unpacking libkf6dbusaddons-data (6.24.0-0ubuntu1) ...
Selecting previously unselected package libkf6dbusaddons6:amd64.
Preparing to unpack .../075-libkf6dbusaddons6_6.24.0-0ubuntu1_amd64.deb ...
Unpacking libkf6dbusaddons6:amd64 (6.24.0-0ubuntu1) ...
Selecting previously unselected package libkf6i18n-data.
Preparing to unpack .../076-libkf6i18n-data_6.24.0-0ubuntu1_all.deb ...
Unpacking libkf6i18n-data (6.24.0-0ubuntu1) ...
Selecting previously unselected package libsasl2-modules-db:amd64.
Preparing to unpack .../077-libsasl2-modules-db_2.1.28+dfsg1-9ubuntu3_amd64.deb ...
Unpacking libsasl2-modules-db:amd64 (2.1.28+dfsg1-9ubuntu3) ...
Selecting previously unselected package libsasl2-2:amd64.
Preparing to unpack .../078-libsasl2-2_2.1.28+dfsg1-9ubuntu3_amd64.deb ...
Unpacking libsasl2-2:amd64 (2.1.28+dfsg1-9ubuntu3) ...
Selecting previously unselected package libldap-common.
Preparing to unpack .../079-libldap-common_2.6.10+dfsg-1ubuntu5_all.deb ...
Unpacking libldap-common (2.6.10+dfsg-1ubuntu5) ...
Selecting previously unselected package libldap2:amd64.
Preparing to unpack .../080-libldap2_2.6.10+dfsg-1ubuntu5_amd64.deb ...
Unpacking libldap2:amd64 (2.6.10+dfsg-1ubuntu5) ...
Selecting previously unselected package libnghttp2-14:amd64.
Preparing to unpack .../081-libnghttp2-14_1.68.0-2ubuntu0.2_amd64.deb ...
Unpacking libnghttp2-14:amd64 (1.68.0-2ubuntu0.2) ...
Selecting previously unselected package libpsl5t64:amd64.
Preparing to unpack .../082-libpsl5t64_0.21.2-1.1build2_amd64.deb ...
Unpacking libpsl5t64:amd64 (0.21.2-1.1build2) ...
Selecting previously unselected package librtmp1:amd64.
Preparing to unpack .../083-librtmp1_2.4+20151223.gitfa8646d.1-3_amd64.deb ...
Unpacking librtmp1:amd64 (2.4+20151223.gitfa8646d.1-3) ...
Selecting previously unselected package libssh2-1t64:amd64.
Preparing to unpack .../084-libssh2-1t64_1.11.1-1ubuntu0.26.04.3_amd64.deb ...
Unpacking libssh2-1t64:amd64 (1.11.1-1ubuntu0.26.04.3) ...
Selecting previously unselected package libcurl3t64-gnutls:amd64.
Preparing to unpack .../085-libcurl3t64-gnutls_8.18.0-1ubuntu2.4_amd64.deb ...
Unpacking libcurl3t64-gnutls:amd64 (8.18.0-1ubuntu2.4) ...
Selecting previously unselected package libduktape207:amd64.
Preparing to unpack .../086-libduktape207_2.7.0+tests-0ubuntu4_amd64.deb ...
Unpacking libduktape207:amd64 (2.7.0+tests-0ubuntu4) ...
Selecting previously unselected package libproxy1v5:amd64.
Preparing to unpack .../087-libproxy1v5_0.5.12-1_amd64.deb ...
Unpacking libproxy1v5:amd64 (0.5.12-1) ...
Selecting previously unselected package libqt6network6:amd64.
Preparing to unpack .../088-libqt6network6_6.10.2+dfsg-7_amd64.deb ...
Unpacking libqt6network6:amd64 (6.10.2+dfsg-7) ...
Selecting previously unselected package libqt6qml6:amd64.
Preparing to unpack .../089-libqt6qml6_6.10.2+dfsg-3_amd64.deb ...
Unpacking libqt6qml6:amd64 (6.10.2+dfsg-3) ...
Selecting previously unselected package libkf6i18n6:amd64.
Preparing to unpack .../090-libkf6i18n6_6.24.0-0ubuntu1_amd64.deb ...
Unpacking libkf6i18n6:amd64 (6.24.0-0ubuntu1) ...
Selecting previously unselected package libkf6service-data.
Preparing to unpack .../091-libkf6service-data_6.24.0-0ubuntu1_all.deb ...
Unpacking libkf6service-data (6.24.0-0ubuntu1) ...
Selecting previously unselected package libqt6xml6:amd64.
Preparing to unpack .../092-libqt6xml6_6.10.2+dfsg-7_amd64.deb ...
Unpacking libqt6xml6:amd64 (6.10.2+dfsg-7) ...
Selecting previously unselected package libkf6service6:amd64.
Preparing to unpack .../093-libkf6service6_6.24.0-0ubuntu1_amd64.deb ...
Unpacking libkf6service6:amd64 (6.24.0-0ubuntu1) ...
Selecting previously unselected package libkf6service-bin.
Preparing to unpack .../094-libkf6service-bin_6.24.0-0ubuntu1_amd64.deb ...
Unpacking libkf6service-bin (6.24.0-0ubuntu1) ...
Selecting previously unselected package libqt6widgets6:amd64.
Preparing to unpack .../095-libqt6widgets6_6.10.2+dfsg-7_amd64.deb ...
Unpacking libqt6widgets6:amd64 (6.10.2+dfsg-7) ...
Selecting previously unselected package kded6.
Preparing to unpack .../096-kded6_6.24.0-0ubuntu1_amd64.deb ...
Unpacking kded6 (6.24.0-0ubuntu1) ...
Selecting previously unselected package libkf6wallet-data.
Preparing to unpack .../097-libkf6wallet-data_6.24.0-0ubuntu1_all.deb ...
Unpacking libkf6wallet-data (6.24.0-0ubuntu1) ...
Selecting previously unselected package libassuan9:amd64.
Preparing to unpack .../098-libassuan9_3.0.2-2build1_amd64.deb ...
Unpacking libassuan9:amd64 (3.0.2-2build1) ...
Selecting previously unselected package gpgconf.
Preparing to unpack .../099-gpgconf_2.4.8-4ubuntu3_amd64.deb ...
Unpacking gpgconf (2.4.8-4ubuntu3) ...
Selecting previously unselected package libksba8:amd64.
Preparing to unpack .../100-libksba8_1.6.7-2build1_amd64.deb ...
Unpacking libksba8:amd64 (1.6.7-2build1) ...
Selecting previously unselected package libnpth0t64:amd64.
Preparing to unpack .../101-libnpth0t64_1.8-3build1_amd64.deb ...
Unpacking libnpth0t64:amd64 (1.8-3build1) ...
Selecting previously unselected package dirmngr.
Preparing to unpack .../102-dirmngr_2.4.8-4ubuntu3_amd64.deb ...
Unpacking dirmngr (2.4.8-4ubuntu3) ...
Selecting previously unselected package gpg.
Preparing to unpack .../103-gpg_2.4.8-4ubuntu3_amd64.deb ...
Unpacking gpg (2.4.8-4ubuntu3) ...
Selecting previously unselected package pinentry-curses.
Preparing to unpack .../104-pinentry-curses_1.3.2-3ubuntu1_amd64.deb ...
Unpacking pinentry-curses (1.3.2-3ubuntu1) ...
Selecting previously unselected package gpg-agent.
Preparing to unpack .../105-gpg-agent_2.4.8-4ubuntu3_amd64.deb ...
Unpacking gpg-agent (2.4.8-4ubuntu3) ...
Selecting previously unselected package gpgsm.
Preparing to unpack .../106-gpgsm_2.4.8-4ubuntu3_amd64.deb ...
Unpacking gpgsm (2.4.8-4ubuntu3) ...
Selecting previously unselected package gnupg.
Preparing to unpack .../107-gnupg_2.4.8-4ubuntu3_all.deb ...
Unpacking gnupg (2.4.8-4ubuntu3) ...
Selecting previously unselected package libgpgme45:amd64.
Preparing to unpack .../108-libgpgme45_2.0.1-2build1_amd64.deb ...
Unpacking libgpgme45:amd64 (2.0.1-2build1) ...
Selecting previously unselected package libgpgmepp7:amd64.
Preparing to unpack .../109-libgpgmepp7_2.0.0-2_amd64.deb ...
Unpacking libgpgmepp7:amd64 (2.0.0-2) ...
Selecting previously unselected package libkf6notifications-data.
Preparing to unpack .../110-libkf6notifications-data_6.24.0-0ubuntu1_all.deb ...
Unpacking libkf6notifications-data (6.24.0-0ubuntu1) ...
Selecting previously unselected package libasound2-data.
Preparing to unpack .../111-libasound2-data_1.2.15.3-1ubuntu1.1_all.deb ...
Unpacking libasound2-data (1.2.15.3-1ubuntu1.1) ...
Selecting previously unselected package libasound2t64:amd64.
Preparing to unpack .../112-libasound2t64_1.2.15.3-1ubuntu1.1_amd64.deb ...
Unpacking libasound2t64:amd64 (1.2.15.3-1ubuntu1.1) ...
Selecting previously unselected package libltdl7:amd64.
Preparing to unpack .../113-libltdl7_2.5.4-9_amd64.deb ...
Unpacking libltdl7:amd64 (2.5.4-9) ...
Selecting previously unselected package libtdb1:amd64.
Preparing to unpack .../114-libtdb1_2%3a1.4.14+samba4.23.6+dfsg-1ubuntu2.2_amd64.deb ...
Unpacking libtdb1:amd64 (2:1.4.14+samba4.23.6+dfsg-1ubuntu2.2) ...
Selecting previously unselected package libogg0:amd64.
Preparing to unpack .../115-libogg0_1.3.6-2_amd64.deb ...
Unpacking libogg0:amd64 (1.3.6-2) ...
Selecting previously unselected package libvorbis0a:amd64.
Preparing to unpack .../116-libvorbis0a_1.3.7-3build2_amd64.deb ...
Unpacking libvorbis0a:amd64 (1.3.7-3build2) ...
Selecting previously unselected package libvorbisfile3:amd64.
Preparing to unpack .../117-libvorbisfile3_1.3.7-3build2_amd64.deb ...
Unpacking libvorbisfile3:amd64 (1.3.7-3build2) ...
Selecting previously unselected package sound-theme-freedesktop.
Preparing to unpack .../118-sound-theme-freedesktop_0.8-7build1_all.deb ...
Unpacking sound-theme-freedesktop (0.8-7build1) ...
Selecting previously unselected package libcanberra0:amd64.
Preparing to unpack .../119-libcanberra0_0.30-18ubuntu3_amd64.deb ...
Unpacking libcanberra0:amd64 (0.30-18ubuntu3) ...
Selecting previously unselected package libkf6notifications6:amd64.
Preparing to unpack .../120-libkf6notifications6_6.24.0-0ubuntu1_amd64.deb ...
Unpacking libkf6notifications6:amd64 (6.24.0-0ubuntu1) ...
Selecting previously unselected package libkf6widgetsaddons-data.
Preparing to unpack .../121-libkf6widgetsaddons-data_6.24.0-0ubuntu1_all.deb ...
Unpacking libkf6widgetsaddons-data (6.24.0-0ubuntu1) ...
Selecting previously unselected package libkf6widgetsaddons6:amd64.
Preparing to unpack .../122-libkf6widgetsaddons6_6.24.0-0ubuntu1_amd64.deb ...
Unpacking libkf6widgetsaddons6:amd64 (6.24.0-0ubuntu1) ...
Selecting previously unselected package libkf6walletbackend6:amd64.
Preparing to unpack .../123-libkf6walletbackend6_6.24.0-0ubuntu1_amd64.deb ...
Unpacking libkf6walletbackend6:amd64 (6.24.0-0ubuntu1) ...
Selecting previously unselected package libkf6colorscheme-data.
Preparing to unpack .../124-libkf6colorscheme-data_6.24.0-0ubuntu1_all.deb ...
Unpacking libkf6colorscheme-data (6.24.0-0ubuntu1) ...
Selecting previously unselected package libkf6configgui6:amd64.
Preparing to unpack .../125-libkf6configgui6_6.24.0-0ubuntu1_amd64.deb ...
Unpacking libkf6configgui6:amd64 (6.24.0-0ubuntu1) ...
Selecting previously unselected package libkf6guiaddons-data.
Preparing to unpack .../126-libkf6guiaddons-data_6.24.0-0ubuntu1.1_all.deb ...
Unpacking libkf6guiaddons-data (6.24.0-0ubuntu1.1) ...
Selecting previously unselected package libqt6opengl6:amd64.
Preparing to unpack .../127-libqt6opengl6_6.10.2+dfsg-7_amd64.deb ...
Unpacking libqt6opengl6:amd64 (6.10.2+dfsg-7) ...
Selecting previously unselected package libwayland-cursor0:amd64.
Preparing to unpack .../128-libwayland-cursor0_1.24.0-2_amd64.deb ...
Unpacking libwayland-cursor0:amd64 (1.24.0-2) ...
Selecting previously unselected package libwayland-egl1:amd64.
Preparing to unpack .../129-libwayland-egl1_1.24.0-2_amd64.deb ...
Unpacking libwayland-egl1:amd64 (1.24.0-2) ...
Selecting previously unselected package libqt6waylandclient6:amd64.
Preparing to unpack .../130-libqt6waylandclient6_6.10.2+dfsg-7_amd64.deb ...
Unpacking libqt6waylandclient6:amd64 (6.10.2+dfsg-7) ...
Selecting previously unselected package libkf6guiaddons6:amd64.
Preparing to unpack .../131-libkf6guiaddons6_6.24.0-0ubuntu1.1_amd64.deb ...
Unpacking libkf6guiaddons6:amd64 (6.24.0-0ubuntu1.1) ...
Selecting previously unselected package libkf6colorscheme6:amd64.
Preparing to unpack .../132-libkf6colorscheme6_6.24.0-0ubuntu1_amd64.deb ...
Unpacking libkf6colorscheme6:amd64 (6.24.0-0ubuntu1) ...
Selecting previously unselected package libkf6wallet6:amd64.
Preparing to unpack .../133-libkf6wallet6_6.24.0-0ubuntu1_amd64.deb ...
Unpacking libkf6wallet6:amd64 (6.24.0-0ubuntu1) ...
Selecting previously unselected package libkf6windowsystem-data.
Preparing to unpack .../134-libkf6windowsystem-data_6.24.0-0ubuntu1_all.deb ...
Unpacking libkf6windowsystem-data (6.24.0-0ubuntu1) ...
Selecting previously unselected package libxcb-res0:amd64.
Preparing to unpack .../135-libxcb-res0_1.17.0-2ubuntu1_amd64.deb ...
Unpacking libxcb-res0:amd64 (1.17.0-2ubuntu1) ...
Selecting previously unselected package libxfixes3:amd64.
Preparing to unpack .../136-libxfixes3_1%3a6.0.0-2build2_amd64.deb ...
Unpacking libxfixes3:amd64 (1:6.0.0-2build2) ...
Selecting previously unselected package libkf6windowsystem6:amd64.
Preparing to unpack .../137-libkf6windowsystem6_6.24.0-0ubuntu1_amd64.deb ...
Unpacking libkf6windowsystem6:amd64 (6.24.0-0ubuntu1) ...
Selecting previously unselected package libqt6core5compat6:amd64.
Preparing to unpack .../138-libqt6core5compat6_6.10.2-1_amd64.deb ...
Unpacking libqt6core5compat6:amd64 (6.10.2-1) ...
Selecting previously unselected package libqca-qt6-2:amd64.
Preparing to unpack .../139-libqca-qt6-2_2.3.10-2_amd64.deb ...
Unpacking libqca-qt6-2:amd64 (2.3.10-2) ...
Selecting previously unselected package libsecret-common.
Preparing to unpack .../140-libsecret-common_0.21.7-2build1_all.deb ...
Unpacking libsecret-common (0.21.7-2build1) ...
Selecting previously unselected package libsecret-1-0:amd64.
Preparing to unpack .../141-libsecret-1-0_0.21.7-2build1_amd64.deb ...
Unpacking libsecret-1-0:amd64 (0.21.7-2build1) ...
Selecting previously unselected package kwallet6.
Preparing to unpack .../142-kwallet6_6.24.0-0ubuntu1_amd64.deb ...
Unpacking kwallet6 (6.24.0-0ubuntu1) ...
Selecting previously unselected package libkf6archive-data.
Preparing to unpack .../143-libkf6archive-data_6.24.0-0ubuntu1_all.deb ...
Unpacking libkf6archive-data (6.24.0-0ubuntu1) ...
Selecting previously unselected package libkf6archive6:amd64.
Preparing to unpack .../144-libkf6archive6_6.24.0-0ubuntu1_amd64.deb ...
Unpacking libkf6archive6:amd64 (6.24.0-0ubuntu1) ...
Selecting previously unselected package libxslt1.1:amd64.
Preparing to unpack .../145-libxslt1.1_1.1.45-0.1_amd64.deb ...
Unpacking libxslt1.1:amd64 (1.1.45-0.1) ...
Selecting previously unselected package libkf6doctools6:amd64.
Preparing to unpack .../146-libkf6doctools6_6.24.0-0ubuntu1_amd64.deb ...
Unpacking libkf6doctools6:amd64 (6.24.0-0ubuntu1) ...
Selecting previously unselected package libkf6kiocore6:amd64.
Preparing to unpack .../147-libkf6kiocore6_6.24.0-0ubuntu1_amd64.deb ...
Unpacking libkf6kiocore6:amd64 (6.24.0-0ubuntu1) ...
Selecting previously unselected package libkf6bookmarks-data.
Preparing to unpack .../148-libkf6bookmarks-data_6.24.0-0ubuntu1_all.deb ...
Unpacking libkf6bookmarks-data (6.24.0-0ubuntu1) ...
Selecting previously unselected package libkf6bookmarks6:amd64.
Preparing to unpack .../149-libkf6bookmarks6_6.24.0-0ubuntu1_amd64.deb ...
Unpacking libkf6bookmarks6:amd64 (6.24.0-0ubuntu1) ...
Selecting previously unselected package libkf6bookmarkswidgets6:amd64.
Preparing to unpack .../150-libkf6bookmarkswidgets6_6.24.0-0ubuntu1_amd64.deb ...
Unpacking libkf6bookmarkswidgets6:amd64 (6.24.0-0ubuntu1) ...
Selecting previously unselected package libkf6completion-data.
Preparing to unpack .../151-libkf6completion-data_6.24.0-0ubuntu1_all.deb ...
Unpacking libkf6completion-data (6.24.0-0ubuntu1) ...
Selecting previously unselected package libkf6codecs-data.
Preparing to unpack .../152-libkf6codecs-data_6.24.0-0ubuntu1_all.deb ...
Unpacking libkf6codecs-data (6.24.0-0ubuntu1) ...
Selecting previously unselected package libkf6codecs6:amd64.
Preparing to unpack .../153-libkf6codecs6_6.24.0-0ubuntu1_amd64.deb ...
Unpacking libkf6codecs6:amd64 (6.24.0-0ubuntu1) ...
Selecting previously unselected package libkf6completion6:amd64.
Preparing to unpack .../154-libkf6completion6_6.24.0-0ubuntu1_amd64.deb ...
Unpacking libkf6completion6:amd64 (6.24.0-0ubuntu1) ...
Selecting previously unselected package libkf6iconthemes-data.
Preparing to unpack .../155-libkf6iconthemes-data_6.24.0-0ubuntu2_all.deb ...
Unpacking libkf6iconthemes-data (6.24.0-0ubuntu2) ...
Selecting previously unselected package libqt6svg6:amd64.
Preparing to unpack .../156-libqt6svg6_6.10.2-2_amd64.deb ...
Unpacking libqt6svg6:amd64 (6.10.2-2) ...
Selecting previously unselected package libkf6breezeicons6:amd64.
Preparing to unpack .../157-libkf6breezeicons6_6.24.0-0ubuntu1_amd64.deb ...
Unpacking libkf6breezeicons6:amd64 (6.24.0-0ubuntu1) ...
Selecting previously unselected package libkf6iconthemes6:amd64.
Preparing to unpack .../158-libkf6iconthemes6_6.24.0-0ubuntu2_amd64.deb ...
Unpacking libkf6iconthemes6:amd64 (6.24.0-0ubuntu2) ...
Selecting previously unselected package libkf6iconwidgets6:amd64.
Preparing to unpack .../159-libkf6iconwidgets6_6.24.0-0ubuntu2_amd64.deb ...
Unpacking libkf6iconwidgets6:amd64 (6.24.0-0ubuntu2) ...
Selecting previously unselected package libkf6itemviews-data.
Preparing to unpack .../160-libkf6itemviews-data_6.24.0-0ubuntu1_all.deb ...
Unpacking libkf6itemviews-data (6.24.0-0ubuntu1) ...
Selecting previously unselected package libkf6itemviews6:amd64.
Preparing to unpack .../161-libkf6itemviews6_6.24.0-0ubuntu1_amd64.deb ...
Unpacking libkf6itemviews6:amd64 (6.24.0-0ubuntu1) ...
Selecting previously unselected package libkf6solid-data.
Preparing to unpack .../162-libkf6solid-data_6.24.0-0ubuntu1_all.deb ...
Unpacking libkf6solid-data (6.24.0-0ubuntu1) ...
Selecting previously unselected package libplist-2.0-4:amd64.
Preparing to unpack .../163-libplist-2.0-4_2.7.0+git20250820-1build1_amd64.deb ...
Unpacking libplist-2.0-4:amd64 (2.7.0+git20250820-1build1) ...
Selecting previously unselected package libimobiledevice-glue-1.0-0.
Preparing to unpack .../164-libimobiledevice-glue-1.0-0_1.3.2-2build1_amd64.deb ...
Unpacking libimobiledevice-glue-1.0-0 (1.3.2-2build1) ...
Selecting previously unselected package libusbmuxd-2.0-7:amd64.
Preparing to unpack .../165-libusbmuxd-2.0-7_2.1.1-1_amd64.deb ...
Unpacking libusbmuxd-2.0-7:amd64 (2.1.1-1) ...
Selecting previously unselected package libimobiledevice-1.0-6:amd64.
Preparing to unpack .../166-libimobiledevice-1.0-6_1.4.0-1build1_amd64.deb ...
Unpacking libimobiledevice-1.0-6:amd64 (1.4.0-1build1) ...
Selecting previously unselected package libkf6solid6:amd64.
Preparing to unpack .../167-libkf6solid6_6.24.0-0ubuntu1_amd64.deb ...
Unpacking libkf6solid6:amd64 (6.24.0-0ubuntu1) ...
Selecting previously unselected package libkf6kiogui6:amd64.
Preparing to unpack .../168-libkf6kiogui6_6.24.0-0ubuntu1_amd64.deb ...
Unpacking libkf6kiogui6:amd64 (6.24.0-0ubuntu1) ...
Selecting previously unselected package libkf6jobwidgets-data.
Preparing to unpack .../169-libkf6jobwidgets-data_6.24.0-0ubuntu1_all.deb ...
Unpacking libkf6jobwidgets-data (6.24.0-0ubuntu1) ...
Selecting previously unselected package libkf6jobwidgets6:amd64.
Preparing to unpack .../170-libkf6jobwidgets6_6.24.0-0ubuntu1_amd64.deb ...
Unpacking libkf6jobwidgets6:amd64 (6.24.0-0ubuntu1) ...
Selecting previously unselected package libkf6kiowidgets6:amd64.
Preparing to unpack .../171-libkf6kiowidgets6_6.24.0-0ubuntu1_amd64.deb ...
Unpacking libkf6kiowidgets6:amd64 (6.24.0-0ubuntu1) ...
Selecting previously unselected package libkf6kiofilewidgets6:amd64.
Preparing to unpack .../172-libkf6kiofilewidgets6_6.24.0-0ubuntu1_amd64.deb ...
Unpacking libkf6kiofilewidgets6:amd64 (6.24.0-0ubuntu1) ...
Selecting previously unselected package kio6.
Preparing to unpack .../173-kio6_6.24.0-0ubuntu1_amd64.deb ...
Unpacking kio6 (6.24.0-0ubuntu1) ...
Selecting previously unselected package libqt6qmlmodels6:amd64.
Preparing to unpack .../174-libqt6qmlmodels6_6.10.2+dfsg-3_amd64.deb ...
Unpacking libqt6qmlmodels6:amd64 (6.10.2+dfsg-3) ...
Selecting previously unselected package libqt6qmlworkerscript6:amd64.
Preparing to unpack .../175-libqt6qmlworkerscript6_6.10.2+dfsg-3_amd64.deb ...
Unpacking libqt6qmlworkerscript6:amd64 (6.10.2+dfsg-3) ...
Selecting previously unselected package libqt6qmlmeta6:amd64.
Preparing to unpack .../176-libqt6qmlmeta6_6.10.2+dfsg-3_amd64.deb ...
Unpacking libqt6qmlmeta6:amd64 (6.10.2+dfsg-3) ...
Selecting previously unselected package libqt6quick6:amd64.
Preparing to unpack .../177-libqt6quick6_6.10.2+dfsg-3_amd64.deb ...
Unpacking libqt6quick6:amd64 (6.10.2+dfsg-3) ...
Selecting previously unselected package libkf6configqml6:amd64.
Preparing to unpack .../178-libkf6configqml6_6.24.0-0ubuntu1_amd64.deb ...
Unpacking libkf6configqml6:amd64 (6.24.0-0ubuntu1) ...
Selecting previously unselected package libkf6globalaccel-data.
Preparing to unpack .../179-libkf6globalaccel-data_6.24.0-0ubuntu1_all.deb ...
Unpacking libkf6globalaccel-data (6.24.0-0ubuntu1) ...
Selecting previously unselected package libkf6globalaccel6:amd64.
Preparing to unpack .../180-libkf6globalaccel6_6.24.0-0ubuntu1_amd64.deb ...
Unpacking libkf6globalaccel6:amd64 (6.24.0-0ubuntu1) ...
Selecting previously unselected package libkf6i18nqml6:amd64.
Preparing to unpack .../181-libkf6i18nqml6_6.24.0-0ubuntu1_amd64.deb ...
Unpacking libkf6i18nqml6:amd64 (6.24.0-0ubuntu1) ...
Selecting previously unselected package libxss1:amd64.
Preparing to unpack .../182-libxss1_1%3a1.2.3-1build4_amd64.deb ...
Unpacking libxss1:amd64 (1:1.2.3-1build4) ...
Selecting previously unselected package libkf6idletime6:amd64.
Preparing to unpack .../183-libkf6idletime6_6.24.0-0ubuntu1_amd64.deb ...
Unpacking libkf6idletime6:amd64 (6.24.0-0ubuntu1) ...
Selecting previously unselected package libkf6package-data.
Preparing to unpack .../184-libkf6package-data_6.24.0-0ubuntu1_all.deb ...
Unpacking libkf6package-data (6.24.0-0ubuntu1) ...
Selecting previously unselected package libkf6package6:amd64.
Preparing to unpack .../185-libkf6package6_6.24.0-0ubuntu1_amd64.deb ...
Unpacking libkf6package6:amd64 (6.24.0-0ubuntu1) ...
Selecting previously unselected package libkscreen-data.
Preparing to unpack .../186-libkscreen-data_4%3a6.6.4-0ubuntu1_all.deb ...
Unpacking libkscreen-data (4:6.6.4-0ubuntu1) ...
Selecting previously unselected package libxcb-dpms0:amd64.
Preparing to unpack .../187-libxcb-dpms0_1.17.0-2ubuntu1_amd64.deb ...
Unpacking libxcb-dpms0:amd64 (1.17.0-2ubuntu1) ...
Selecting previously unselected package libkf6screendpms8:amd64.
Preparing to unpack .../188-libkf6screendpms8_4%3a6.6.4-0ubuntu1_amd64.deb ...
Unpacking libkf6screendpms8:amd64 (4:6.6.4-0ubuntu1) ...
Selecting previously unselected package libkf6xmlgui-data.
Preparing to unpack .../189-libkf6xmlgui-data_6.24.0-0ubuntu1_all.deb ...
Unpacking libkf6xmlgui-data (6.24.0-0ubuntu1) ...
Selecting previously unselected package libkf6configwidgets-data.
Preparing to unpack .../190-libkf6configwidgets-data_6.24.0-0ubuntu1_all.deb ...
Unpacking libkf6configwidgets-data (6.24.0-0ubuntu1) ...
Selecting previously unselected package libkf6configwidgets6:amd64.
Preparing to unpack .../191-libkf6configwidgets6_6.24.0-0ubuntu1_amd64.deb ...
Unpacking libkf6configwidgets6:amd64 (6.24.0-0ubuntu1) ...
Selecting previously unselected package libavahi-common-data:amd64.
Preparing to unpack .../192-libavahi-common-data_0.8-18ubuntu1.1_amd64.deb ...
Unpacking libavahi-common-data:amd64 (0.8-18ubuntu1.1) ...
Selecting previously unselected package libavahi-common3:amd64.
Preparing to unpack .../193-libavahi-common3_0.8-18ubuntu1.1_amd64.deb ...
Unpacking libavahi-common3:amd64 (0.8-18ubuntu1.1) ...
Selecting previously unselected package libavahi-client3:amd64.
Preparing to unpack .../194-libavahi-client3_0.8-18ubuntu1.1_amd64.deb ...
Unpacking libavahi-client3:amd64 (0.8-18ubuntu1.1) ...
Selecting previously unselected package libcups2t64:amd64.
Preparing to unpack .../195-libcups2t64_2.4.16-1ubuntu1.3_amd64.deb ...
Unpacking libcups2t64:amd64 (2.4.16-1ubuntu1.3) ...
Selecting previously unselected package libqt6printsupport6:amd64.
Preparing to unpack .../196-libqt6printsupport6_6.10.2+dfsg-7_amd64.deb ...
Unpacking libqt6printsupport6:amd64 (6.10.2+dfsg-7) ...
Selecting previously unselected package libkf6xmlgui6:amd64.
Preparing to unpack .../197-libkf6xmlgui6_6.24.0-0ubuntu1_amd64.deb ...
Unpacking libkf6xmlgui6:amd64 (6.24.0-0ubuntu1) ...
Selecting previously unselected package liblayershellqtinterface6:amd64.
Preparing to unpack .../198-liblayershellqtinterface6_6.6.4-0ubuntu1_amd64.deb ...
Unpacking liblayershellqtinterface6:amd64 (6.6.4-0ubuntu1) ...
Selecting previously unselected package libkf6svg6:amd64.
Preparing to unpack .../199-libkf6svg6_6.24.0-0ubuntu1_amd64.deb ...
Unpacking libkf6svg6:amd64 (6.24.0-0ubuntu1) ...
Selecting previously unselected package libplasmaactivities-data.
Preparing to unpack .../200-libplasmaactivities-data_6.6.4-0ubuntu1_all.deb ...
Unpacking libplasmaactivities-data (6.6.4-0ubuntu1) ...
Selecting previously unselected package libplasmaactivities7:amd64.
Preparing to unpack .../201-libplasmaactivities7_6.6.4-0ubuntu1_amd64.deb ...
Unpacking libplasmaactivities7:amd64 (6.6.4-0ubuntu1) ...
Selecting previously unselected package libplasma7:amd64.
Preparing to unpack .../202-libplasma7_6.6.6-0ubuntu0.1_amd64.deb ...
Unpacking libplasma7:amd64 (6.6.6-0ubuntu0.1) ...
Selecting previously unselected package libplasmaquick7:amd64.
Preparing to unpack .../203-libplasmaquick7_6.6.6-0ubuntu0.1_amd64.deb ...
Unpacking libplasmaquick7:amd64 (6.6.6-0ubuntu0.1) ...
Selecting previously unselected package libwayland-server0:amd64.
Preparing to unpack .../204-libwayland-server0_1.24.0-2_amd64.deb ...
Unpacking libwayland-server0:amd64 (1.24.0-2) ...
Selecting previously unselected package libxi6:amd64.
Preparing to unpack .../205-libxi6_2%3a1.8.2-2_amd64.deb ...
Unpacking libxi6:amd64 (2:1.8.2-2) ...
Setting up psmisc (23.7-2ubuntu2) ...
Selecting previously unselected package libkscreenlocker6:amd64.
(Reading database ... 18234 files and directories currently installed.)
Preparing to unpack .../libkscreenlocker6_6.6.5-0ubuntu0.1_amd64.deb ...
Unpacking libkscreenlocker6:amd64 (6.6.5-0ubuntu0.1) ...
Selecting previously unselected package isa-support:amd64.
Preparing to unpack .../isa-support_27ubuntu2_amd64.deb ...
Unpacking isa-support:amd64 (27ubuntu2) ...
Setting up isa-support:amd64 (27ubuntu2) ...
Selecting previously unselected package sse3-support.
(Reading database ... 18265 files and directories currently installed.)
Preparing to unpack .../000-sse3-support_27ubuntu2_amd64.deb ...
Unpacking sse3-support (27ubuntu2) ...
Preparing to unpack .../001-bsdutils_1%3a2.41.3-3ubuntu2.2_amd64.deb ...
Unpacking bsdutils (1:2.41.3-3ubuntu2.2) over (1:2.41.3-3ubuntu2) ...
Selecting previously unselected package openssl.
Preparing to unpack .../002-openssl_3.5.5-1ubuntu3.5_amd64.deb ...
Unpacking openssl (3.5.5-1ubuntu3.5) ...
Selecting previously unselected package ca-certificates.
Preparing to unpack .../003-ca-certificates_20260601~26.04.1_all.deb ...
Unpacking ca-certificates (20260601~26.04.1) ...
Selecting previously unselected package dbus-bin.
Preparing to unpack .../004-dbus-bin_1.16.2-2ubuntu4_amd64.deb ...
Unpacking dbus-bin (1.16.2-2ubuntu4) ...
Selecting previously unselected package dbus-session-bus-common.
Preparing to unpack .../005-dbus-session-bus-common_1.16.2-2ubuntu4_all.deb ...
Unpacking dbus-session-bus-common (1.16.2-2ubuntu4) ...
Selecting previously unselected package dbus-daemon.
Preparing to unpack .../006-dbus-daemon_1.16.2-2ubuntu4_amd64.deb ...
Unpacking dbus-daemon (1.16.2-2ubuntu4) ...
Selecting previously unselected package dbus-system-bus-common.
Preparing to unpack .../007-dbus-system-bus-common_1.16.2-2ubuntu4_all.deb ...
Unpacking dbus-system-bus-common (1.16.2-2ubuntu4) ...
Selecting previously unselected package dbus.
Preparing to unpack .../008-dbus_1.16.2-2ubuntu4_amd64.deb ...
Unpacking dbus (1.16.2-2ubuntu4) ...
Selecting previously unselected package libpam-systemd:amd64.
Preparing to unpack .../009-libpam-systemd_259.5-0ubuntu3.4_amd64.deb ...
Unpacking libpam-systemd:amd64 (259.5-0ubuntu3.4) ...
Selecting previously unselected package dbus-user-session.
Preparing to unpack .../010-dbus-user-session_1.16.2-2ubuntu4_amd64.deb ...
Unpacking dbus-user-session (1.16.2-2ubuntu4) ...
Selecting previously unselected package libtext-iconv-perl:amd64.
Preparing to unpack .../011-libtext-iconv-perl_1.7-8.1_amd64.deb ...
Unpacking libtext-iconv-perl:amd64 (1.7-8.1) ...
Selecting previously unselected package debconf-i18n.
Preparing to unpack .../012-debconf-i18n_1.5.92_all.deb ...
Unpacking debconf-i18n (1.5.92) ...
Selecting previously unselected package dhcpcd-base.
Preparing to unpack .../013-dhcpcd-base_1%3a10.3.0-7_amd64.deb ...
Unpacking dhcpcd-base (1:10.3.0-7) ...
Selecting previously unselected package distro-info-data.
Preparing to unpack .../014-distro-info-data_0.72-0ubuntu0.26.04.1_all.deb ...
Unpacking distro-info-data (0.72-0ubuntu0.26.04.1) ...
Selecting previously unselected package distro-info.
Preparing to unpack .../015-distro-info_1.15_amd64.deb ...
Unpacking distro-info (1.15) ...
Selecting previously unselected package libdevmapper1.02.1:amd64.
Preparing to unpack .../016-libdevmapper1.02.1_2%3a1.02.205-2ubuntu3_amd64.deb ...
Unpacking libdevmapper1.02.1:amd64 (2:1.02.205-2ubuntu3) ...
Selecting previously unselected package dmsetup.
Preparing to unpack .../017-dmsetup_2%3a1.02.205-2ubuntu3_amd64.deb ...
Unpacking dmsetup (2:1.02.205-2ubuntu3) ...
Selecting previously unselected package eject.
Preparing to unpack .../018-eject_2.41.3-3ubuntu2.2_amd64.deb ...
Unpacking eject (2.41.3-3ubuntu2.2) ...
Selecting previously unselected package ethtool.
Preparing to unpack .../019-ethtool_1%3a6.19-1_amd64.deb ...
Unpacking ethtool (1:6.19-1) ...
Selecting previously unselected package iputils-ping.
Preparing to unpack .../020-iputils-ping_3%3a20250605-1ubuntu1_amd64.deb ...
Unpacking iputils-ping (3:20250605-1ubuntu1) ...
Selecting previously unselected package iso-codes.
Preparing to unpack .../021-iso-codes_4.20.1-1_all.deb ...
Unpacking iso-codes (4.20.1-1) ...
Selecting previously unselected package libkmod2:amd64.
Preparing to unpack .../022-libkmod2_34.2-2ubuntu2_amd64.deb ...
Unpacking libkmod2:amd64 (34.2-2ubuntu2) ...
Selecting previously unselected package kmod.
Preparing to unpack .../023-kmod_34.2-2ubuntu2_amd64.deb ...
Unpacking kmod (34.2-2ubuntu2) ...
Selecting previously unselected package less.
Preparing to unpack .../024-less_668-1build1_amd64.deb ...
Unpacking less (668-1build1) ...
Selecting previously unselected package libfribidi0:amd64.
Preparing to unpack .../025-libfribidi0_1.0.16-5_amd64.deb ...
Unpacking libfribidi0:amd64 (1.0.16-5) ...
Selecting previously unselected package libjson-c5:amd64.
Preparing to unpack .../026-libjson-c5_0.18+ds-3_amd64.deb ...
Unpacking libjson-c5:amd64 (0.18+ds-3) ...
Selecting previously unselected package libyaml-0-2:amd64.
Preparing to unpack .../027-libyaml-0-2_0.2.5-2build3_amd64.deb ...
Unpacking libyaml-0-2:amd64 (0.2.5-2build3) ...
Selecting previously unselected package libnetplan1:amd64.
Preparing to unpack .../028-libnetplan1_1.2-1ubuntu5_amd64.deb ...
Unpacking libnetplan1:amd64 (1.2-1ubuntu5) ...
Selecting previously unselected package libslang2:amd64.
Preparing to unpack .../029-libslang2_2.3.3-5build1_amd64.deb ...
Unpacking libslang2:amd64 (2.3.3-5build1) ...
Selecting previously unselected package libnewt0.52:amd64.
Preparing to unpack .../030-libnewt0.52_0.52.25-1ubuntu3_amd64.deb ...
Unpacking libnewt0.52:amd64 (0.52.25-1ubuntu3) ...
Selecting previously unselected package libpopt0:amd64.
Preparing to unpack .../031-libpopt0_1.19+dfsg-2build1_amd64.deb ...
Unpacking libpopt0:amd64 (1.19+dfsg-2build1) ...
Selecting previously unselected package locales.
Preparing to unpack .../032-locales_2.43-2ubuntu2.3_all.deb ...
Unpacking locales (2.43-2ubuntu2.3) ...
Selecting previously unselected package lsb-release.
Preparing to unpack .../033-lsb-release_12.1-2build1_all.deb ...
Unpacking lsb-release (12.1-2build1) ...
Selecting previously unselected package netcat-openbsd.
Preparing to unpack .../034-netcat-openbsd_1.234-1_amd64.deb ...
Unpacking netcat-openbsd (1.234-1) ...
Selecting previously unselected package netplan-generator.
Preparing to unpack .../035-netplan-generator_1.2-1ubuntu5_amd64.deb ...
Adding 'diversion of /lib/systemd/system-generators/netplan to /lib/systemd/system-generators/netplan.usr-is-merged by netplan-generator'
Unpacking netplan-generator (1.2-1ubuntu5) ...
Selecting previously unselected package python3-cffi-backend:amd64.
Preparing to unpack .../036-python3-cffi-backend_2.0.0-3build1_amd64.deb ...
Unpacking python3-cffi-backend:amd64 (2.0.0-3build1) ...
Selecting previously unselected package python3-netplan.
Preparing to unpack .../037-python3-netplan_1.2-1ubuntu5_amd64.deb ...
Unpacking python3-netplan (1.2-1ubuntu5) ...
Selecting previously unselected package python3-yaml.
Preparing to unpack .../038-python3-yaml_6.0.3-1build1_amd64.deb ...
Unpacking python3-yaml (6.0.3-1build1) ...
Selecting previously unselected package udev.
Preparing to unpack .../039-udev_259.5-0ubuntu3.4_amd64.deb ...
Unpacking udev (259.5-0ubuntu3.4) ...
Selecting previously unselected package netplan.io.
Preparing to unpack .../040-netplan.io_1.2-1ubuntu5_amd64.deb ...
Unpacking netplan.io (1.2-1ubuntu5) ...
Selecting previously unselected package python-apt-common.
Preparing to unpack .../041-python-apt-common_3.1.0ubuntu1.1_all.deb ...
Unpacking python-apt-common (3.1.0ubuntu1.1) ...
Selecting previously unselected package python3-apt.
Preparing to unpack .../042-python3-apt_3.1.0ubuntu1.1_amd64.deb ...
Unpacking python3-apt (3.1.0ubuntu1.1) ...
Selecting previously unselected package sudo-rs.
Preparing to unpack .../043-sudo-rs_0.2.13-0ubuntu1_amd64.deb ...
Unpacking sudo-rs (0.2.13-0ubuntu1) ...
Selecting previously unselected package ubuntu-pro-client.
Preparing to unpack .../044-ubuntu-pro-client_37.2ubuntu0.1_amd64.deb ...
Unpacking ubuntu-pro-client (37.2ubuntu0.1) ...
Selecting previously unselected package vim-common.
Preparing to unpack .../045-vim-common_2%3a9.1.2141-1ubuntu4.8_all.deb ...
Unpacking vim-common (2:9.1.2141-1ubuntu4.8) ...
Selecting previously unselected package vim-tiny.
Preparing to unpack .../046-vim-tiny_2%3a9.1.2141-1ubuntu4.8_amd64.deb ...
Unpacking vim-tiny (2:9.1.2141-1ubuntu4.8) ...
Selecting previously unselected package whiptail.
Preparing to unpack .../047-whiptail_0.52.25-1ubuntu3_amd64.deb ...
Unpacking whiptail (0.52.25-1ubuntu3) ...
Selecting previously unselected package ubuntu-minimal.
Preparing to unpack .../048-ubuntu-minimal_1.570.3_amd64.deb ...
Unpacking ubuntu-minimal (1.570.3) ...
Selecting previously unselected package libmagic-mgc.
Preparing to unpack .../049-libmagic-mgc_1%3a5.46-5build2_amd64.deb ...
Unpacking libmagic-mgc (1:5.46-5build2) ...
Selecting previously unselected package libmagic1t64:amd64.
Preparing to unpack .../050-libmagic1t64_1%3a5.46-5build2_amd64.deb ...
Unpacking libmagic1t64:amd64 (1:5.46-5build2) ...
Selecting previously unselected package file.
Preparing to unpack .../051-file_1%3a5.46-5build2_amd64.deb ...
Unpacking file (1:5.46-5build2) ...
Selecting previously unselected package libfuse3-4:amd64.
Preparing to unpack .../052-libfuse3-4_3.18.2-1_amd64.deb ...
Unpacking libfuse3-4:amd64 (3.18.2-1) ...
Selecting previously unselected package fuse3.
Preparing to unpack .../053-fuse3_3.18.2-1_amd64.deb ...
Adding 'diversion of /bin/fusermount to /bin/fusermount.usr-is-merged by fuse3'
Adding 'diversion of /sbin/mount.fuse to /sbin/mount.fuse.usr-is-merged by fuse3'
Unpacking fuse3 (3.18.2-1) ...
Selecting previously unselected package libgpm2:amd64.
Preparing to unpack .../054-libgpm2_1.20.7-12build1_amd64.deb ...
Unpacking libgpm2:amd64 (1.20.7-12build1) ...
Selecting previously unselected package libjansson4:amd64.
Preparing to unpack .../055-libjansson4_2.14-2build4_amd64.deb ...
Unpacking libjansson4:amd64 (2.14-2build4) ...
Selecting previously unselected package liblmdb0:amd64.
Preparing to unpack .../056-liblmdb0_0.9.31-1build2_amd64.deb ...
Unpacking liblmdb0:amd64 (0.9.31-1build2) ...
Selecting previously unselected package libncurses6:amd64.
Preparing to unpack .../057-libncurses6_6.6+20251231-1_amd64.deb ...
Unpacking libncurses6:amd64 (6.6+20251231-1) ...
Selecting previously unselected package libnuma1:amd64.
Preparing to unpack .../058-libnuma1_2.0.19-1build1_amd64.deb ...
Unpacking libnuma1:amd64 (2.0.19-1build1) ...
Selecting previously unselected package libplymouth5:amd64.
Preparing to unpack .../059-libplymouth5_24.004.60+git20250831.4a3c171d-0ubuntu8_amd64.deb ...
Unpacking libplymouth5:amd64 (24.004.60+git20250831.4a3c171d-0ubuntu8) ...
Selecting previously unselected package libusb-1.0-0:amd64.
Preparing to unpack .../060-libusb-1.0-0_2%3a1.0.29-2build1_amd64.deb ...
Unpacking libusb-1.0-0:amd64 (2:1.0.29-2build1) ...
Selecting previously unselected package libuv1t64:amd64.
Preparing to unpack .../061-libuv1t64_1.51.0-2ubuntu1_amd64.deb ...
Unpacking libuv1t64:amd64 (1.51.0-2ubuntu1) ...
Selecting previously unselected package pci.ids.
Preparing to unpack .../062-pci.ids_0.0~2026.02.12-1_all.deb ...
Unpacking pci.ids (0.0~2026.02.12-1) ...
Selecting previously unselected package usb.ids.
Preparing to unpack .../063-usb.ids_2025.12.13-1_all.deb ...
Unpacking usb.ids (2025.12.13-1) ...
Selecting previously unselected package usbutils.
Preparing to unpack .../064-usbutils_1%3a019-1_amd64.deb ...
Unpacking usbutils (1:019-1) ...
Selecting previously unselected package 3cpio.
Preparing to unpack .../065-3cpio_0.14.0-1ubuntu1_amd64.deb ...
Unpacking 3cpio (0.14.0-1ubuntu1) ...
Selecting previously unselected package libkf6balooengine6:amd64.
Preparing to unpack .../066-libkf6balooengine6_6.24.0-0ubuntu1_amd64.deb ...
Unpacking libkf6balooengine6:amd64 (6.24.0-0ubuntu1) ...
Selecting previously unselected package libkf6filemetadata-data.
Preparing to unpack .../067-libkf6filemetadata-data_6.24.0-0ubuntu1_all.deb ...
Unpacking libkf6filemetadata-data (6.24.0-0ubuntu1) ...
Selecting previously unselected package libkf6filemetadata3:amd64.
Preparing to unpack .../068-libkf6filemetadata3_6.24.0-0ubuntu1_amd64.deb ...
Unpacking libkf6filemetadata3:amd64 (6.24.0-0ubuntu1) ...
Selecting previously unselected package libkf6baloo6:amd64.
Preparing to unpack .../069-libkf6baloo6_6.24.0-0ubuntu1_amd64.deb ...
Unpacking libkf6baloo6:amd64 (6.24.0-0ubuntu1) ...
Selecting previously unselected package baloo6.
Preparing to unpack .../070-baloo6_6.24.0-0ubuntu1_amd64.deb ...
Unpacking baloo6 (6.24.0-0ubuntu1) ...
Selecting previously unselected package bubblewrap.
Preparing to unpack .../071-bubblewrap_0.11.1-1ubuntu0.1_amd64.deb ...
Unpacking bubblewrap (0.11.1-1ubuntu0.1) ...
Selecting previously unselected package busybox-initramfs.
Preparing to unpack .../072-busybox-initramfs_1%3a1.37.0-7ubuntu1_amd64.deb ...
Unpacking busybox-initramfs (1:1.37.0-7ubuntu1) ...
Selecting previously unselected package libtalloc2:amd64.
Preparing to unpack .../073-libtalloc2_2%3a2.4.3+samba4.23.6+dfsg-1ubuntu2.2_amd64.deb ...
Unpacking libtalloc2:amd64 (2:2.4.3+samba4.23.6+dfsg-1ubuntu2.2) ...
Selecting previously unselected package libwbclient0:amd64.
Preparing to unpack .../074-libwbclient0_2%3a4.23.6+dfsg-1ubuntu2.2_amd64.deb ...
Unpacking libwbclient0:amd64 (2:4.23.6+dfsg-1ubuntu2.2) ...
Selecting previously unselected package cifs-utils.
Preparing to unpack .../075-cifs-utils_2%3a7.4-1ubuntu0.26.04.3_amd64.deb ...
Unpacking cifs-utils (2:7.4-1ubuntu0.26.04.3) ...
Selecting previously unselected package libdconf1:amd64.
Preparing to unpack .../076-libdconf1_0.49.0-4_amd64.deb ...
Unpacking libdconf1:amd64 (0.49.0-4) ...
Selecting previously unselected package dconf-service.
Preparing to unpack .../077-dconf-service_0.49.0-4_amd64.deb ...
Unpacking dconf-service (0.49.0-4) ...
Selecting previously unselected package dconf-gsettings-backend:amd64.
Preparing to unpack .../078-dconf-gsettings-backend_0.49.0-4_amd64.deb ...
Unpacking dconf-gsettings-backend:amd64 (0.49.0-4) ...
Selecting previously unselected package dolphin-data.
Preparing to unpack .../079-dolphin-data_4%3a25.12.3-0ubuntu1_all.deb ...
Unpacking dolphin-data (4:25.12.3-0ubuntu1) ...
Selecting previously unselected package libdolphinvcs6:amd64.
Preparing to unpack .../080-libdolphinvcs6_4%3a25.12.3-0ubuntu1_amd64.deb ...
Unpacking libdolphinvcs6:amd64 (4:25.12.3-0ubuntu1) ...
Selecting previously unselected package libarchive13t64:amd64.
Preparing to unpack .../081-libarchive13t64_3.8.5-1ubuntu2.2_amd64.deb ...
Unpacking libarchive13t64:amd64 (3.8.5-1ubuntu2.2) ...
Selecting previously unselected package libboost-filesystem1.90.0:amd64.
Preparing to unpack .../082-libboost-filesystem1.90.0_1.90.0-6ubuntu1_amd64.deb ...
Unpacking libboost-filesystem1.90.0:amd64 (1.90.0-6ubuntu1) ...
Selecting previously unselected package libpixman-1-0:amd64.
Preparing to unpack .../083-libpixman-1-0_0.46.4-1_amd64.deb ...
Unpacking libpixman-1-0:amd64 (0.46.4-1) ...
Selecting previously unselected package libxrender1:amd64.
Preparing to unpack .../084-libxrender1_1%3a0.9.12-1build1_amd64.deb ...
Unpacking libxrender1:amd64 (1:0.9.12-1build1) ...
Selecting previously unselected package libcairo2:amd64.
Preparing to unpack .../085-libcairo2_1.18.4-3_amd64.deb ...
Unpacking libcairo2:amd64 (1.18.4-3) ...
Selecting previously unselected package libcairo-gobject2:amd64.
Preparing to unpack .../086-libcairo-gobject2_1.18.4-3_amd64.deb ...
Unpacking libcairo-gobject2:amd64 (1.18.4-3) ...
Selecting previously unselected package libsharpyuv0:amd64.
Preparing to unpack .../087-libsharpyuv0_1.5.0-0.1build1_amd64.deb ...
Unpacking libsharpyuv0:amd64 (1.5.0-0.1build1) ...
Selecting previously unselected package libaom3:amd64.
Preparing to unpack .../088-libaom3_3.13.1-2_amd64.deb ...
Unpacking libaom3:amd64 (3.13.1-2) ...
Selecting previously unselected package libheif-plugin-aomdec:amd64.
Preparing to unpack .../089-libheif-plugin-aomdec_1.21.2-3ubuntu0.4_amd64.deb ...
Unpacking libheif-plugin-aomdec:amd64 (1.21.2-3ubuntu0.4) ...
Selecting previously unselected package libheif1:amd64.
Preparing to unpack .../090-libheif1_1.21.2-3ubuntu0.4_amd64.deb ...
Unpacking libheif1:amd64 (1.21.2-3ubuntu0.4) ...
Selecting previously unselected package libhwy1t64:amd64.
Preparing to unpack .../091-libhwy1t64_1.3.0-2_amd64.deb ...
Unpacking libhwy1t64:amd64 (1.3.0-2) ...
Selecting previously unselected package liblcms2-2:amd64.
Preparing to unpack .../092-liblcms2-2_2.17-1ubuntu0.2_amd64.deb ...
Unpacking liblcms2-2:amd64 (2.17-1ubuntu0.2) ...
Selecting previously unselected package libjxl0.11:amd64.
Preparing to unpack .../093-libjxl0.11_0.11.1-6ubuntu4.2_amd64.deb ...
Unpacking libjxl0.11:amd64 (0.11.1-6ubuntu4.2) ...
Selecting previously unselected package glycin-loaders.
Preparing to unpack .../094-glycin-loaders_2.1.1+ds-0ubuntu1_amd64.deb ...
Unpacking glycin-loaders (2.1.1+ds-0ubuntu1) ...
Selecting previously unselected package libglycin-2-0:amd64.
Preparing to unpack .../095-libglycin-2-0_2.1.1+ds-0ubuntu1_amd64.deb ...
Unpacking libglycin-2-0:amd64 (2.1.1+ds-0ubuntu1) ...
Selecting previously unselected package glycin-thumbnailers.
Preparing to unpack .../096-glycin-thumbnailers_2.1.1+ds-0ubuntu1_amd64.deb ...
Unpacking glycin-thumbnailers (2.1.1+ds-0ubuntu1) ...
Selecting previously unselected package libgdk-pixbuf2.0-common.
Preparing to unpack .../097-libgdk-pixbuf2.0-common_2.44.5+dfsg-4ubuntu1_all.deb ...
Unpacking libgdk-pixbuf2.0-common (2.44.5+dfsg-4ubuntu1) ...
Selecting previously unselected package libgdk-pixbuf-2.0-0:amd64.
Preparing to unpack .../098-libgdk-pixbuf-2.0-0_2.44.5+dfsg-4ubuntu1_amd64.deb ...
Unpacking libgdk-pixbuf-2.0-0:amd64 (2.44.5+dfsg-4ubuntu1) ...
Selecting previously unselected package libthai-data.
Preparing to unpack .../099-libthai-data_0.1.30-1_all.deb ...
Unpacking libthai-data (0.1.30-1) ...
Selecting previously unselected package libdatrie1:amd64.
Preparing to unpack .../100-libdatrie1_0.2.14-1_amd64.deb ...
Unpacking libdatrie1:amd64 (0.2.14-1) ...
Selecting previously unselected package libthai0:amd64.
Preparing to unpack .../101-libthai0_0.1.30-1_amd64.deb ...
Unpacking libthai0:amd64 (0.1.30-1) ...
Selecting previously unselected package libpango-1.0-0:amd64.
Preparing to unpack .../102-libpango-1.0-0_1.57.0-1_amd64.deb ...
Unpacking libpango-1.0-0:amd64 (1.57.0-1) ...
Selecting previously unselected package libpangoft2-1.0-0:amd64.
Preparing to unpack .../103-libpangoft2-1.0-0_1.57.0-1_amd64.deb ...
Unpacking libpangoft2-1.0-0:amd64 (1.57.0-1) ...
Selecting previously unselected package libpangocairo-1.0-0:amd64.
Preparing to unpack .../104-libpangocairo-1.0-0_1.57.0-1_amd64.deb ...
Unpacking libpangocairo-1.0-0:amd64 (1.57.0-1) ...
Selecting previously unselected package librsvg2-2:amd64.
Preparing to unpack .../105-librsvg2-2_2.61.3+dfsg-3_amd64.deb ...
Unpacking librsvg2-2:amd64 (2.61.3+dfsg-3) ...
Selecting previously unselected package liblzo2-2:amd64.
Preparing to unpack .../106-liblzo2-2_2.10-3build2_amd64.deb ...
Unpacking liblzo2-2:amd64 (2.10-3build2) ...
Selecting previously unselected package libsquashfuse0:amd64.
Preparing to unpack .../107-libsquashfuse0_0.5.2-0.3_amd64.deb ...
Unpacking libsquashfuse0:amd64 (0.5.2-0.3) ...
Selecting previously unselected package libxdgutilsbasedir1.0.1:amd64.
Preparing to unpack .../108-libxdgutilsbasedir1.0.1_1.0.1-3.2_amd64.deb ...
Unpacking libxdgutilsbasedir1.0.1:amd64 (1.0.1-3.2) ...
Selecting previously unselected package libxdgutilsdesktopentry1.0.1:amd64.
Preparing to unpack .../109-libxdgutilsdesktopentry1.0.1_1.0.1-3.2_amd64.deb ...
Unpacking libxdgutilsdesktopentry1.0.1:amd64 (1.0.1-3.2) ...
Selecting previously unselected package libappimage1.0abi1t64:amd64.
Preparing to unpack .../110-libappimage1.0abi1t64_1.0.4-5-7build1_amd64.deb ...
Unpacking libappimage1.0abi1t64:amd64 (1.0.4-5-7build1) ...
Selecting previously unselected package libva2:amd64.
Preparing to unpack .../111-libva2_2.23.0-1ubuntu1_amd64.deb ...
Unpacking libva2:amd64 (2.23.0-1ubuntu1) ...
Selecting previously unselected package libva-drm2:amd64.
Preparing to unpack .../112-libva-drm2_2.23.0-1ubuntu1_amd64.deb ...
Unpacking libva-drm2:amd64 (2.23.0-1ubuntu1) ...
Selecting previously unselected package libva-x11-2:amd64.
Preparing to unpack .../113-libva-x11-2_2.23.0-1ubuntu1_amd64.deb ...
Unpacking libva-x11-2:amd64 (2.23.0-1ubuntu1) ...
Selecting previously unselected package libvdpau1:amd64.
Preparing to unpack .../114-libvdpau1_1.5-4_amd64.deb ...
Unpacking libvdpau1:amd64 (1.5-4) ...
Selecting previously unselected package libvpl2.
Preparing to unpack .../115-libvpl2_1%3a2.16.0-1_amd64.deb ...
Unpacking libvpl2 (1:2.16.0-1) ...
Selecting previously unselected package ocl-icd-libopencl1:amd64.
Preparing to unpack .../116-ocl-icd-libopencl1_2.3.4-1_amd64.deb ...
Unpacking ocl-icd-libopencl1:amd64 (2.3.4-1) ...
Selecting previously unselected package libavutil60:amd64.
Preparing to unpack .../117-libavutil60_7%3a8.0.1-3ubuntu2_amd64.deb ...
Unpacking libavutil60:amd64 (7:8.0.1-3ubuntu2) ...
Selecting previously unselected package libcodec2-1.2:amd64.
Preparing to unpack .../118-libcodec2-1.2_1.2.0-4_amd64.deb ...
Unpacking libcodec2-1.2:amd64 (1.2.0-4) ...
Selecting previously unselected package libdav1d7:amd64.
Preparing to unpack .../119-libdav1d7_1.5.3-1_amd64.deb ...
Unpacking libdav1d7:amd64 (1.5.3-1) ...
Selecting previously unselected package libgsm1:amd64.
Preparing to unpack .../120-libgsm1_1.0.23-2_amd64.deb ...
Unpacking libgsm1:amd64 (1.0.23-2) ...
Selecting previously unselected package libmpg123-0t64:amd64.
Preparing to unpack .../121-libmpg123-0t64_1.33.3-2_amd64.deb ...
Unpacking libmpg123-0t64:amd64 (1.33.3-2) ...
Selecting previously unselected package libmp3lame0:amd64.
Preparing to unpack .../122-libmp3lame0_3.101~svn6525+dfsg-2_amd64.deb ...
Unpacking libmp3lame0:amd64 (3.101~svn6525+dfsg-2) ...
Selecting previously unselected package libopenjp2-7:amd64.
Preparing to unpack .../123-libopenjp2-7_2.5.4-1ubuntu0.1_amd64.deb ...
Unpacking libopenjp2-7:amd64 (2.5.4-1ubuntu0.1) ...
Selecting previously unselected package libopus0:amd64.
Preparing to unpack .../124-libopus0_1.6.1-1_amd64.deb ...
Unpacking libopus0:amd64 (1.6.1-1) ...
Selecting previously unselected package librav1e0.8:amd64.
Preparing to unpack .../125-librav1e0.8_0.8.1-7_amd64.deb ...
Unpacking librav1e0.8:amd64 (0.8.1-7) ...
Selecting previously unselected package libshine3:amd64.
Preparing to unpack .../126-libshine3_3.1.1-3build1_amd64.deb ...
Unpacking libshine3:amd64 (3.1.1-3build1) ...
Selecting previously unselected package libsnappy1v5:amd64.
Preparing to unpack .../127-libsnappy1v5_1.2.2-2_amd64.deb ...
Unpacking libsnappy1v5:amd64 (1.2.2-2) ...
Selecting previously unselected package libspeex1:amd64.
Preparing to unpack .../128-libspeex1_1.2.1-3build1_amd64.deb ...
Unpacking libspeex1:amd64 (1.2.1-3build1) ...
Selecting previously unselected package libsvtav1enc2:amd64.
Preparing to unpack .../129-libsvtav1enc2_2.3.0+dfsg-1build1_amd64.deb ...
Unpacking libsvtav1enc2:amd64 (2.3.0+dfsg-1build1) ...
Selecting previously unselected package libsoxr0:amd64.
Preparing to unpack .../130-libsoxr0_0.1.3-4.1_amd64.deb ...
Unpacking libsoxr0:amd64 (0.1.3-4.1) ...
Selecting previously unselected package libswresample6:amd64.
Preparing to unpack .../131-libswresample6_7%3a8.0.1-3ubuntu2_amd64.deb ...
Unpacking libswresample6:amd64 (7:8.0.1-3ubuntu2) ...
Selecting previously unselected package libtheoradec2:amd64.
Preparing to unpack .../132-libtheoradec2_1.2.0+dfsg-6_amd64.deb ...
Unpacking libtheoradec2:amd64 (1.2.0+dfsg-6) ...
Selecting previously unselected package libtheoraenc2:amd64.
Preparing to unpack .../133-libtheoraenc2_1.2.0+dfsg-6_amd64.deb ...
Unpacking libtheoraenc2:amd64 (1.2.0+dfsg-6) ...
Selecting previously unselected package libtwolame0:amd64.
Preparing to unpack .../134-libtwolame0_0.4.0-2build4_amd64.deb ...
Unpacking libtwolame0:amd64 (0.4.0-2build4) ...
Selecting previously unselected package libvorbisenc2:amd64.
Preparing to unpack .../135-libvorbisenc2_1.3.7-3build2_amd64.deb ...
Unpacking libvorbisenc2:amd64 (1.3.7-3build2) ...
Selecting previously unselected package libvpx12:amd64.
Preparing to unpack .../136-libvpx12_1.16.0-3_amd64.deb ...
Unpacking libvpx12:amd64 (1.16.0-3) ...
Selecting previously unselected package libwebp7:amd64.
Preparing to unpack .../137-libwebp7_1.5.0-0.1build1_amd64.deb ...
Unpacking libwebp7:amd64 (1.5.0-0.1build1) ...
Selecting previously unselected package libwebpmux3:amd64.
Preparing to unpack .../138-libwebpmux3_1.5.0-0.1build1_amd64.deb ...
Unpacking libwebpmux3:amd64 (1.5.0-0.1build1) ...
Selecting previously unselected package libx264-165:amd64.
Preparing to unpack .../139-libx264-165_2%3a0.165.3222+gitb35605ac-3build1_amd64.deb ...
Unpacking libx264-165:amd64 (2:0.165.3222+gitb35605ac-3build1) ...
Selecting previously unselected package libx265-215:amd64.
Preparing to unpack .../140-libx265-215_4.1-4_amd64.deb ...
Unpacking libx265-215:amd64 (4.1-4) ...
Selecting previously unselected package libxvidcore4:amd64.
Preparing to unpack .../141-libxvidcore4_2%3a1.3.7-3_amd64.deb ...
Unpacking libxvidcore4:amd64 (2:1.3.7-3) ...
Selecting previously unselected package libzvbi-common.
Preparing to unpack .../142-libzvbi-common_0.2.44-1ubuntu2_all.deb ...
Unpacking libzvbi-common (0.2.44-1ubuntu2) ...
Selecting previously unselected package libzvbi0t64:amd64.
Preparing to unpack .../143-libzvbi0t64_0.2.44-1ubuntu2_amd64.deb ...
Unpacking libzvbi0t64:amd64 (0.2.44-1ubuntu2) ...
Selecting previously unselected package libavcodec62:amd64.
Preparing to unpack .../144-libavcodec62_7%3a8.0.1-3ubuntu2_amd64.deb ...
Unpacking libavcodec62:amd64 (7:8.0.1-3ubuntu2) ...
Selecting previously unselected package libudfread3:amd64.
Preparing to unpack .../145-libudfread3_1.2.0-2_amd64.deb ...
Unpacking libudfread3:amd64 (1.2.0-2) ...
Selecting previously unselected package libbluray3:amd64.
Preparing to unpack .../146-libbluray3_1%3a1.4.1-1_amd64.deb ...
Unpacking libbluray3:amd64 (1:1.4.1-1) ...
Selecting previously unselected package libchromaprint1:amd64.
Preparing to unpack .../147-libchromaprint1_1.6.0-2build1_amd64.deb ...
Unpacking libchromaprint1:amd64 (1.6.0-2build1) ...
Selecting previously unselected package libdvdread8t64:amd64.
Preparing to unpack .../148-libdvdread8t64_7.0.1-1_amd64.deb ...
Unpacking libdvdread8t64:amd64 (7.0.1-1) ...
Selecting previously unselected package libdvdnav4:amd64.
Preparing to unpack .../149-libdvdnav4_7.0.0-2_amd64.deb ...
Unpacking libdvdnav4:amd64 (7.0.0-2) ...
Selecting previously unselected package libgme0:amd64.
Preparing to unpack .../150-libgme0_0.6.4-1_amd64.deb ...
Unpacking libgme0:amd64 (0.6.4-1) ...
Selecting previously unselected package libopenmpt0t64:amd64.
Preparing to unpack .../151-libopenmpt0t64_0.8.4-1_amd64.deb ...
Unpacking libopenmpt0t64:amd64 (0.8.4-1) ...
Selecting previously unselected package librabbitmq4:amd64.
Preparing to unpack .../152-librabbitmq4_0.15.0-1ubuntu0.26.04.1_amd64.deb ...
Unpacking librabbitmq4:amd64 (0.15.0-1ubuntu0.26.04.1) ...
Selecting previously unselected package libcjson1:amd64.
Preparing to unpack .../153-libcjson1_1.7.19-2_amd64.deb ...
Unpacking libcjson1:amd64 (1.7.19-2) ...
Selecting previously unselected package libmbedcrypto16:amd64.
Preparing to unpack .../154-libmbedcrypto16_3.6.5-0.1ubuntu2_amd64.deb ...
Unpacking libmbedcrypto16:amd64 (3.6.5-0.1ubuntu2) ...
Selecting previously unselected package librist4:amd64.
Preparing to unpack .../155-librist4_0.2.11+dfsg-1build1_amd64.deb ...
Unpacking librist4:amd64 (0.2.11+dfsg-1build1) ...
Selecting previously unselected package libsrt1.5-gnutls:amd64.
Preparing to unpack .../156-libsrt1.5-gnutls_1.5.4-3_amd64.deb ...
Unpacking libsrt1.5-gnutls:amd64 (1.5.4-3) ...
Selecting previously unselected package libssh-4:amd64.
Preparing to unpack .../157-libssh-4_0.11.3-1ubuntu2.1_amd64.deb ...
Unpacking libssh-4:amd64 (0.11.3-1ubuntu2.1) ...
Selecting previously unselected package libnorm1t64:amd64.
Preparing to unpack .../158-libnorm1t64_1.5.9+dfsg-4_amd64.deb ...
Unpacking libnorm1t64:amd64 (1.5.9+dfsg-4) ...
Selecting previously unselected package libpgm-5.3-0t64:amd64.
Preparing to unpack .../159-libpgm-5.3-0t64_5.3.128~dfsg-2.1build2_amd64.deb ...
Unpacking libpgm-5.3-0t64:amd64 (5.3.128~dfsg-2.1build2) ...
Selecting previously unselected package libsodium23:amd64.
Preparing to unpack .../160-libsodium23_1.0.18-2_amd64.deb ...
Unpacking libsodium23:amd64 (1.0.18-2) ...
Selecting previously unselected package libzmq5:amd64.
Preparing to unpack .../161-libzmq5_4.3.5-1build3_amd64.deb ...
Unpacking libzmq5:amd64 (4.3.5-1build3) ...
Selecting previously unselected package libavformat62:amd64.
Preparing to unpack .../162-libavformat62_7%3a8.0.1-3ubuntu2_amd64.deb ...
Unpacking libavformat62:amd64 (7:8.0.1-3ubuntu2) ...
Selecting previously unselected package libzip5:amd64.
Preparing to unpack .../163-libzip5_1.11.4-2_amd64.deb ...
Unpacking libzip5:amd64 (1.11.4-2) ...
Selecting previously unselected package libepub0.
Preparing to unpack .../164-libepub0_0.2.2-8_amd64.deb ...
Unpacking libepub0 (0.2.2-8) ...
Selecting previously unselected package libinih1:amd64.
Preparing to unpack .../165-libinih1_61-1ubuntu1_amd64.deb ...
Unpacking libinih1:amd64 (61-1ubuntu1) ...
Selecting previously unselected package libinireader0:amd64.
Preparing to unpack .../166-libinireader0_61-1ubuntu1_amd64.deb ...
Unpacking libinireader0:amd64 (61-1ubuntu1) ...
Selecting previously unselected package libexiv2-data.
Preparing to unpack .../167-libexiv2-data_0.28.8+dfsg-1_all.deb ...
Unpacking libexiv2-data (0.28.8+dfsg-1) ...
Selecting previously unselected package libexiv2-28:amd64.
Preparing to unpack .../168-libexiv2-28_0.28.8+dfsg-1_amd64.deb ...
Unpacking libexiv2-28:amd64 (0.28.8+dfsg-1) ...
Selecting previously unselected package libnspr4:amd64.
Preparing to unpack .../169-libnspr4_2%3a4.38.2-1ubuntu1_amd64.deb ...
Unpacking libnspr4:amd64 (2:4.38.2-1ubuntu1) ...
Selecting previously unselected package libnss3:amd64.
Preparing to unpack .../170-libnss3_2%3a3.120-1ubuntu2.1_amd64.deb ...
Unpacking libnss3:amd64 (2:3.120-1ubuntu2.1) ...
Selecting previously unselected package libdeflate0:amd64.
Preparing to unpack .../171-libdeflate0_1.23-2ubuntu1_amd64.deb ...
Unpacking libdeflate0:amd64 (1.23-2ubuntu1) ...
Selecting previously unselected package libjbig0:amd64.
Preparing to unpack .../172-libjbig0_2.1-6.1ubuntu3_amd64.deb ...
Unpacking libjbig0:amd64 (2.1-6.1ubuntu3) ...
Selecting previously unselected package liblerc4:amd64.
Preparing to unpack .../173-liblerc4_4.0.0+ds-5ubuntu2_amd64.deb ...
Unpacking liblerc4:amd64 (4.0.0+ds-5ubuntu2) ...
Selecting previously unselected package libtiff6:amd64.
Preparing to unpack .../174-libtiff6_4.7.0-3ubuntu5_amd64.deb ...
Unpacking libtiff6:amd64 (4.7.0-3ubuntu5) ...
Selecting previously unselected package libpoppler156:amd64.
Preparing to unpack .../175-libpoppler156_26.01.0-2ubuntu0.1_amd64.deb ...
Unpacking libpoppler156:amd64 (26.01.0-2ubuntu0.1) ...
Selecting previously unselected package libpoppler-qt6-3t64:amd64.
Preparing to unpack .../176-libpoppler-qt6-3t64_26.01.0-2ubuntu0.1_amd64.deb ...
Unpacking libpoppler-qt6-3t64:amd64 (26.01.0-2ubuntu0.1) ...
Selecting previously unselected package libqmobipocket6-3:amd64.
Preparing to unpack .../177-libqmobipocket6-3_4%3a25.12.3-0ubuntu1_amd64.deb ...
Unpacking libqmobipocket6-3:amd64 (4:25.12.3-0ubuntu1) ...
Selecting previously unselected package libtag2:amd64.
Preparing to unpack .../178-libtag2_2.2.1-3_amd64.deb ...
Unpacking libtag2:amd64 (2.2.1-3) ...
Selecting previously unselected package libkf6filemetadata-bin:amd64.
Preparing to unpack .../179-libkf6filemetadata-bin_6.24.0-0ubuntu1_amd64.deb ...
Unpacking libkf6filemetadata-bin:amd64 (6.24.0-0ubuntu1) ...
Selecting previously unselected package libkf6baloowidgets6:amd64.
Preparing to unpack .../180-libkf6baloowidgets6_4%3a25.12.3-0ubuntu1_amd64.deb ...
Unpacking libkf6baloowidgets6:amd64 (4:25.12.3-0ubuntu1) ...
Selecting previously unselected package libkf6kcmutils-data.
Preparing to unpack .../181-libkf6kcmutils-data_6.24.0-0ubuntu1_all.deb ...
Unpacking libkf6kcmutils-data (6.24.0-0ubuntu1) ...
Selecting previously unselected package libkf6kcmutilscore6:amd64.
Preparing to unpack .../182-libkf6kcmutilscore6_6.24.0-0ubuntu1_amd64.deb ...
Unpacking libkf6kcmutilscore6:amd64 (6.24.0-0ubuntu1) ...
Selecting previously unselected package libkf6kcmutilsquick6:amd64.
Preparing to unpack .../183-libkf6kcmutilsquick6_6.24.0-0ubuntu1_amd64.deb ...
Unpacking libkf6kcmutilsquick6:amd64 (6.24.0-0ubuntu1) ...
Selecting previously unselected package libqt6quickwidgets6:amd64.
Preparing to unpack .../184-libqt6quickwidgets6_6.10.2+dfsg-3_amd64.deb ...
Unpacking libqt6quickwidgets6:amd64 (6.10.2+dfsg-3) ...
Selecting previously unselected package libkf6kcmutils6:amd64.
Preparing to unpack .../185-libkf6kcmutils6_6.24.0-0ubuntu1_amd64.deb ...
Unpacking libkf6kcmutils6:amd64 (6.24.0-0ubuntu1) ...
Selecting previously unselected package libkf6newstuff-data.
Preparing to unpack .../186-libkf6newstuff-data_6.24.0-0ubuntu1_all.deb ...
Unpacking libkf6newstuff-data (6.24.0-0ubuntu1) ...
Selecting previously unselected package libkf6attica6:amd64.
Preparing to unpack .../187-libkf6attica6_6.24.0-0ubuntu1_amd64.deb ...
Unpacking libkf6attica6:amd64 (6.24.0-0ubuntu1) ...
Selecting previously unselected package libkf6syndication6:amd64.
Preparing to unpack .../188-libkf6syndication6_6.24.0-0ubuntu1_amd64.deb ...
Unpacking libkf6syndication6:amd64 (6.24.0-0ubuntu1) ...
Selecting previously unselected package libkf6newstuffcore6:amd64.
Preparing to unpack .../189-libkf6newstuffcore6_6.24.0-0ubuntu1_amd64.deb ...
Unpacking libkf6newstuffcore6:amd64 (6.24.0-0ubuntu1) ...
Selecting previously unselected package libkf6newstuffwidgets6:amd64.
Preparing to unpack .../190-libkf6newstuffwidgets6_6.24.0-0ubuntu1_amd64.deb ...
Unpacking libkf6newstuffwidgets6:amd64 (6.24.0-0ubuntu1) ...
Selecting previously unselected package libkf6parts-data.
Preparing to unpack .../191-libkf6parts-data_6.24.0-0ubuntu1_all.deb ...
Unpacking libkf6parts-data (6.24.0-0ubuntu1) ...
Selecting previously unselected package libkf6parts6:amd64.
Preparing to unpack .../192-libkf6parts6_6.24.0-0ubuntu1_amd64.deb ...
Unpacking libkf6parts6:amd64 (6.24.0-0ubuntu1) ...
Selecting previously unselected package libkf6textwidgets-data.
Preparing to unpack .../193-libkf6textwidgets-data_6.24.0-0ubuntu1_all.deb ...
Unpacking libkf6textwidgets-data (6.24.0-0ubuntu1) ...
Selecting previously unselected package libkf6sonnet-data.
Preparing to unpack .../194-libkf6sonnet-data_6.24.0-0ubuntu1_all.deb ...
Unpacking libkf6sonnet-data (6.24.0-0ubuntu1) ...
Selecting previously unselected package libkf6sonnetcore6:amd64.
Preparing to unpack .../195-libkf6sonnetcore6_6.24.0-0ubuntu1_amd64.deb ...
Unpacking libkf6sonnetcore6:amd64 (6.24.0-0ubuntu1) ...
Selecting previously unselected package libkf6sonnetui6:amd64.
Preparing to unpack .../196-libkf6sonnetui6_6.24.0-0ubuntu1_amd64.deb ...
Unpacking libkf6sonnetui6:amd64 (6.24.0-0ubuntu1) ...
Selecting previously unselected package libfftw3-single3:amd64.
Preparing to unpack .../197-libfftw3-single3_3.3.10-2fakesync1build3_amd64.deb ...
Unpacking libfftw3-single3:amd64 (3.3.10-2fakesync1build3) ...
Selecting previously unselected package libflac14:amd64.
Preparing to unpack .../198-libflac14_1.5.0+ds-5_amd64.deb ...
Unpacking libflac14:amd64 (1.5.0+ds-5) ...
Selecting previously unselected package libsndfile1:amd64.
Preparing to unpack .../199-libsndfile1_1.2.2-4_amd64.deb ...
Unpacking libsndfile1:amd64 (1.2.2-4) ...
Selecting previously unselected package libwebrtc-audio-processing-1-3:amd64.
Preparing to unpack .../200-libwebrtc-audio-processing-1-3_1.3-3build2_amd64.deb ...
Unpacking libwebrtc-audio-processing-1-3:amd64 (1.3-3build2) ...
Selecting previously unselected package libspa-0.2-modules:amd64.
Preparing to unpack .../201-libspa-0.2-modules_1.6.2-1ubuntu1.1_amd64.deb ...
Unpacking libspa-0.2-modules:amd64 (1.6.2-1ubuntu1.1) ...
Selecting previously unselected package libpipewire-0.3-0t64:amd64.
Preparing to unpack .../202-libpipewire-0.3-0t64_1.6.2-1ubuntu1.1_amd64.deb ...
Unpacking libpipewire-0.3-0t64:amd64 (1.6.2-1ubuntu1.1) ...
Selecting previously unselected package libasyncns0:amd64.
Preparing to unpack .../203-libasyncns0_0.8-7_amd64.deb ...
Unpacking libasyncns0:amd64 (0.8-7) ...
Selecting previously unselected package libpulse0:amd64.
Preparing to unpack .../204-libpulse0_1%3a17.0+dfsg1-2ubuntu4_amd64.deb ...
Unpacking libpulse0:amd64 (1:17.0+dfsg1-2ubuntu4) ...
Selecting previously unselected package libswscale9:amd64.
Preparing to unpack .../205-libswscale9_7%3a8.0.1-3ubuntu2_amd64.deb ...
Unpacking libswscale9:amd64 (7:8.0.1-3ubuntu2) ...
Selecting previously unselected package libxrandr2:amd64.
Preparing to unpack .../206-libxrandr2_2%3a1.5.4-1build1_amd64.deb ...
Unpacking libxrandr2:amd64 (2:1.5.4-1build1) ...
Selecting previously unselected package libqt6multimedia6:amd64.
Preparing to unpack .../207-libqt6multimedia6_6.10.2-2_amd64.deb ...
Unpacking libqt6multimedia6:amd64 (6.10.2-2) ...
Selecting previously unselected package libqt6texttospeech6:amd64.
Preparing to unpack .../208-libqt6texttospeech6_6.10.2-1_amd64.deb ...
Unpacking libqt6texttospeech6:amd64 (6.10.2-1) ...
Selecting previously unselected package libkf6textwidgets6:amd64.
Preparing to unpack .../209-libkf6textwidgets6_6.24.0-0ubuntu1_amd64.deb ...
Unpacking libkf6textwidgets6:amd64 (6.24.0-0ubuntu1) ...
Selecting previously unselected package libkf6userfeedback-data.
Preparing to unpack .../210-libkf6userfeedback-data_6.24.0-0ubuntu1_all.deb ...
Unpacking libkf6userfeedback-data (6.24.0-0ubuntu1) ...
Selecting previously unselected package libkf6userfeedbackcore6:amd64.
Preparing to unpack .../211-libkf6userfeedbackcore6_6.24.0-0ubuntu1_amd64.deb ...
Unpacking libkf6userfeedbackcore6:amd64 (6.24.0-0ubuntu1) ...
Selecting previously unselected package libkf6userfeedbackwidgets6:amd64.
Preparing to unpack .../212-libkf6userfeedbackwidgets6_6.24.0-0ubuntu1_amd64.deb ...
Unpacking libkf6userfeedbackwidgets6:amd64 (6.24.0-0ubuntu1) ...
Selecting previously unselected package libpackagekitqt6-2:amd64.
Preparing to unpack .../213-libpackagekitqt6-2_1.1.4-1_amd64.deb ...
Unpacking libpackagekitqt6-2:amd64 (1.1.4-1) ...
Selecting previously unselected package libqt6multimediawidgets6:amd64.
Preparing to unpack .../214-libqt6multimediawidgets6_6.10.2-2_amd64.deb ...
Unpacking libqt6multimediawidgets6:amd64 (6.10.2-2) ...
Selecting previously unselected package dolphin.
Preparing to unpack .../215-dolphin_4%3a25.12.3-0ubuntu1_amd64.deb ...
Unpacking dolphin (4:25.12.3-0ubuntu1) ...
Selecting previously unselected package dracut-install.
Preparing to unpack .../216-dracut-install_110-11_amd64.deb ...
Unpacking dracut-install (110-11) ...
Selecting previously unselected package libfdisk1:amd64.
Preparing to unpack .../217-libfdisk1_2.41.3-3ubuntu2.2_amd64.deb ...
Unpacking libfdisk1:amd64 (2.41.3-3ubuntu2.2) ...
Selecting previously unselected package fdisk.
Preparing to unpack .../218-fdisk_2.41.3-3ubuntu2.2_amd64.deb ...
Unpacking fdisk (2.41.3-3ubuntu2.2) ...
Selecting previously unselected package finalrd.
Preparing to unpack .../219-finalrd_9build2_all.deb ...
Unpacking finalrd (9build2) ...
Selecting previously unselected package glib-networking-common.
Preparing to unpack .../220-glib-networking-common_2.80.1-1build2_all.deb ...
Unpacking glib-networking-common (2.80.1-1build2) ...
Selecting previously unselected package glib-networking-services.
Preparing to unpack .../221-glib-networking-services_2.80.1-1build2_amd64.deb ...
Unpacking glib-networking-services (2.80.1-1build2) ...
Selecting previously unselected package user-session-migration.
Preparing to unpack .../222-user-session-migration_0.5.1_amd64.deb ...
Unpacking user-session-migration (0.5.1) ...
Selecting previously unselected package gsettings-desktop-schemas.
Preparing to unpack .../223-gsettings-desktop-schemas_50.0-1ubuntu2_all.deb ...
Unpacking gsettings-desktop-schemas (50.0-1ubuntu2) ...
Selecting previously unselected package glib-networking:amd64.
Preparing to unpack .../224-glib-networking_2.80.1-1build2_amd64.deb ...
Unpacking glib-networking:amd64 (2.80.1-1build2) ...
Selecting previously unselected package libcdparanoia0:amd64.
Preparing to unpack .../225-libcdparanoia0_3.10.2+debian-14ubuntu2_amd64.deb ...
Unpacking libcdparanoia0:amd64 (3.10.2+debian-14ubuntu2) ...
Selecting previously unselected package libgstreamer1.0-0:amd64.
Preparing to unpack .../226-libgstreamer1.0-0_1.28.2-1_amd64.deb ...
Unpacking libgstreamer1.0-0:amd64 (1.28.2-1) ...
Selecting previously unselected package liborc-0.4-0t64:amd64.
Preparing to unpack .../227-liborc-0.4-0t64_1%3a0.4.42-2_amd64.deb ...
Unpacking liborc-0.4-0t64:amd64 (1:0.4.42-2) ...
Selecting previously unselected package libgstreamer-plugins-base1.0-0:amd64.
Preparing to unpack .../228-libgstreamer-plugins-base1.0-0_1.28.2-1_amd64.deb ...
Unpacking libgstreamer-plugins-base1.0-0:amd64 (1.28.2-1) ...
Selecting previously unselected package libvisual-0.4-0:amd64.
Preparing to unpack .../229-libvisual-0.4-0_0.4.2-4_amd64.deb ...
Unpacking libvisual-0.4-0:amd64 (0.4.2-4) ...
Selecting previously unselected package gstreamer1.0-plugins-base:amd64.
Preparing to unpack .../230-gstreamer1.0-plugins-base_1.28.2-1_amd64.deb ...
Unpacking gstreamer1.0-plugins-base:amd64 (1.28.2-1) ...
Selecting previously unselected package libaa1:amd64.
Preparing to unpack .../231-libaa1_1.4p5-51.1build1_amd64.deb ...
Unpacking libaa1:amd64 (1.4p5-51.1build1) ...
Selecting previously unselected package libraw1394-11:amd64.
Preparing to unpack .../232-libraw1394-11_2.1.2-2build4_amd64.deb ...
Unpacking libraw1394-11:amd64 (2.1.2-2build4) ...
Selecting previously unselected package libavc1394-0:amd64.
Preparing to unpack .../233-libavc1394-0_0.5.4-5build4_amd64.deb ...
Unpacking libavc1394-0:amd64 (0.5.4-5build4) ...
Selecting previously unselected package libcaca0:amd64.
Preparing to unpack .../234-libcaca0_0.99.beta20-6ubuntu2.1_amd64.deb ...
Unpacking libcaca0:amd64 (0.99.beta20-6ubuntu2.1) ...
Selecting previously unselected package libdv4t64:amd64.
Preparing to unpack .../235-libdv4t64_1.0.0-17.1build2_amd64.deb ...
Unpacking libdv4t64:amd64 (1.0.0-17.1build2) ...
Selecting previously unselected package libiec61883-0:amd64.
Preparing to unpack .../236-libiec61883-0_1.2.0-8_amd64.deb ...
Unpacking libiec61883-0:amd64 (1.2.0-8) ...
Selecting previously unselected package libtheora1:amd64.
Preparing to unpack .../237-libtheora1_1.2.0+dfsg-6_amd64.deb ...
Unpacking libtheora1:amd64 (1.2.0+dfsg-6) ...
Selecting previously unselected package libshout3:amd64.
Preparing to unpack .../238-libshout3_2.4.6-1build3_amd64.deb ...
Unpacking libshout3:amd64 (2.4.6-1build3) ...
Selecting previously unselected package libv4lconvert0t64:amd64.
Preparing to unpack .../239-libv4lconvert0t64_1.32.0-2ubuntu1_amd64.deb ...
Unpacking libv4lconvert0t64:amd64 (1.32.0-2ubuntu1) ...
Selecting previously unselected package libv4l-0t64:amd64.
Preparing to unpack .../240-libv4l-0t64_1.32.0-2ubuntu1_amd64.deb ...
Unpacking libv4l-0t64:amd64 (1.32.0-2ubuntu1) ...
Selecting previously unselected package libwavpack1:amd64.
Preparing to unpack .../241-libwavpack1_5.9.0-1_amd64.deb ...
Unpacking libwavpack1:amd64 (5.9.0-1) ...
Selecting previously unselected package libxdamage1:amd64.
Preparing to unpack .../242-libxdamage1_1%3a1.1.7-1_amd64.deb ...
Unpacking libxdamage1:amd64 (1:1.1.7-1) ...
Selecting previously unselected package libxtst6:amd64.
Preparing to unpack .../243-libxtst6_2%3a1.2.5-1build1_amd64.deb ...
Unpacking libxtst6:amd64 (2:1.2.5-1build1) ...
Selecting previously unselected package libsoup-3.0-common.
Preparing to unpack .../244-libsoup-3.0-common_3.6.6-1_all.deb ...
Unpacking libsoup-3.0-common (3.6.6-1) ...
Selecting previously unselected package libsoup-3.0-0:amd64.
Preparing to unpack .../245-libsoup-3.0-0_3.6.6-1_amd64.deb ...
Unpacking libsoup-3.0-0:amd64 (3.6.6-1) ...
Selecting previously unselected package gstreamer1.0-plugins-good:amd64.
Preparing to unpack .../246-gstreamer1.0-plugins-good_1.28.2-2ubuntu0.1_amd64.deb ...
Unpacking gstreamer1.0-plugins-good:amd64 (1.28.2-2ubuntu0.1) ...
Selecting previously unselected package initramfs-tools-bin.
Preparing to unpack .../247-initramfs-tools-bin_0.151ubuntu1_amd64.deb ...
Unpacking initramfs-tools-bin (0.151ubuntu1) ...
Selecting previously unselected package libklibc:amd64.
Preparing to unpack .../248-libklibc_2.0.14-1ubuntu2_amd64.deb ...
Unpacking libklibc:amd64 (2.0.14-1ubuntu2) ...
Selecting previously unselected package klibc-utils.
Preparing to unpack .../249-klibc-utils_2.0.14-1ubuntu2_amd64.deb ...
Unpacking klibc-utils (2.0.14-1ubuntu2) ...
Selecting previously unselected package initramfs-tools-core.
Preparing to unpack .../250-initramfs-tools-core_0.151ubuntu1_all.deb ...
Unpacking initramfs-tools-core (0.151ubuntu1) ...
Selecting previously unselected package linux-base.
Preparing to unpack .../251-linux-base_4.15ubuntu5_all.deb ...
Unpacking linux-base (4.15ubuntu5) ...
Selecting previously unselected package initramfs-tools.
Preparing to unpack .../252-initramfs-tools_0.151ubuntu1_all.deb ...
Unpacking initramfs-tools (0.151ubuntu1) ...
Selecting previously unselected package iucode-tool.
Preparing to unpack .../253-iucode-tool_2.3.1-3build2_amd64.deb ...
Unpacking iucode-tool (2.3.1-3build2) ...
Selecting previously unselected package libkirigami-data.
Preparing to unpack .../254-libkirigami-data_6.24.0-0ubuntu1_all.deb ...
Unpacking libkirigami-data (6.24.0-0ubuntu1) ...
Selecting previously unselected package libqt6quicktemplates2-6:amd64.
Preparing to unpack .../255-libqt6quicktemplates2-6_6.10.2+dfsg-3_amd64.deb ...
Unpacking libqt6quicktemplates2-6:amd64 (6.10.2+dfsg-3) ...
Selecting previously unselected package libqt6quickcontrols2-6:amd64.
Preparing to unpack .../256-libqt6quickcontrols2-6_6.10.2+dfsg-3_amd64.deb ...
Unpacking libqt6quickcontrols2-6:amd64 (6.10.2+dfsg-3) ...
Selecting previously unselected package libkirigamiplatform6:amd64.
Preparing to unpack .../257-libkirigamiplatform6_6.24.0-0ubuntu1_amd64.deb ...
Unpacking libkirigamiplatform6:amd64 (6.24.0-0ubuntu1) ...
Selecting previously unselected package libkirigami6:amd64.
Preparing to unpack .../258-libkirigami6_6.24.0-0ubuntu1_amd64.deb ...
Unpacking libkirigami6:amd64 (6.24.0-0ubuntu1) ...
Selecting previously unselected package libkirigamidelegates6:amd64.
Preparing to unpack .../259-libkirigamidelegates6_6.24.0-0ubuntu1_amd64.deb ...
Unpacking libkirigamidelegates6:amd64 (6.24.0-0ubuntu1) ...
Selecting previously unselected package qml6-module-qtqml-models:amd64.
Preparing to unpack .../260-qml6-module-qtqml-models_6.10.2+dfsg-3_amd64.deb ...
Unpacking qml6-module-qtqml-models:amd64 (6.10.2+dfsg-3) ...
Selecting previously unselected package qml6-module-qtqml-workerscript:amd64.
Preparing to unpack .../261-qml6-module-qtqml-workerscript_6.10.2+dfsg-3_amd64.deb ...
Unpacking qml6-module-qtqml-workerscript:amd64 (6.10.2+dfsg-3) ...
Selecting previously unselected package qml6-module-qtqml:amd64.
Preparing to unpack .../262-qml6-module-qtqml_6.10.2+dfsg-3_amd64.deb ...
Unpacking qml6-module-qtqml:amd64 (6.10.2+dfsg-3) ...
Selecting previously unselected package qml6-module-qtquick:amd64.
Preparing to unpack .../263-qml6-module-qtquick_6.10.2+dfsg-3_amd64.deb ...
Unpacking qml6-module-qtquick:amd64 (6.10.2+dfsg-3) ...
Selecting previously unselected package qml6-module-qtquick-templates:amd64.
Preparing to unpack .../264-qml6-module-qtquick-templates_6.10.2+dfsg-3_amd64.deb ...
Unpacking qml6-module-qtquick-templates:amd64 (6.10.2+dfsg-3) ...
Selecting previously unselected package qml6-module-qt-labs-qmlmodels:amd64.
Preparing to unpack .../265-qml6-module-qt-labs-qmlmodels_6.10.2+dfsg-3_amd64.deb ...
Unpacking qml6-module-qt-labs-qmlmodels:amd64 (6.10.2+dfsg-3) ...
Selecting previously unselected package libqt6quickshapes6:amd64.
Preparing to unpack .../266-libqt6quickshapes6_6.10.2+dfsg-3_amd64.deb ...
Unpacking libqt6quickshapes6:amd64 (6.10.2+dfsg-3) ...
Selecting previously unselected package qml6-module-qtquick-shapes:amd64.
Preparing to unpack .../267-qml6-module-qtquick-shapes_6.10.2+dfsg-3_amd64.deb ...
Unpacking qml6-module-qtquick-shapes:amd64 (6.10.2+dfsg-3) ...
Selecting previously unselected package qml6-module-qtquick-window:amd64.
Preparing to unpack .../268-qml6-module-qtquick-window_6.10.2+dfsg-3_amd64.deb ...
Unpacking qml6-module-qtquick-window:amd64 (6.10.2+dfsg-3) ...
Selecting previously unselected package qml6-module-qtquick-controls:amd64.
Preparing to unpack .../269-qml6-module-qtquick-controls_6.10.2+dfsg-3_amd64.deb ...
Unpacking qml6-module-qtquick-controls:amd64 (6.10.2+dfsg-3) ...
Selecting previously unselected package qml6-module-qtquick-layouts:amd64.
Preparing to unpack .../270-qml6-module-qtquick-layouts_6.10.2+dfsg-3_amd64.deb ...
Unpacking qml6-module-qtquick-layouts:amd64 (6.10.2+dfsg-3) ...
Selecting previously unselected package libkirigamicontrols6:amd64.
Preparing to unpack .../271-libkirigamicontrols6_6.24.0-0ubuntu1_amd64.deb ...
Unpacking libkirigamicontrols6:amd64 (6.24.0-0ubuntu1) ...
Selecting previously unselected package libkirigamidialogs6:amd64.
Preparing to unpack .../272-libkirigamidialogs6_6.24.0-0ubuntu1_amd64.deb ...
Unpacking libkirigamidialogs6:amd64 (6.24.0-0ubuntu1) ...
Selecting previously unselected package libkirigamilayouts6:amd64.
Preparing to unpack .../273-libkirigamilayouts6_6.24.0-0ubuntu1_amd64.deb ...
Unpacking libkirigamilayouts6:amd64 (6.24.0-0ubuntu1) ...
Selecting previously unselected package libkirigamilayoutsprivate6:amd64.
Preparing to unpack .../274-libkirigamilayoutsprivate6_6.24.0-0ubuntu1_amd64.deb ...
Unpacking libkirigamilayoutsprivate6:amd64 (6.24.0-0ubuntu1) ...
Selecting previously unselected package libkirigamipolyfill6:amd64.
Preparing to unpack .../275-libkirigamipolyfill6_6.24.0-0ubuntu1_amd64.deb ...
Unpacking libkirigamipolyfill6:amd64 (6.24.0-0ubuntu1) ...
Selecting previously unselected package libkirigamiprimitives6:amd64.
Preparing to unpack .../276-libkirigamiprimitives6_6.24.0-0ubuntu1_amd64.deb ...
Unpacking libkirigamiprimitives6:amd64 (6.24.0-0ubuntu1) ...
Selecting previously unselected package libkirigamiprivate6:amd64.
Preparing to unpack .../277-libkirigamiprivate6_6.24.0-0ubuntu1_amd64.deb ...
Unpacking libkirigamiprivate6:amd64 (6.24.0-0ubuntu1) ...
Selecting previously unselected package libkirigamitemplates6:amd64.
Preparing to unpack .../278-libkirigamitemplates6_6.24.0-0ubuntu1_amd64.deb ...
Unpacking libkirigamitemplates6:amd64 (6.24.0-0ubuntu1) ...
Selecting previously unselected package qml6-module-org-kde-kirigami:amd64.
Preparing to unpack .../279-qml6-module-org-kde-kirigami_6.24.0-0ubuntu1_amd64.deb ...
Unpacking qml6-module-org-kde-kirigami:amd64 (6.24.0-0ubuntu1) ...
Selecting previously unselected package qml6-module-qtquick-effects:amd64.
Preparing to unpack .../280-qml6-module-qtquick-effects_6.10.2+dfsg-3_amd64.deb ...
Unpacking qml6-module-qtquick-effects:amd64 (6.10.2+dfsg-3) ...
Selecting previously unselected package libgfortran5:amd64.
Preparing to unpack .../281-libgfortran5_16-20260322-1ubuntu1_amd64.deb ...
Unpacking libgfortran5:amd64 (16-20260322-1ubuntu1) ...
Selecting previously unselected package libopenblas0-pthread:amd64.
Preparing to unpack .../282-libopenblas0-pthread_0.3.32+ds-5_amd64.deb ...
Unpacking libopenblas0-pthread:amd64 (0.3.32+ds-5) ...
Selecting previously unselected package libopenblas0:amd64.
Preparing to unpack .../283-libopenblas0_0.3.32+ds-5_amd64.deb ...
Unpacking libopenblas0:amd64 (0.3.32+ds-5) ...
Selecting previously unselected package libhwloc15:amd64.
Preparing to unpack .../284-libhwloc15_2.13.0-2_amd64.deb ...
Unpacking libhwloc15:amd64 (2.13.0-2) ...
Selecting previously unselected package libtbbbind-2-5:amd64.
Preparing to unpack .../285-libtbbbind-2-5_2022.3.0-2_amd64.deb ...
Unpacking libtbbbind-2-5:amd64 (2022.3.0-2) ...
Selecting previously unselected package libtbbmalloc2:amd64.
Preparing to unpack .../286-libtbbmalloc2_2022.3.0-2_amd64.deb ...
Unpacking libtbbmalloc2:amd64 (2022.3.0-2) ...
Selecting previously unselected package libtbb12:amd64.
Preparing to unpack .../287-libtbb12_2022.3.0-2_amd64.deb ...
Unpacking libtbb12:amd64 (2022.3.0-2) ...
Selecting previously unselected package libopencv-core410:amd64.
Preparing to unpack .../288-libopencv-core410_4.10.0+dfsg-7ubuntu5_amd64.deb ...
Unpacking libopencv-core410:amd64 (4.10.0+dfsg-7ubuntu5) ...
Selecting previously unselected package libopencv-imgproc410:amd64.
Preparing to unpack .../289-libopencv-imgproc410_4.10.0+dfsg-7ubuntu5_amd64.deb ...
Unpacking libopencv-imgproc410:amd64 (4.10.0+dfsg-7ubuntu5) ...
Selecting previously unselected package libkquickimageeditor1:amd64.
Preparing to unpack .../290-libkquickimageeditor1_0.6.0-2ubuntu0.1_amd64.deb ...
Unpacking libkquickimageeditor1:amd64 (0.6.0-2ubuntu0.1) ...
Selecting previously unselected package qml6-module-org-kde-kquickimageeditor:amd64.
Preparing to unpack .../291-qml6-module-org-kde-kquickimageeditor_0.6.0-2ubuntu0.1_amd64.deb ...
Unpacking qml6-module-org-kde-kquickimageeditor:amd64 (0.6.0-2ubuntu0.1) ...
Selecting previously unselected package qml6-module-qtmultimedia:amd64.
Preparing to unpack .../292-qml6-module-qtmultimedia_6.10.2-2_amd64.deb ...
Unpacking qml6-module-qtmultimedia:amd64 (6.10.2-2) ...
Selecting previously unselected package libzxing3:amd64.
Preparing to unpack .../293-libzxing3_2.3.0-5_amd64.deb ...
Unpacking libzxing3:amd64 (2.3.0-5) ...
Selecting previously unselected package libkf6prisonscanner6:amd64.
Preparing to unpack .../294-libkf6prisonscanner6_6.24.0-0ubuntu1_amd64.deb ...
Unpacking libkf6prisonscanner6:amd64 (6.24.0-0ubuntu1) ...
Selecting previously unselected package qml6-module-qtcore:amd64.
Preparing to unpack .../295-qml6-module-qtcore_6.10.2+dfsg-3_amd64.deb ...
Unpacking qml6-module-qtcore:amd64 (6.10.2+dfsg-3) ...
Selecting previously unselected package libkf6bluezqt-data.
Preparing to unpack .../296-libkf6bluezqt-data_6.24.0-0ubuntu1_all.deb ...
Unpacking libkf6bluezqt-data (6.24.0-0ubuntu1) ...
Selecting previously unselected package libkf6bluezqt6:amd64.
Preparing to unpack .../297-libkf6bluezqt6_6.24.0-0ubuntu1_amd64.deb ...
Unpacking libkf6bluezqt6:amd64 (6.24.0-0ubuntu1) ...
Selecting previously unselected package qml6-module-org-kde-bluezqt:amd64.
Preparing to unpack .../298-qml6-module-org-kde-bluezqt_6.24.0-0ubuntu1_amd64.deb ...
Unpacking qml6-module-org-kde-bluezqt:amd64 (6.24.0-0ubuntu1) ...
Selecting previously unselected package qml6-module-org-kde-config:amd64.
Preparing to unpack .../299-qml6-module-org-kde-config_6.24.0-0ubuntu1_amd64.deb ...
Unpacking qml6-module-org-kde-config:amd64 (6.24.0-0ubuntu1) ...
Selecting previously unselected package qml6-module-org-kde-kcmutils:amd64.
Preparing to unpack .../300-qml6-module-org-kde-kcmutils_6.24.0-0ubuntu1_amd64.deb ...
Unpacking qml6-module-org-kde-kcmutils:amd64 (6.24.0-0ubuntu1) ...
Selecting previously unselected package libdmtx0t64:amd64.
Preparing to unpack .../301-libdmtx0t64_0.7.8-1_amd64.deb ...
Unpacking libdmtx0t64:amd64 (0.7.8-1) ...
Selecting previously unselected package libqrencode4:amd64.
Preparing to unpack .../302-libqrencode4_4.1.1-2build1_amd64.deb ...
Unpacking libqrencode4:amd64 (4.1.1-2build1) ...
Selecting previously unselected package libkf6prison6:amd64.
Preparing to unpack .../303-libkf6prison6_6.24.0-0ubuntu1_amd64.deb ...
Unpacking libkf6prison6:amd64 (6.24.0-0ubuntu1) ...
Selecting previously unselected package qml6-module-org-kde-prison:amd64.
Preparing to unpack .../304-qml6-module-org-kde-prison_6.24.0-0ubuntu1_amd64.deb ...
Unpacking qml6-module-org-kde-prison:amd64 (6.24.0-0ubuntu1) ...
Selecting previously unselected package qml6-module-qt-labs-folderlistmodel:amd64.
Preparing to unpack .../305-qml6-module-qt-labs-folderlistmodel_6.10.2+dfsg-3_amd64.deb ...
Unpacking qml6-module-qt-labs-folderlistmodel:amd64 (6.10.2+dfsg-3) ...
Selecting previously unselected package qml6-module-qtquick-dialogs:amd64.
Preparing to unpack .../306-qml6-module-qtquick-dialogs_6.10.2+dfsg-3_amd64.deb ...
Unpacking qml6-module-qtquick-dialogs:amd64 (6.10.2+dfsg-3) ...
Selecting previously unselected package libaccounts-glib0:amd64.
Preparing to unpack .../307-libaccounts-glib0_1.27-3_amd64.deb ...
Unpacking libaccounts-glib0:amd64 (1.27-3) ...
Selecting previously unselected package libaccounts-qt6-1:amd64.
Preparing to unpack .../308-libaccounts-qt6-1_1.17-4ubuntu2_amd64.deb ...
Unpacking libaccounts-qt6-1:amd64 (1.17-4ubuntu2) ...
Selecting previously unselected package libsignon-qt6-1:amd64.
Preparing to unpack .../309-libsignon-qt6-1_8.61+git20231015.c8ad982-8_amd64.deb ...
Unpacking libsignon-qt6-1:amd64 (8.61+git20231015.c8ad982-8) ...
Selecting previously unselected package qml6-module-sso-onlineaccounts:amd64.
Preparing to unpack .../310-qml6-module-sso-onlineaccounts_0.7+git20231028.05e79eb-7_amd64.deb ...
Unpacking qml6-module-sso-onlineaccounts:amd64 (0.7+git20231028.05e79eb-7) ...
Selecting previously unselected package libkaccounts6-2:amd64.
Preparing to unpack .../311-libkaccounts6-2_4%3a25.12.3-0ubuntu1_amd64.deb ...
Unpacking libkaccounts6-2:amd64 (4:25.12.3-0ubuntu1) ...
Selecting previously unselected package libkf6purpose-data.
Preparing to unpack .../312-libkf6purpose-data_6.24.0-0ubuntu1_all.deb ...
Unpacking libkf6purpose-data (6.24.0-0ubuntu1) ...
Selecting previously unselected package libkf6purpose6:amd64.
Preparing to unpack .../313-libkf6purpose6_6.24.0-0ubuntu1_amd64.deb ...
Unpacking libkf6purpose6:amd64 (6.24.0-0ubuntu1) ...
Selecting previously unselected package libkf6purposewidgets6:amd64.
Preparing to unpack .../314-libkf6purposewidgets6_6.24.0-0ubuntu1_amd64.deb ...
Unpacking libkf6purposewidgets6:amd64 (6.24.0-0ubuntu1) ...
Selecting previously unselected package libkf6purpose-bin:amd64.
Preparing to unpack .../315-libkf6purpose-bin_6.24.0-0ubuntu1_amd64.deb ...
Unpacking libkf6purpose-bin:amd64 (6.24.0-0ubuntu1) ...
Selecting previously unselected package libkf6statusnotifieritem-data.
Preparing to unpack .../316-libkf6statusnotifieritem-data_6.24.0-0ubuntu1_all.deb ...
Unpacking libkf6statusnotifieritem-data (6.24.0-0ubuntu1) ...
Selecting previously unselected package libkf6statusnotifieritem6:amd64.
Preparing to unpack .../317-libkf6statusnotifieritem6_6.24.0-0ubuntu1_amd64.deb ...
Unpacking libkf6statusnotifieritem6:amd64 (6.24.0-0ubuntu1) ...
Selecting previously unselected package libkpipewire-data.
Preparing to unpack .../318-libkpipewire-data_6.6.4-0ubuntu1_all.deb ...
Unpacking libkpipewire-data (6.6.4-0ubuntu1) ...
Selecting previously unselected package libunibreak6:amd64.
Preparing to unpack .../319-libunibreak6_6.1-3build1_amd64.deb ...
Unpacking libunibreak6:amd64 (6.1-3build1) ...
Selecting previously unselected package libass9:amd64.
Preparing to unpack .../320-libass9_1%3a0.17.4-2_amd64.deb ...
Unpacking libass9:amd64 (1:0.17.4-2) ...
Selecting previously unselected package libbs2b0:amd64.
Preparing to unpack .../321-libbs2b0_3.1.0+dfsg-8build1_amd64.deb ...
Unpacking libbs2b0:amd64 (3.1.0+dfsg-8build1) ...
Selecting previously unselected package libflite1:amd64.
Preparing to unpack .../322-libflite1_2.2-7build1_amd64.deb ...
Unpacking libflite1:amd64 (2.2-7build1) ...
Selecting previously unselected package libserd-0-0:amd64.
Preparing to unpack .../323-libserd-0-0_0.32.6-1_amd64.deb ...
Unpacking libserd-0-0:amd64 (0.32.6-1) ...
Selecting previously unselected package libzix-0-0:amd64.
Preparing to unpack .../324-libzix-0-0_0.8.0-1_amd64.deb ...
Unpacking libzix-0-0:amd64 (0.8.0-1) ...
Selecting previously unselected package libsord-0-0:amd64.
Preparing to unpack .../325-libsord-0-0_0.16.20-1_amd64.deb ...
Unpacking libsord-0-0:amd64 (0.16.20-1) ...
Selecting previously unselected package libsratom-0-0:amd64.
Preparing to unpack .../326-libsratom-0-0_0.6.20-1_amd64.deb ...
Unpacking libsratom-0-0:amd64 (0.6.20-1) ...
Selecting previously unselected package liblilv-0-0:amd64.
Preparing to unpack .../327-liblilv-0-0_0.26.2-1_amd64.deb ...
Unpacking liblilv-0-0:amd64 (0.26.2-1) ...
Selecting previously unselected package libmysofa1:amd64.
Preparing to unpack .../328-libmysofa1_1.3.3+dfsg-1ubuntu2_amd64.deb ...
Unpacking libmysofa1:amd64 (1.3.3+dfsg-1ubuntu2) ...
Selecting previously unselected package libplacebo360:amd64.
Preparing to unpack .../329-libplacebo360_7.360.0-3_amd64.deb ...
Unpacking libplacebo360:amd64 (7.360.0-3) ...
Selecting previously unselected package libfftw3-double3:amd64.
Preparing to unpack .../330-libfftw3-double3_3.3.10-2fakesync1build3_amd64.deb ...
Unpacking libfftw3-double3:amd64 (3.3.10-2fakesync1build3) ...
Selecting previously unselected package libsamplerate0:amd64.
Preparing to unpack .../331-libsamplerate0_0.2.2-4build2_amd64.deb ...
Unpacking libsamplerate0:amd64 (0.2.2-4build2) ...
Selecting previously unselected package librubberband3:amd64.
Preparing to unpack .../332-librubberband3_4.0.0+dfsg-2ubuntu1_amd64.deb ...
Unpacking librubberband3:amd64 (4.0.0+dfsg-2ubuntu1) ...
Selecting previously unselected package libvidstab1.1:amd64.
Preparing to unpack .../333-libvidstab1.1_1.1.0-2.1_amd64.deb ...
Unpacking libvidstab1.1:amd64 (1.1.0-2.1) ...
Selecting previously unselected package libzimg2:amd64.
Preparing to unpack .../334-libzimg2_3.0.6+ds1-1_amd64.deb ...
Unpacking libzimg2:amd64 (3.0.6+ds1-1) ...
Selecting previously unselected package libavfilter11:amd64.
Preparing to unpack .../335-libavfilter11_7%3a8.0.1-3ubuntu2_amd64.deb ...
Unpacking libavfilter11:amd64 (7:8.0.1-3ubuntu2) ...
Selecting previously unselected package libepoxy0:amd64.
Preparing to unpack .../336-libepoxy0_1.5.10-2build1_amd64.deb ...
Unpacking libepoxy0:amd64 (1.5.10-2build1) ...
Selecting previously unselected package libkpipewire6:amd64.
Preparing to unpack .../337-libkpipewire6_6.6.4-0ubuntu1_amd64.deb ...
Unpacking libkpipewire6:amd64 (6.6.4-0ubuntu1) ...
Selecting previously unselected package libkpipewiredmabuf6:amd64.
Preparing to unpack .../338-libkpipewiredmabuf6_6.6.4-0ubuntu1_amd64.deb ...
Unpacking libkpipewiredmabuf6:amd64 (6.6.4-0ubuntu1) ...
Selecting previously unselected package libkpipewirerecord6:amd64.
Preparing to unpack .../339-libkpipewirerecord6_6.6.4-0ubuntu1_amd64.deb ...
Unpacking libkpipewirerecord6:amd64 (6.6.4-0ubuntu1) ...
Selecting previously unselected package kde-spectacle.
Preparing to unpack .../340-kde-spectacle_4%3a6.6.6-0ubuntu0.1_amd64.deb ...
Unpacking kde-spectacle (4:6.6.6-0ubuntu0.1) ...
Selecting previously unselected package kio-fuse.
Preparing to unpack .../341-kio-fuse_5.1.1-1_amd64.deb ...
Unpacking kio-fuse (5.1.1-1) ...
Selecting previously unselected package kirigami-addons-data.
Preparing to unpack .../342-kirigami-addons-data_1.11.0-2ubuntu2_all.deb ...
Unpacking kirigami-addons-data (1.11.0-2ubuntu2) ...
Selecting previously unselected package libkf6pty-data.
Preparing to unpack .../343-libkf6pty-data_6.24.0-0ubuntu1_all.deb ...
Unpacking libkf6pty-data (6.24.0-0ubuntu1) ...
Selecting previously unselected package libkf6pty6:amd64.
Preparing to unpack .../344-libkf6pty6_6.24.0-0ubuntu1_amd64.deb ...
Unpacking libkf6pty6:amd64 (6.24.0-0ubuntu1) ...
Selecting previously unselected package konsole-kpart.
Preparing to unpack .../345-konsole-kpart_4%3a25.12.3-0ubuntu1_amd64.deb ...
Unpacking konsole-kpart (4:25.12.3-0ubuntu1) ...
Selecting previously unselected package libkf6notifyconfig-data.
Preparing to unpack .../346-libkf6notifyconfig-data_6.24.0-0ubuntu1_all.deb ...
Unpacking libkf6notifyconfig-data (6.24.0-0ubuntu1) ...
Selecting previously unselected package libkf6notifyconfig6:amd64.
Preparing to unpack .../347-libkf6notifyconfig6_6.24.0-0ubuntu1_amd64.deb ...
Unpacking libkf6notifyconfig6:amd64 (6.24.0-0ubuntu1) ...
Selecting previously unselected package konsole.
Preparing to unpack .../348-konsole_4%3a25.12.3-0ubuntu1_amd64.deb ...
Unpacking konsole (4:25.12.3-0ubuntu1) ...
Selecting previously unselected package kwayland6-data.
Preparing to unpack .../349-kwayland6-data_4%3a6.6.4-0ubuntu1_all.deb ...
Unpacking kwayland6-data (4:6.6.4-0ubuntu1) ...
Selecting previously unselected package libkdecorations3private2:amd64.
Preparing to unpack .../350-libkdecorations3private2_4%3a6.6.4-0ubuntu1_amd64.deb ...
Unpacking libkdecorations3private2:amd64 (4:6.6.4-0ubuntu1) ...
Selecting previously unselected package libkdecorations3-6:amd64.
Preparing to unpack .../351-libkdecorations3-6_4%3a6.6.4-0ubuntu1_amd64.deb ...
Unpacking libkdecorations3-6:amd64 (4:6.6.4-0ubuntu1) ...
Selecting previously unselected package libqt6openglwidgets6:amd64.
Preparing to unpack .../352-libqt6openglwidgets6_6.10.2+dfsg-7_amd64.deb ...
Unpacking libqt6openglwidgets6:amd64 (6.10.2+dfsg-7) ...
Selecting previously unselected package libqt6uitools6:amd64.
Preparing to unpack .../353-libqt6uitools6_6.10.2-1_amd64.deb ...
Unpacking libqt6uitools6:amd64 (6.10.2-1) ...
Selecting previously unselected package kwin-style-aurorae.
Preparing to unpack .../354-kwin-style-aurorae_6.6.6-0ubuntu0.1_amd64.deb ...
Unpacking kwin-style-aurorae (6.6.6-0ubuntu0.1) ...
Selecting previously unselected package libxt6t64:amd64.
Preparing to unpack .../355-libxt6t64_1%3a1.2.1-1.3build1_amd64.deb ...
Unpacking libxt6t64:amd64 (1:1.2.1-1.3build1) ...
Selecting previously unselected package libxmu6:amd64.
Preparing to unpack .../356-libxmu6_2%3a1.1.3-4_amd64.deb ...
Unpacking libxmu6:amd64 (2:1.1.3-4) ...
Selecting previously unselected package libxpm4:amd64.
Preparing to unpack .../357-libxpm4_1%3a3.5.17-1ubuntu0.26.04.1_amd64.deb ...
Unpacking libxpm4:amd64 (1:3.5.17-1ubuntu0.26.04.1) ...
Selecting previously unselected package libxaw7:amd64.
Preparing to unpack .../358-libxaw7_2%3a1.0.16-1build1_amd64.deb ...
Unpacking libxaw7:amd64 (2:1.0.16-1build1) ...
Selecting previously unselected package libxkbfile1:amd64.
Preparing to unpack .../359-libxkbfile1_1%3a1.1.0-1build5_amd64.deb ...
Unpacking libxkbfile1:amd64 (1:1.1.0-1build5) ...
Selecting previously unselected package x11-xkb-utils.
Preparing to unpack .../360-x11-xkb-utils_7.7+9build1_amd64.deb ...
Unpacking x11-xkb-utils (7.7+9build1) ...
Selecting previously unselected package xserver-common.
Preparing to unpack .../361-xserver-common_2%3a21.1.22-1ubuntu1_all.deb ...
Unpacking xserver-common (2:21.1.22-1ubuntu1) ...
Selecting previously unselected package libdecor-0-0:amd64.
Preparing to unpack .../362-libdecor-0-0_0.2.5-1_amd64.deb ...
Unpacking libdecor-0-0:amd64 (0.2.5-1) ...
Selecting previously unselected package libei1:amd64.
Preparing to unpack .../363-libei1_1.5.0-3_amd64.deb ...
Unpacking libei1:amd64 (1.5.0-3) ...
Selecting previously unselected package libgl1:amd64.
Preparing to unpack .../364-libgl1_1.7.0-3_amd64.deb ...
Unpacking libgl1:amd64 (1.7.0-3) ...
Selecting previously unselected package liboeffis1:amd64.
Preparing to unpack .../365-liboeffis1_1.5.0-3_amd64.deb ...
Unpacking liboeffis1:amd64 (1.5.0-3) ...
Selecting previously unselected package libxcvt0:amd64.
Preparing to unpack .../366-libxcvt0_0.1.3-1build1_amd64.deb ...
Unpacking libxcvt0:amd64 (0.1.3-1build1) ...
Selecting previously unselected package libfontenc1:amd64.
Preparing to unpack .../367-libfontenc1_1%3a1.1.8-1build2_amd64.deb ...
Unpacking libfontenc1:amd64 (1:1.1.8-1build2) ...
Selecting previously unselected package libxfont2:amd64.
Preparing to unpack .../368-libxfont2_1%3a2.0.6-2ubuntu0.2_amd64.deb ...
Unpacking libxfont2:amd64 (1:2.0.6-2ubuntu0.2) ...
Selecting previously unselected package xwayland.
Preparing to unpack .../369-xwayland_2%3a24.1.10-1_amd64.deb ...
Unpacking xwayland (2:24.1.10-1) ...
Selecting previously unselected package libxcb-record0:amd64.
Preparing to unpack .../370-libxcb-record0_1.17.0-2ubuntu1_amd64.deb ...
Unpacking libxcb-record0:amd64 (1.17.0-2ubuntu1) ...
Selecting previously unselected package libkglobalacceld0:amd64.
Preparing to unpack .../371-libkglobalacceld0_6.6.5-0ubuntu0.1_amd64.deb ...
Unpacking libkglobalacceld0:amd64 (6.6.5-0ubuntu0.1) ...
Selecting previously unselected package libdisplay-info3:amd64.
Preparing to unpack .../372-libdisplay-info3_0.3.0-1_amd64.deb ...
Unpacking libdisplay-info3:amd64 (0.3.0-1) ...
Selecting previously unselected package libkwaylandclient6:amd64.
Preparing to unpack .../373-libkwaylandclient6_4%3a6.6.4-0ubuntu1_amd64.deb ...
Unpacking libkwaylandclient6:amd64 (4:6.6.4-0ubuntu1) ...
Selecting previously unselected package libxcb-composite0:amd64.
Preparing to unpack .../374-libxcb-composite0_1.17.0-2ubuntu1_amd64.deb ...
Unpacking libxcb-composite0:amd64 (1.17.0-2ubuntu1) ...
Selecting previously unselected package libkwin6.
Preparing to unpack .../375-libkwin6_4%3a6.6.6-0ubuntu0.1_amd64.deb ...
Unpacking libkwin6 (4:6.6.6-0ubuntu0.1) ...
Selecting previously unselected package libqaccessibilityclient-qt6-0:amd64.
Preparing to unpack .../376-libqaccessibilityclient-qt6-0_0.6.0-4ubuntu1_amd64.deb ...
Unpacking libqaccessibilityclient-qt6-0:amd64 (0.6.0-4ubuntu1) ...
Selecting previously unselected package kwin-wayland.
Preparing to unpack .../377-kwin-wayland_4%3a6.6.6-0ubuntu0.1_amd64.deb ...
Unpacking kwin-wayland (4:6.6.6-0ubuntu0.1) ...
Selecting previously unselected package libbluetooth3:amd64.
Preparing to unpack .../378-libbluetooth3_5.85-4ubuntu0.1_amd64.deb ...
Unpacking libbluetooth3:amd64 (5.85-4ubuntu0.1) ...
Selecting previously unselected package libclang1-21.
Preparing to unpack .../379-libclang1-21_1%3a21.1.8-6ubuntu1_amd64.deb ...
Unpacking libclang1-21 (1:21.1.8-6ubuntu1) ...
Selecting previously unselected package libddcutil5:amd64.
Preparing to unpack .../380-libddcutil5_2.2.5-1_amd64.deb ...
Unpacking libddcutil5:amd64 (2.2.5-1) ...
Selecting previously unselected package libharfbuzz-subset0:amd64.
Preparing to unpack .../381-libharfbuzz-subset0_12.3.2-2_amd64.deb ...
Unpacking libharfbuzz-subset0:amd64 (12.3.2-2) ...
Selecting previously unselected package libjson-glib-1.0-common.
Preparing to unpack .../382-libjson-glib-1.0-common_1.10.8+ds-2_all.deb ...
Unpacking libjson-glib-1.0-common (1.10.8+ds-2) ...
Selecting previously unselected package libjson-glib-1.0-0:amd64.
Preparing to unpack .../383-libjson-glib-1.0-0_1.10.8+ds-2_amd64.deb ...
Unpacking libjson-glib-1.0-0:amd64 (1.10.8+ds-2) ...
Selecting previously unselected package libkf6auth-data.
Preparing to unpack .../384-libkf6auth-data_6.24.0-0ubuntu1_all.deb ...
Unpacking libkf6auth-data (6.24.0-0ubuntu1) ...
Selecting previously unselected package libpolkit-gobject-1-0:amd64.
Preparing to unpack .../385-libpolkit-gobject-1-0_127-2ubuntu1_amd64.deb ...
Unpacking libpolkit-gobject-1-0:amd64 (127-2ubuntu1) ...
Selecting previously unselected package libpolkit-agent-1-0:amd64.
Preparing to unpack .../386-libpolkit-agent-1-0_127-2ubuntu1_amd64.deb ...
Unpacking libpolkit-agent-1-0:amd64 (127-2ubuntu1) ...
Selecting previously unselected package libpolkit-qt6-1-1:amd64.
Preparing to unpack .../387-libpolkit-qt6-1-1_0.200.0-4ubuntu1_amd64.deb ...
Unpacking libpolkit-qt6-1-1:amd64 (0.200.0-4ubuntu1) ...
Selecting previously unselected package libkf6authcore6:amd64.
Preparing to unpack .../388-libkf6authcore6_6.24.0-0ubuntu1_amd64.deb ...
Unpacking libkf6authcore6:amd64 (6.24.0-0ubuntu1) ...
Selecting previously unselected package libkf6itemmodels6:amd64.
Preparing to unpack .../389-libkf6itemmodels6_6.24.0-0ubuntu1_amd64.deb ...
Unpacking libkf6itemmodels6:amd64 (6.24.0-0ubuntu1) ...
Selecting previously unselected package libkf6modemmanagerqt6:amd64.
Preparing to unpack .../390-libkf6modemmanagerqt6_6.23.0-0ubuntu1_amd64.deb ...
Unpacking libkf6modemmanagerqt6:amd64 (6.23.0-0ubuntu1) ...
Selecting previously unselected package libkf6networkmanagerqt6:amd64.
Preparing to unpack .../391-libkf6networkmanagerqt6_6.24.0-0ubuntu1_amd64.deb ...
Unpacking libkf6networkmanagerqt6:amd64 (6.24.0-0ubuntu1) ...
Selecting previously unselected package libpulse-mainloop-glib0:amd64.
Preparing to unpack .../392-libpulse-mainloop-glib0_1%3a17.0+dfsg1-2ubuntu4_amd64.deb ...
Unpacking libpulse-mainloop-glib0:amd64 (1:17.0+dfsg1-2ubuntu4) ...
Selecting previously unselected package libkf6pulseaudioqt5:amd64.
Preparing to unpack .../393-libkf6pulseaudioqt5_1.7.0-1build1_amd64.deb ...
Unpacking libkf6pulseaudioqt5:amd64 (1.7.0-1build1) ...
Selecting previously unselected package libkf6qqc2desktopstyle-data.
Preparing to unpack .../394-libkf6qqc2desktopstyle-data_6.24.0-0ubuntu1_all.deb ...
Unpacking libkf6qqc2desktopstyle-data (6.24.0-0ubuntu1) ...
Selecting previously unselected package libkf6runner6:amd64.
Preparing to unpack .../395-libkf6runner6_6.24.0-0ubuntu1_amd64.deb ...
Unpacking libkf6runner6:amd64 (6.24.0-0ubuntu1) ...
Selecting previously unselected package libkf6screen8:amd64.
Preparing to unpack .../396-libkf6screen8_4%3a6.6.4-0ubuntu1_amd64.deb ...
Unpacking libkf6screen8:amd64 (4:6.6.4-0ubuntu1) ...
Selecting previously unselected package libkf6su-data.
Preparing to unpack .../397-libkf6su-data_6.24.0-0ubuntu1_all.deb ...
Unpacking libkf6su-data (6.24.0-0ubuntu1) ...
Selecting previously unselected package libkf6su6:amd64.
Preparing to unpack .../398-libkf6su6_6.24.0-0ubuntu1_amd64.deb ...
Unpacking libkf6su6:amd64 (6.24.0-0ubuntu1) ...
Selecting previously unselected package libkf6su-bin.
Preparing to unpack .../399-libkf6su-bin_6.24.0-0ubuntu1_amd64.deb ...
Unpacking libkf6su-bin (6.24.0-0ubuntu1) ...
Selecting previously unselected package libkscreen-bin.
Preparing to unpack .../400-libkscreen-bin_4%3a6.6.4-0ubuntu1_amd64.deb ...
Unpacking libkscreen-bin (4:6.6.4-0ubuntu1) ...
Selecting previously unselected package libkworkspace6-6.
Preparing to unpack .../401-libkworkspace6-6_4%3a6.6.6-0ubuntu0.1_amd64.deb ...
Unpacking libkworkspace6-6 (4:6.6.6-0ubuntu0.1) ...
Selecting previously unselected package liblua5.4-0:amd64.
Preparing to unpack .../402-liblua5.4-0_5.4.8-1build1_amd64.deb ...
Unpacking liblua5.4-0:amd64 (5.4.8-1build1) ...
Selecting previously unselected package libminizip1t64:amd64.
Preparing to unpack .../403-libminizip1t64_1%3a1.3.dfsg+really1.3.1-1ubuntu3.1_amd64.deb ...
Unpacking libminizip1t64:amd64 (1:1.3.dfsg+really1.3.1-1ubuntu3.1) ...
Selecting previously unselected package libmm-glib0:amd64.
Preparing to unpack .../404-libmm-glib0_1.25.95-1ubuntu1_amd64.deb ...
Unpacking libmm-glib0:amd64 (1.25.95-1ubuntu1) ...
Selecting previously unselected package libndp0:amd64.
Preparing to unpack .../405-libndp0_1.9-1build1_amd64.deb ...
Unpacking libndp0:amd64 (1.9-1build1) ...
Selecting previously unselected package libnm0:amd64.
Preparing to unpack .../406-libnm0_1.54.3-2ubuntu3_amd64.deb ...
Unpacking libnm0:amd64 (1.54.3-2ubuntu3) ...
Selecting previously unselected package libpcsclite1:amd64.
Preparing to unpack .../407-libpcsclite1_2.4.1-1_amd64.deb ...
Unpacking libpcsclite1:amd64 (2.4.1-1) ...
Selecting previously unselected package libxmlsec1-1:amd64.
Preparing to unpack .../408-libxmlsec1-1_1.3.9-1_amd64.deb ...
Unpacking libxmlsec1-1:amd64 (1.3.9-1) ...
Selecting previously unselected package libxmlsec1-openssl1:amd64.
Preparing to unpack .../409-libxmlsec1-openssl1_1.3.9-1_amd64.deb ...
Unpacking libxmlsec1-openssl1:amd64 (1.3.9-1) ...
Selecting previously unselected package libpskc0t64:amd64.
Preparing to unpack .../410-libpskc0t64_2.6.14-1_amd64.deb ...
Unpacking libpskc0t64:amd64 (2.6.14-1) ...
Selecting previously unselected package libtommath1:amd64.
Preparing to unpack .../411-libtommath1_1.3.0-1build1_amd64.deb ...
Unpacking libtommath1:amd64 (1.3.0-1build1) ...
Selecting previously unselected package libtomcrypt1:amd64.
Preparing to unpack .../412-libtomcrypt1_1.18.2+dfsg-7build2_amd64.deb ...
Unpacking libtomcrypt1:amd64 (1.18.2+dfsg-7build2) ...
Selecting previously unselected package libstoken1t64:amd64.
Preparing to unpack .../413-libstoken1t64_0.93-1_amd64.deb ...
Unpacking libstoken1t64:amd64 (0.93-1) ...
Selecting previously unselected package tpm-udev.
Preparing to unpack .../414-tpm-udev_4.1.3-6_all.deb ...
Unpacking tpm-udev (4.1.3-6) ...
Selecting previously unselected package libtss2-mu-4.0.1-0t64:amd64.
Preparing to unpack .../415-libtss2-mu-4.0.1-0t64_4.1.3-6_amd64.deb ...
Unpacking libtss2-mu-4.0.1-0t64:amd64 (4.1.3-6) ...
Selecting previously unselected package libtss2-tcti-cmd0t64:amd64.
Preparing to unpack .../416-libtss2-tcti-cmd0t64_4.1.3-6_amd64.deb ...
Unpacking libtss2-tcti-cmd0t64:amd64 (4.1.3-6) ...
Selecting previously unselected package libtss2-tcti-device0t64:amd64.
Preparing to unpack .../417-libtss2-tcti-device0t64_4.1.3-6_amd64.deb ...
Unpacking libtss2-tcti-device0t64:amd64 (4.1.3-6) ...
Selecting previously unselected package libtss2-tcti-mssim0t64:amd64.
Preparing to unpack .../418-libtss2-tcti-mssim0t64_4.1.3-6_amd64.deb ...
Unpacking libtss2-tcti-mssim0t64:amd64 (4.1.3-6) ...
Selecting previously unselected package libtss2-tcti-swtpm0t64:amd64.
Preparing to unpack .../419-libtss2-tcti-swtpm0t64_4.1.3-6_amd64.deb ...
Unpacking libtss2-tcti-swtpm0t64:amd64 (4.1.3-6) ...
Selecting previously unselected package libtss2-sys1t64:amd64.
Preparing to unpack .../420-libtss2-sys1t64_4.1.3-6_amd64.deb ...
Unpacking libtss2-sys1t64:amd64 (4.1.3-6) ...
Selecting previously unselected package libtss2-esys-3.0.2-0t64:amd64.
Preparing to unpack .../421-libtss2-esys-3.0.2-0t64_4.1.3-6_amd64.deb ...
Unpacking libtss2-esys-3.0.2-0t64:amd64 (4.1.3-6) ...
Selecting previously unselected package libtss2-tcti-libtpms0t64:amd64.
Preparing to unpack .../422-libtss2-tcti-libtpms0t64_4.1.3-6_amd64.deb ...
Unpacking libtss2-tcti-libtpms0t64:amd64 (4.1.3-6) ...
Selecting previously unselected package libtss2-tcti-spi-helper0t64:amd64.
Preparing to unpack .../423-libtss2-tcti-spi-helper0t64_4.1.3-6_amd64.deb ...
Unpacking libtss2-tcti-spi-helper0t64:amd64 (4.1.3-6) ...
Selecting previously unselected package libtss2-tctildr0t64:amd64.
Preparing to unpack .../424-libtss2-tctildr0t64_4.1.3-6_amd64.deb ...
Unpacking libtss2-tctildr0t64:amd64 (4.1.3-6) ...
Selecting previously unselected package libopenconnect5:amd64.
Preparing to unpack .../425-libopenconnect5_9.12-3.3_amd64.deb ...
Unpacking libopenconnect5:amd64 (9.12-3.3) ...
Selecting previously unselected package libspeexdsp1:amd64.
Preparing to unpack .../426-libspeexdsp1_1.2.1-3build1_amd64.deb ...
Unpacking libspeexdsp1:amd64 (1.2.1-3build1) ...
Selecting previously unselected package libroc0.4:amd64.
Preparing to unpack .../427-libroc0.4_0.4.0+dfsg-5ubuntu3.1_amd64.deb ...
Unpacking libroc0.4:amd64 (0.4.0+dfsg-5ubuntu3.1) ...
Selecting previously unselected package libsnapd-glib-2-1:amd64.
Preparing to unpack .../428-libsnapd-glib-2-1_1.72-0ubuntu3_amd64.deb ...
Unpacking libsnapd-glib-2-1:amd64 (1.72-0ubuntu3) ...
Selecting previously unselected package libpipewire-0.3-modules:amd64.
Preparing to unpack .../429-libpipewire-0.3-modules_1.6.2-1ubuntu1.1_amd64.deb ...
Unpacking libpipewire-0.3-modules:amd64 (1.6.2-1ubuntu1.1) ...
Selecting previously unselected package libshiboken6-py3-6.10.
Preparing to unpack .../430-libshiboken6-py3-6.10_6.10.2-6ubuntu1_amd64.deb ...
Unpacking libshiboken6-py3-6.10 (6.10.2-6ubuntu1) ...
Selecting previously unselected package libpyside6-py3-6.10.
Preparing to unpack .../431-libpyside6-py3-6.10_6.10.2-6ubuntu1_amd64.deb ...
Unpacking libpyside6-py3-6.10 (6.10.2-6ubuntu1) ...
Selecting previously unselected package libqcoro6dbus0t64:amd64.
Preparing to unpack .../432-libqcoro6dbus0t64_0.13.0-1ubuntu2_amd64.deb ...
Unpacking libqcoro6dbus0t64:amd64 (0.13.0-1ubuntu2) ...
Selecting previously unselected package libqt5core5t64:amd64.
Preparing to unpack .../433-libqt5core5t64_5.15.18+dfsg-1ubuntu1_amd64.deb ...
Unpacking libqt5core5t64:amd64 (5.15.18+dfsg-1ubuntu1) ...
Selecting previously unselected package libqt5dbus5t64:amd64.
Preparing to unpack .../434-libqt5dbus5t64_5.15.18+dfsg-1ubuntu1_amd64.deb ...
Unpacking libqt5dbus5t64:amd64 (5.15.18+dfsg-1ubuntu1) ...
Selecting previously unselected package libqt5network5t64:amd64.
Preparing to unpack .../435-libqt5network5t64_5.15.18+dfsg-1ubuntu1_amd64.deb ...
Unpacking libqt5network5t64:amd64 (5.15.18+dfsg-1ubuntu1) ...
Selecting previously unselected package libxcb-xinerama0:amd64.
Preparing to unpack .../436-libxcb-xinerama0_1.17.0-2ubuntu1_amd64.deb ...
Unpacking libxcb-xinerama0:amd64 (1.17.0-2ubuntu1) ...
Selecting previously unselected package libqt5gui5t64:amd64.
Preparing to unpack .../437-libqt5gui5t64_5.15.18+dfsg-1ubuntu1_amd64.deb ...
Unpacking libqt5gui5t64:amd64 (5.15.18+dfsg-1ubuntu1) ...
Selecting previously unselected package libqt5widgets5t64:amd64.
Preparing to unpack .../438-libqt5widgets5t64_5.15.18+dfsg-1ubuntu1_amd64.deb ...
Unpacking libqt5widgets5t64:amd64 (5.15.18+dfsg-1ubuntu1) ...
Selecting previously unselected package libqt5svg5:amd64.
Preparing to unpack .../439-libqt5svg5_5.15.18-1_amd64.deb ...
Unpacking libqt5svg5:amd64 (5.15.18-1) ...
Selecting previously unselected package libqt5x11extras5:amd64.
Preparing to unpack .../440-libqt5x11extras5_5.15.18-1_amd64.deb ...
Unpacking libqt5x11extras5:amd64 (5.15.18-1) ...
Selecting previously unselected package libqt6positioning6:amd64.
Preparing to unpack .../441-libqt6positioning6_6.10.2-1_amd64.deb ...
Unpacking libqt6positioning6:amd64 (6.10.2-1) ...
Selecting previously unselected package libqt6shadertools6:amd64.
Preparing to unpack .../442-libqt6shadertools6_6.10.2-1_amd64.deb ...
Unpacking libqt6shadertools6:amd64 (6.10.2-1) ...
Selecting previously unselected package libqt6waylandcompositor6:amd64.
Preparing to unpack .../443-libqt6waylandcompositor6_6.10.2-4_amd64.deb ...
Unpacking libqt6waylandcompositor6:amd64 (6.10.2-4) ...
Selecting previously unselected package libqt6webchannel6:amd64.
Preparing to unpack .../444-libqt6webchannel6_6.10.2-1_amd64.deb ...
Unpacking libqt6webchannel6:amd64 (6.10.2-1) ...
Selecting previously unselected package libqt6webengine6-data.
Preparing to unpack .../445-libqt6webengine6-data_6.10.2+dfsg-1_all.deb ...
Unpacking libqt6webengine6-data (6.10.2+dfsg-1) ...
Selecting previously unselected package libwebpdemux2:amd64.
Preparing to unpack .../446-libwebpdemux2_1.5.0-0.1build1_amd64.deb ...
Unpacking libwebpdemux2:amd64 (1.5.0-0.1build1) ...
Selecting previously unselected package libxcomposite1:amd64.
Preparing to unpack .../447-libxcomposite1_1%3a0.4.6-1build1_amd64.deb ...
Unpacking libxcomposite1:amd64 (1:0.4.6-1build1) ...
Selecting previously unselected package libqt6webenginecore6:amd64.
Preparing to unpack .../448-libqt6webenginecore6_6.10.2+dfsg-1_amd64.deb ...
Unpacking libqt6webenginecore6:amd64 (6.10.2+dfsg-1) ...
Selecting previously unselected package libqt6webenginecore6-bin.
Preparing to unpack .../449-libqt6webenginecore6-bin_6.10.2+dfsg-1_amd64.deb ...
Unpacking libqt6webenginecore6-bin (6.10.2+dfsg-1) ...
Selecting previously unselected package libqt6webenginewidgets6:amd64.
Preparing to unpack .../450-libqt6webenginewidgets6_6.10.2+dfsg-1_amd64.deb ...
Unpacking libqt6webenginewidgets6:amd64 (6.10.2+dfsg-1) ...
Selecting previously unselected package libqt6wlshellintegration6:amd64.
Preparing to unpack .../451-libqt6wlshellintegration6_6.10.2+dfsg-7_amd64.deb ...
Unpacking libqt6wlshellintegration6:amd64 (6.10.2+dfsg-7) ...
Selecting previously unselected package libquickcharts1:amd64.
Preparing to unpack .../452-libquickcharts1_6.24.0-0ubuntu1_amd64.deb ...
Unpacking libquickcharts1:amd64 (6.24.0-0ubuntu1) ...
Selecting previously unselected package libquickchartscontrols1:amd64.
Preparing to unpack .../453-libquickchartscontrols1_6.24.0-0ubuntu1_amd64.deb ...
Unpacking libquickchartscontrols1:amd64 (6.24.0-0ubuntu1) ...
Selecting previously unselected package libteamdctl0:amd64.
Preparing to unpack .../454-libteamdctl0_1.31-1build4_amd64.deb ...
Unpacking libteamdctl0:amd64 (1.31-1build4) ...
Selecting previously unselected package libwireplumber-0.5-0:amd64.
Preparing to unpack .../455-libwireplumber-0.5-0_0.5.13-1ubuntu1_amd64.deb ...
Unpacking libwireplumber-0.5-0:amd64 (0.5.13-1ubuntu1) ...
Selecting previously unselected package libxcb-damage0:amd64.
Preparing to unpack .../456-libxcb-damage0_1.17.0-2ubuntu1_amd64.deb ...
Unpacking libxcb-damage0:amd64 (1.17.0-2ubuntu1) ...
Selecting previously unselected package linux-firmware-amd-graphics.
Preparing to unpack .../457-linux-firmware-amd-graphics_20260319.git217ca6e4-0ubuntu3.1_all.deb ...
Unpacking linux-firmware-amd-graphics (20260319.git217ca6e4-0ubuntu3.1) ...
Selecting previously unselected package linux-firmware-amd-misc.
Preparing to unpack .../458-linux-firmware-amd-misc_20260319.git217ca6e4-0ubuntu1.1_all.deb ...
Unpacking linux-firmware-amd-misc (20260319.git217ca6e4-0ubuntu1.1) ...
Selecting previously unselected package linux-firmware-broadcom-wireless.
Preparing to unpack .../459-linux-firmware-broadcom-wireless_20260319.git217ca6e4-0ubuntu1.1_all.deb ...
Unpacking linux-firmware-broadcom-wireless (20260319.git217ca6e4-0ubuntu1.1) ...
Selecting previously unselected package linux-firmware-intel-graphics.
Preparing to unpack .../460-linux-firmware-intel-graphics_20260319.git217ca6e4-0ubuntu2.1_all.deb ...
Unpacking linux-firmware-intel-graphics (20260319.git217ca6e4-0ubuntu2.1) ...
Selecting previously unselected package linux-firmware-intel-misc.
Preparing to unpack .../461-linux-firmware-intel-misc_20260319.git217ca6e4-0ubuntu1.2_all.deb ...
Unpacking linux-firmware-intel-misc (20260319.git217ca6e4-0ubuntu1.2) ...
Selecting previously unselected package linux-firmware-intel-wireless.
Preparing to unpack .../462-linux-firmware-intel-wireless_20260319.git217ca6e4-0ubuntu2.1_all.deb ...
Unpacking linux-firmware-intel-wireless (20260319.git217ca6e4-0ubuntu2.1) ...
Selecting previously unselected package linux-firmware-marvell-prestera.
Preparing to unpack .../463-linux-firmware-marvell-prestera_20260319.git217ca6e4-0ubuntu1.2_all.deb ...
Unpacking linux-firmware-marvell-prestera (20260319.git217ca6e4-0ubuntu1.2) ...
Selecting previously unselected package linux-firmware-marvell-wireless.
Preparing to unpack .../464-linux-firmware-marvell-wireless_20260319.git217ca6e4-0ubuntu1.1_all.deb ...
Unpacking linux-firmware-marvell-wireless (20260319.git217ca6e4-0ubuntu1.1) ...
Selecting previously unselected package linux-firmware-mediatek.
Preparing to unpack .../465-linux-firmware-mediatek_20260319.git217ca6e4-0ubuntu1.2_all.deb ...
Unpacking linux-firmware-mediatek (20260319.git217ca6e4-0ubuntu1.2) ...
Selecting previously unselected package linux-firmware-mellanox-spectrum.
Preparing to unpack .../466-linux-firmware-mellanox-spectrum_20260319.git217ca6e4-0ubuntu1.1_all.deb ...
Unpacking linux-firmware-mellanox-spectrum (20260319.git217ca6e4-0ubuntu1.1) ...
Selecting previously unselected package linux-firmware-misc.
Preparing to unpack .../467-linux-firmware-misc_20260319.git217ca6e4-0ubuntu2.2_all.deb ...
Unpacking linux-firmware-misc (20260319.git217ca6e4-0ubuntu2.2) ...
Selecting previously unselected package linux-firmware-netronome.
Preparing to unpack .../468-linux-firmware-netronome_20260319.git217ca6e4-0ubuntu1.1_all.deb ...
Unpacking linux-firmware-netronome (20260319.git217ca6e4-0ubuntu1.1) ...
Selecting previously unselected package linux-firmware-nvidia-graphics.
Preparing to unpack .../469-linux-firmware-nvidia-graphics_20260319.git217ca6e4-0ubuntu1.1_all.deb ...
Unpacking linux-firmware-nvidia-graphics (20260319.git217ca6e4-0ubuntu1.1) ...
Selecting previously unselected package linux-firmware-qlogic.
Preparing to unpack .../470-linux-firmware-qlogic_20260319.git217ca6e4-0ubuntu1.1_all.deb ...
Unpacking linux-firmware-qlogic (20260319.git217ca6e4-0ubuntu1.1) ...
Selecting previously unselected package linux-firmware-qualcomm-graphics.
Preparing to unpack .../471-linux-firmware-qualcomm-graphics_20260319.git217ca6e4-0ubuntu1.1_all.deb ...
Unpacking linux-firmware-qualcomm-graphics (20260319.git217ca6e4-0ubuntu1.1) ...
Selecting previously unselected package linux-firmware-qualcomm-misc.
Preparing to unpack .../472-linux-firmware-qualcomm-misc_20260319.git217ca6e4-0ubuntu2.1_all.deb ...
Unpacking linux-firmware-qualcomm-misc (20260319.git217ca6e4-0ubuntu2.1) ...
Selecting previously unselected package linux-firmware-qualcomm-wireless.
Preparing to unpack .../473-linux-firmware-qualcomm-wireless_20260319.git217ca6e4-0ubuntu1.2_all.deb ...
Unpacking linux-firmware-qualcomm-wireless (20260319.git217ca6e4-0ubuntu1.2) ...
Selecting previously unselected package linux-firmware-realtek.
Preparing to unpack .../474-linux-firmware-realtek_20260319.git217ca6e4-0ubuntu1.2_all.deb ...
Unpacking linux-firmware-realtek (20260319.git217ca6e4-0ubuntu1.2) ...
Selecting previously unselected package linux-firmware.
Preparing to unpack .../475-linux-firmware_20260319.git217ca6e4.1ubuntu_all.deb ...
Unpacking linux-firmware (20260319.git217ca6e4.1ubuntu) ...
Selecting previously unselected package linux-main-modules-zfs-7.0.0-30-generic.
Preparing to unpack .../476-linux-main-modules-zfs-7.0.0-30-generic_7.0.0-30.30_amd64.deb ...
Unpacking linux-main-modules-zfs-7.0.0-30-generic (7.0.0-30.30) ...
Selecting previously unselected package wireless-regdb.
Preparing to unpack .../477-wireless-regdb_2026.02.04-0ubuntu1_all.deb ...
Unpacking wireless-regdb (2026.02.04-0ubuntu1) ...
Selecting previously unselected package linux-modules-7.0.0-30-generic.
Preparing to unpack .../478-linux-modules-7.0.0-30-generic_7.0.0-30.30_amd64.deb ...
Unpacking linux-modules-7.0.0-30-generic (7.0.0-30.30) ...
Selecting previously unselected package linux-image-7.0.0-30-generic.
Preparing to unpack .../479-linux-image-7.0.0-30-generic_7.0.0-30.30_amd64.deb ...
Unpacking linux-image-7.0.0-30-generic (7.0.0-30.30) ...
Selecting previously unselected package intel-microcode.
Preparing to unpack .../480-intel-microcode_3.20260210.1ubuntu2_amd64.deb ...
Unpacking intel-microcode (3.20260210.1ubuntu2) ...
Selecting previously unselected package amd64-microcode.
Preparing to unpack .../481-amd64-microcode_3.20251202.1ubuntu2_amd64.deb ...
Unpacking amd64-microcode (3.20251202.1ubuntu2) ...
Selecting previously unselected package linux-image-generic.
Preparing to unpack .../482-linux-image-generic_7.0.0-30.30_amd64.deb ...
Unpacking linux-image-generic (7.0.0-30.30) ...
Selecting previously unselected package localechooser-data.
Preparing to unpack .../483-localechooser-data_2.89ubuntu7_all.deb ...
Unpacking localechooser-data (2.89ubuntu7) ...
Selecting previously unselected package lzma.
Preparing to unpack .../484-lzma_25.00+dfsg-1_amd64.deb ...
Unpacking lzma (25.00+dfsg-1) ...
Selecting previously unselected package network-manager.
Preparing to unpack .../485-network-manager_1.54.3-2ubuntu3_amd64.deb ...
ls: cannot access '/etc/NetworkManager/system-connections': No such file or directory
Unpacking network-manager (1.54.3-2ubuntu3) ...
Selecting previously unselected package pipewire-bin.
Preparing to unpack .../486-pipewire-bin_1.6.2-1ubuntu1.1_amd64.deb ...
Unpacking pipewire-bin (1.6.2-1ubuntu1.1) ...
Selecting previously unselected package pipewire:amd64.
Preparing to unpack .../487-pipewire_1.6.2-1ubuntu1.1_amd64.deb ...
Unpacking pipewire:amd64 (1.6.2-1ubuntu1.1) ...
Selecting previously unselected package pipewire-pulse.
Preparing to unpack .../488-pipewire-pulse_1.6.2-1ubuntu1.1_amd64.deb ...
Unpacking pipewire-pulse (1.6.2-1ubuntu1.1) ...
Selecting previously unselected package qml6-module-org-kde-ksvg.
Preparing to unpack .../489-qml6-module-org-kde-ksvg_6.24.0-0ubuntu1_amd64.deb ...
Unpacking qml6-module-org-kde-ksvg (6.24.0-0ubuntu1) ...
Selecting previously unselected package qml6-module-qt5compat-graphicaleffects:amd64.
Preparing to unpack .../490-qml6-module-qt5compat-graphicaleffects_6.10.2-1_amd64.deb ...
Unpacking qml6-module-qt5compat-graphicaleffects:amd64 (6.10.2-1) ...
Selecting previously unselected package qml6-module-qtquick-tooling:amd64.
Preparing to unpack .../491-qml6-module-qtquick-tooling_6.10.2+dfsg-3_amd64.deb ...
Unpacking qml6-module-qtquick-tooling:amd64 (6.10.2+dfsg-3) ...
Selecting previously unselected package plasma-desktoptheme.
Preparing to unpack .../492-plasma-desktoptheme_6.6.6-0ubuntu0.1_amd64.deb ...
Unpacking plasma-desktoptheme (6.6.6-0ubuntu0.1) ...
Selecting previously unselected package qml6-module-org-kde-coreaddons:amd64.
Preparing to unpack .../493-qml6-module-org-kde-coreaddons_6.24.0-0ubuntu1_amd64.deb ...
Unpacking qml6-module-org-kde-coreaddons:amd64 (6.24.0-0ubuntu1) ...
Selecting previously unselected package qml6-module-org-kde-sonnet:amd64.
Preparing to unpack .../494-qml6-module-org-kde-sonnet_6.24.0-0ubuntu1_amd64.deb ...
Unpacking qml6-module-org-kde-sonnet:amd64 (6.24.0-0ubuntu1) ...
Selecting previously unselected package qml6-module-org-kde-desktop.
Preparing to unpack .../495-qml6-module-org-kde-desktop_6.24.0-0ubuntu1_amd64.deb ...
Unpacking qml6-module-org-kde-desktop (6.24.0-0ubuntu1) ...
Selecting previously unselected package qml6-module-org-kde-kitemmodels:amd64.
Preparing to unpack .../496-qml6-module-org-kde-kitemmodels_6.24.0-0ubuntu1_amd64.deb ...
Unpacking qml6-module-org-kde-kitemmodels:amd64 (6.24.0-0ubuntu1) ...
Selecting previously unselected package qml6-module-org-kde-kirigamiaddons-treeview:amd64.
Preparing to unpack .../497-qml6-module-org-kde-kirigamiaddons-treeview_1.11.0-2ubuntu2_amd64.deb ...
Unpacking qml6-module-org-kde-kirigamiaddons-treeview:amd64 (1.11.0-2ubuntu2) ...
Selecting previously unselected package qml6-module-org-kde-kirigamiaddons-delegates:amd64.
Preparing to unpack .../498-qml6-module-org-kde-kirigamiaddons-delegates_1.11.0-2ubuntu2_amd64.deb ...
Unpacking qml6-module-org-kde-kirigamiaddons-delegates:amd64 (1.11.0-2ubuntu2) ...
Selecting previously unselected package qml6-module-org-kde-kirigamiaddons-components:amd64.
Preparing to unpack .../499-qml6-module-org-kde-kirigamiaddons-components_1.11.0-2ubuntu2_amd64.deb ...
Unpacking qml6-module-org-kde-kirigamiaddons-components:amd64 (1.11.0-2ubuntu2) ...
Selecting previously unselected package qml6-module-org-kde-kquickcontrolsaddons:amd64.
Preparing to unpack .../500-qml6-module-org-kde-kquickcontrolsaddons_6.24.0-0ubuntu1_amd64.deb ...
Unpacking qml6-module-org-kde-kquickcontrolsaddons:amd64 (6.24.0-0ubuntu1) ...
Selecting previously unselected package plasma-pa.
Preparing to unpack .../501-plasma-pa_4%3a6.6.5-0ubuntu0.1_amd64.deb ...
Unpacking plasma-pa (4:6.6.5-0ubuntu0.1) ...
Selecting previously unselected package python3-pyside6.qtcore.
Preparing to unpack .../502-python3-pyside6.qtcore_6.10.2-6ubuntu1_amd64.deb ...
Unpacking python3-pyside6.qtcore (6.10.2-6ubuntu1) ...
Selecting previously unselected package python3-pyside6.qtdbus.
Preparing to unpack .../503-python3-pyside6.qtdbus_6.10.2-6ubuntu1_amd64.deb ...
Unpacking python3-pyside6.qtdbus (6.10.2-6ubuntu1) ...
Selecting previously unselected package python3-pyside6.qtgui.
Preparing to unpack .../504-python3-pyside6.qtgui_6.10.2-6ubuntu1_amd64.deb ...
Unpacking python3-pyside6.qtgui (6.10.2-6ubuntu1) ...
Selecting previously unselected package python3-pyside6.qtnetwork.
Preparing to unpack .../505-python3-pyside6.qtnetwork_6.10.2-6ubuntu1_amd64.deb ...
Unpacking python3-pyside6.qtnetwork (6.10.2-6ubuntu1) ...
Selecting previously unselected package python3-pyside6.qtwidgets.
Preparing to unpack .../506-python3-pyside6.qtwidgets_6.10.2-6ubuntu1_amd64.deb ...
Unpacking python3-pyside6.qtwidgets (6.10.2-6ubuntu1) ...
Selecting previously unselected package python3-pyside6.qtopengl.
Preparing to unpack .../507-python3-pyside6.qtopengl_6.10.2-6ubuntu1_amd64.deb ...
Unpacking python3-pyside6.qtopengl (6.10.2-6ubuntu1) ...
Selecting previously unselected package python3-pyside6.qtqml.
Preparing to unpack .../508-python3-pyside6.qtqml_6.10.2-6ubuntu1_amd64.deb ...
Unpacking python3-pyside6.qtqml (6.10.2-6ubuntu1) ...
Selecting previously unselected package python3-pyside6.qtquick.
Preparing to unpack .../509-python3-pyside6.qtquick_6.10.2-6ubuntu1_amd64.deb ...
Unpacking python3-pyside6.qtquick (6.10.2-6ubuntu1) ...
Selecting previously unselected package python3-pyside6.qtsvg.
Preparing to unpack .../510-python3-pyside6.qtsvg_6.10.2-6ubuntu1_amd64.deb ...
Unpacking python3-pyside6.qtsvg (6.10.2-6ubuntu1) ...
Selecting previously unselected package qml6-module-org-kde-iconthemes:amd64.
Preparing to unpack .../511-qml6-module-org-kde-iconthemes_6.24.0-0ubuntu2_amd64.deb ...
Unpacking qml6-module-org-kde-iconthemes:amd64 (6.24.0-0ubuntu2) ...
Selecting previously unselected package qml6-module-org-kde-networkmanager:amd64.
Preparing to unpack .../512-qml6-module-org-kde-networkmanager_6.24.0-0ubuntu1_amd64.deb ...
Unpacking qml6-module-org-kde-networkmanager:amd64 (6.24.0-0ubuntu1) ...
Selecting previously unselected package qml6-module-org-kde-quickcharts:amd64.
Preparing to unpack .../513-qml6-module-org-kde-quickcharts_6.24.0-0ubuntu1_amd64.deb ...
Unpacking qml6-module-org-kde-quickcharts:amd64 (6.24.0-0ubuntu1) ...
Selecting previously unselected package qt-style-kvantum-themes.
Preparing to unpack .../514-qt-style-kvantum-themes_1.1.5-1_all.deb ...
Unpacking qt-style-kvantum-themes (1.1.5-1) ...
Selecting previously unselected package qt-style-kvantum.
Preparing to unpack .../515-qt-style-kvantum_1.1.5-1_amd64.deb ...
Unpacking qt-style-kvantum (1.1.5-1) ...
Selecting previously unselected package qt6-style-kvantum.
Preparing to unpack .../516-qt6-style-kvantum_1.1.5-1_all.deb ...
Unpacking qt6-style-kvantum (1.1.5-1) ...
Selecting previously unselected package qt6-wayland:amd64.
Preparing to unpack .../517-qt6-wayland_6.10.2-4_amd64.deb ...
Unpacking qt6-wayland:amd64 (6.10.2-4) ...
Selecting previously unselected package wireplumber.
Preparing to unpack .../518-wireplumber_0.5.13-1ubuntu1_amd64.deb ...
Unpacking wireplumber (0.5.13-1ubuntu1) ...
Selecting previously unselected package xdg-desktop-portal.
Preparing to unpack .../519-xdg-desktop-portal_1.21.1+ds-1ubuntu3_amd64.deb ...
Unpacking xdg-desktop-portal (1.21.1+ds-1ubuntu3) ...
Selecting previously unselected package xdg-desktop-portal-kde.
Preparing to unpack .../520-xdg-desktop-portal-kde_6.6.6-0ubuntu0.1_amd64.deb ...
Unpacking xdg-desktop-portal-kde (6.6.6-0ubuntu0.1) ...
Selecting previously unselected package user-setup.
Preparing to unpack .../521-user-setup_1.107ubuntu2_all.deb ...
Unpacking user-setup (1.107ubuntu2) ...
Selecting previously unselected package casper.
Preparing to unpack .../522-casper_26.04.2_amd64.deb ...
Unpacking casper (26.04.2) ...
Selecting previously unselected package kde-cli-tools-data.
Preparing to unpack .../523-kde-cli-tools-data_4%3a6.6.4-0ubuntu1_all.deb ...
Unpacking kde-cli-tools-data (4:6.6.4-0ubuntu1) ...
Selecting previously unselected package kde-cli-tools.
Preparing to unpack .../524-kde-cli-tools_4%3a6.6.4-0ubuntu1_amd64.deb ...
Unpacking kde-cli-tools (4:6.6.4-0ubuntu1) ...
Selecting previously unselected package kscreen.
Preparing to unpack .../525-kscreen_4%3a6.6.5-0ubuntu0.1_amd64.deb ...
Unpacking kscreen (4:6.6.5-0ubuntu0.1) ...
Selecting previously unselected package libpowerdevilcore2:amd64.
Preparing to unpack .../526-libpowerdevilcore2_4%3a6.6.6-0ubuntu0.1_amd64.deb ...
Unpacking libpowerdevilcore2:amd64 (4:6.6.6-0ubuntu0.1) ...
Selecting previously unselected package mobile-broadband-provider-info.
Preparing to unpack .../527-mobile-broadband-provider-info_20251101-1build1_all.deb ...
Unpacking mobile-broadband-provider-info (20251101-1build1) ...
Selecting previously unselected package plasma-nm.
Preparing to unpack .../528-plasma-nm_4%3a6.6.6-0ubuntu0.1_amd64.deb ...
Unpacking plasma-nm (4:6.6.6-0ubuntu0.1) ...
Selecting previously unselected package powerdevil-data.
Preparing to unpack .../529-powerdevil-data_4%3a6.6.6-0ubuntu0.1_all.deb ...
Unpacking powerdevil-data (4:6.6.6-0ubuntu0.1) ...
Selecting previously unselected package powerdevil.
Preparing to unpack .../530-powerdevil_4%3a6.6.6-0ubuntu0.1_amd64.deb ...
Unpacking powerdevil (4:6.6.6-0ubuntu0.1) ...
Setting up libgme0:amd64 (0.6.4-1) ...
Setting up libchromaprint1:amd64 (1.6.0-2build1) ...
Setting up libksba8:amd64 (1.6.7-2build1) ...
Setting up libhwy1t64:amd64 (1.3.0-2) ...
Setting up media-types (14.0.0build1) ...
Setting up liblmdb0:amd64 (0.9.31-1build2) ...
Setting up libtext-iconv-perl:amd64 (1.7-8.1) ...
Setting up libgraphite2-3:amd64 (1.3.14-11ubuntu1.1) ...
Setting up liblcms2-2:amd64 (2.17-1ubuntu0.2) ...
Setting up libkf6i18n-data (6.24.0-0ubuntu1) ...
Setting up libtbbmalloc2:amd64 (2022.3.0-2) ...
Setting up libpixman-1-0:amd64 (0.46.4-1) ...
Setting up libdvdread8t64:amd64 (7.0.1-1) ...
Setting up libkf6auth-data (6.24.0-0ubuntu1) ...
Setting up libtext-charwidth-perl:amd64 (0.04-11build4) ...
Setting up tpm-udev (4.1.3-6) ...
Creating group 'tss' with GID 997.
Creating user 'tss' (tss user for tpm2) with UID 997 and GID 997.
Created symlink '/etc/systemd/system/paths.target.wants/tpm-udev.path' → '/usr/lib/systemd/system/tpm-udev.path'.
Running in chroot, ignoring request.
Running in chroot, ignoring request.
Running in chroot, ignoring request.
Running in chroot, ignoring request.
Setting up libnorm1t64:amd64 (1.5.9+dfsg-4) ...
Setting up libcdparanoia0:amd64 (3.10.2+debian-14ubuntu2) ...
Setting up libsharpyuv0:amd64 (1.5.0-0.1build1) ...
Setting up libqt6webengine6-data (6.10.2+dfsg-1) ...
Setting up libaom3:amd64 (3.13.1-2) ...
Setting up 3cpio (0.14.0-1ubuntu1) ...
Setting up libpciaccess0:amd64 (0.18.1-1ubuntu4.1) ...
Setting up librabbitmq4:amd64 (0.15.0-1ubuntu0.26.04.1) ...
Setting up libxau6:amd64 (1:1.0.11-1build2) ...
Setting up libxdmcp6:amd64 (1:1.1.5-2) ...
Setting up libdouble-conversion3:amd64 (3.4.0-1) ...
Setting up libnpth0t64:amd64 (1.8-3build1) ...
Setting up libraw1394-11:amd64 (2.1.2-2build4) ...
Setting up libkeyutils1:amd64 (1.6.3-6ubuntu3) ...
Setting up libapparmor1:amd64 (5.0.2-0ubuntu1~26.04.1) ...
Setting up pci.ids (0.0~2026.02.12-1) ...
Setting up libkf6solid-data (6.24.0-0ubuntu1) ...
Setting up libxcb1:amd64 (1.17.0-2ubuntu1) ...
Setting up libsodium23:amd64 (1.0.18-2) ...
Setting up libudfread3:amd64 (1.2.0-2) ...
Setting up libgpm2:amd64 (1.20.7-12build1) ...
Setting up linux-base (4.15ubuntu5) ...
Setting up libxcb-xfixes0:amd64 (1.17.0-2ubuntu1) ...
Setting up libogg0:amd64 (1.3.6-2) ...
Setting up liblerc4:amd64 (4.0.0+ds-5ubuntu2) ...
Setting up libspeex1:amd64 (1.2.1-3build1) ...
Setting up libshine3:amd64 (3.1.1-3build1) ...
Setting up libkf6guiaddons-data (6.24.0-0ubuntu1.1) ...
Setting up libcaca0:amd64 (0.99.beta20-6ubuntu2.1) ...
Setting up libvpl2 (1:2.16.0-1) ...
Setting up linux-firmware-broadcom-wireless (20260319.git217ca6e4-0ubuntu1.1) ...
Setting up bsdutils (1:2.41.3-3ubuntu2.2) ...
Setting up libtwolame0:amd64 (0.4.0-2build4) ...
Setting up libkf6purpose-data (6.24.0-0ubuntu1) ...
Setting up libxcb-xinput0:amd64 (1.17.0-2ubuntu1) ...
Setting up init (1.69) ...
Setting up libqrencode4:amd64 (4.1.1-2build1) ...
Setting up libdatrie1:amd64 (0.2.14-1) ...
Setting up iucode-tool (2.3.1-3build2) ...
Setting up mobile-broadband-provider-info (20251101-1build1) ...
Setting up libzip5:amd64 (1.11.4-2) ...
Setting up libmagic-mgc (1:5.46-5build2) ...
Setting up libgsm1:amd64 (1.0.23-2) ...
Setting up libvisual-0.4-0:amd64 (0.4.2-4) ...
Setting up libxcb-render0:amd64 (1.17.0-2ubuntu1) ...
Setting up libzix-0-0:amd64 (0.8.0-1) ...
Setting up libx264-165:amd64 (2:0.165.3222+gitb35605ac-3build1) ...
Setting up libtommath1:amd64 (1.3.0-1build1) ...
Setting up libyaml-0-2:amd64 (0.2.5-2build3) ...
Setting up distro-info-data (0.72-0ubuntu0.26.04.1) ...
Setting up libkirigami-data (6.24.0-0ubuntu1) ...
Setting up libglvnd0:amd64 (1.7.0-3) ...
Setting up libkf6userfeedback-data (6.24.0-0ubuntu1) ...
Setting up libtag2:amd64 (2.2.1-3) ...
Setting up libxml2-16:amd64 (2.15.2+dfsg-0.1ubuntu0.1) ...
Setting up libinih1:amd64 (61-1ubuntu1) ...
Setting up libtdb1:amd64 (2:1.4.14+samba4.23.6+dfsg-1ubuntu2.2) ...
Setting up libdisplay-info3:amd64 (0.3.0-1) ...
Setting up libtirpc-common (1.3.7-0.1) ...
Setting up intel-microcode (3.20260210.1ubuntu2) ...
intel-microcode: microcode will be updated at next boot
Setting up libcodec2-1.2:amd64 (1.2.0-4) ...
Setting up kwayland6-data (4:6.6.4-0ubuntu1) ...
Setting up libkf6pty-data (6.24.0-0ubuntu1) ...
Setting up libts0t64:amd64 (1.22-1.1build2) ...
Setting up libxcb-glx0:amd64 (1.17.0-2ubuntu1) ...
Setting up libbrotli1:amd64 (1.2.0-3build1) ...
Setting up linux-firmware-nvidia-graphics (20260319.git217ca6e4-0ubuntu1.1) ...
Setting up libkf6windowsystem-data (6.24.0-0ubuntu1) ...
Setting up libedit2:amd64 (3.1-20251016-1) ...
Setting up wireless-regdb (2026.02.04-0ubuntu1) ...
Setting up libtss2-mu-4.0.1-0t64:amd64 (4.1.3-6) ...
Setting up libsqlite3-0:amd64 (3.46.1-9ubuntu0.2) ...
Setting up libkf6config-data (6.24.0-0ubuntu1) ...
Setting up libgdk-pixbuf2.0-common (2.44.5+dfsg-4ubuntu1) ...
Setting up libuv1t64:amd64 (1.51.0-2ubuntu1) ...
Setting up libkf6parts-data (6.24.0-0ubuntu1) ...
Setting up libmagic1t64:amd64 (1:5.46-5build2) ...
Setting up linux-firmware-mellanox-spectrum (20260319.git217ca6e4-0ubuntu1.1) ...
Setting up libkf6wallet-data (6.24.0-0ubuntu1) ...
Setting up libmysofa1:amd64 (1.3.3+dfsg-1ubuntu2) ...
Setting up libxcb-keysyms1:amd64 (0.4.1-1build1) ...
Setting up netcat-openbsd (1.234-1) ...
update-alternatives: using /bin/nc.openbsd to provide /bin/nc (nc) in auto mode
update-alternatives: warning: skip creation of /usr/share/man/man1/nc.1.gz because associated file /usr/share/man/man1/nc_openbsd.1.gz (of link group nc) does not exist
update-alternatives: warning: skip creation of /usr/share/man/man1/netcat.1.gz because associated file /usr/share/man/man1/nc_openbsd.1.gz (of link group nc) does not exist
Setting up libxcb-shape0:amd64 (1.17.0-2ubuntu1) ...
Setting up x11-common (1:7.7+26ubuntu1) ...
invoke-rc.d: could not determine current runlevel
Setting up libsensors-config (1:3.6.2-2build1) ...
Setting up libnghttp2-14:amd64 (1.68.0-2ubuntu0.2) ...
Setting up libdeflate0:amd64 (1.23-2ubuntu1) ...
Setting up less (668-1build1) ...
Setting up libkf6coreaddons-data (6.24.0-0ubuntu1) ...
Setting up linux-firmware-qlogic (20260319.git217ca6e4-0ubuntu1.1) ...
Setting up linux-firmware-amd-graphics (20260319.git217ca6e4-0ubuntu3.1) ...
Setting up libxcb-render-util0:amd64 (0.3.10-1build1) ...
Setting up libkf6kcmutils-data (6.24.0-0ubuntu1) ...
Setting up xkb-data (2.46-2) ...
Setting up liblzo2-2:amd64 (2.10-3build2) ...
Setting up libkf6su-data (6.24.0-0ubuntu1) ...
Setting up libxcb-shm0:amd64 (1.17.0-2ubuntu1) ...
Setting up libxcb-icccm4:amd64 (0.4.2-1build1) ...
Setting up libtss2-tcti-libtpms0t64:amd64 (4.1.3-6) ...
Setting up file (1:5.46-5build2) ...
Setting up libsoup-3.0-common (3.6.6-1) ...
Setting up libmpg123-0t64:amd64 (1.33.3-2) ...
Setting up powerdevil-data (4:6.6.6-0ubuntu0.1) ...
Setting up libgomp1:amd64 (16-20260322-1ubuntu1) ...
Setting up libcjson1:amd64 (1.7.19-2) ...
Setting up libxvidcore4:amd64 (2:1.3.7-3) ...
Setting up libkf6sonnet-data (6.24.0-0ubuntu1) ...
Setting up amd64-microcode (3.20251202.1ubuntu2) ...
amd64-microcode: microcode will be updated at next boot
Setting up locales (2.43-2ubuntu2.3) ...
Generating locales (this might take a while)...
Generation complete.
Setting up libldap-common (2.6.10+dfsg-1ubuntu5) ...
Setting up libwebrtc-audio-processing-1-3:amd64 (1.3-3build2) ...
Setting up libtext-wrapi18n-perl (0.06-10) ...
Setting up libkf6itemviews-data (6.24.0-0ubuntu1) ...
Setting up finalrd (9build2) ...
Created symlink '/etc/systemd/system/sysinit.target.wants/finalrd.service' → '/usr/lib/systemd/system/finalrd.service'.
Setting up libjbig0:amd64 (2.1-6.1ubuntu3) ...
Setting up libxdgutilsbasedir1.0.1:amd64 (1.0.1-3.2) ...
Setting up libwbclient0:amd64 (2:4.23.6+dfsg-1ubuntu2.2) ...
Setting up libpcre2-16-0:amd64 (10.46-1build1) ...
Setting up libkf6notifyconfig-data (6.24.0-0ubuntu1) ...
Setting up libcap2:amd64 (1:2.75-10ubuntu2) ...
Setting up libopengl0:amd64 (1.7.0-3) ...
Setting up libkf6widgetsaddons-data (6.24.0-0ubuntu1) ...
Setting up libelf1t64:amd64 (0.194-4) ...
Setting up libxcb-util1:amd64 (0.4.1-1build1) ...
Setting up libtheoraenc2:amd64 (1.2.0+dfsg-6) ...
Setting up libjansson4:amd64 (2.14-2build4) ...
Setting up libkscreen-data (4:6.6.4-0ubuntu1) ...
Setting up libsnappy1v5:amd64 (1.2.2-2) ...
Setting up liborc-0.4-0t64:amd64 (1:0.4.42-2) ...
Setting up libkf6notifications-data (6.24.0-0ubuntu1) ...
Setting up libxcb-xkb1:amd64 (1.17.0-2ubuntu1) ...
Setting up libxcb-image0:amd64 (0.4.0-2build2) ...
Setting up libkrb5support0:amd64 (1.22.1-2ubuntu4.1) ...
Setting up libkf6codecs-data (6.24.0-0ubuntu1) ...
Setting up libkf6completion-data (6.24.0-0ubuntu1) ...
Setting up librav1e0.8:amd64 (0.8.1-7) ...
Setting up kirigami-addons-data (1.11.0-2ubuntu2) ...
Setting up libsasl2-modules-db:amd64 (2.1.28+dfsg1-9ubuntu3) ...
Setting up tzdata (2026c-0ubuntu0.26.04.1) ...

Current default time zone: 'Etc/UTC'
Local time is now:      Mon Aug 31 17:23:59 UTC 2026.
Universal Time is now:  Mon Aug 31 17:23:59 UTC 2026.
Run 'dpkg-reconfigure tzdata' if you wish to change it.

Setting up libicu78:amd64 (78.2-2ubuntu1) ...
Setting up libcap2-bin (1:2.75-10ubuntu2) ...
Setting up libxcb-present0:amd64 (1.17.0-2ubuntu1) ...
Setting up libtalloc2:amd64 (2:2.4.3+samba4.23.6+dfsg-1ubuntu2.2) ...
Setting up eject (2.41.3-3ubuntu2.2) ...
Setting up libasound2-data (1.2.15.3-1ubuntu1.1) ...
Setting up libvpx12:amd64 (1.16.0-3) ...
Setting up linux-firmware-qualcomm-wireless (20260319.git217ca6e4-0ubuntu1.2) ...
Setting up libklibc:amd64 (2.0.14-1ubuntu2) ...
Setting up libpgm-5.3-0t64:amd64 (5.3.128~dfsg-2.1build2) ...
Setting up libkf6bookmarks-data (6.24.0-0ubuntu1) ...
Setting up libnettle8t64:amd64 (3.10.2-1) ...
Setting up libfontenc1:amd64 (1:1.1.8-1build2) ...
Setting up libkf6newstuff-data (6.24.0-0ubuntu1) ...
Setting up libkf6configwidgets-data (6.24.0-0ubuntu1) ...
Setting up libkf6filemetadata-data (6.24.0-0ubuntu1) ...
Setting up libei1:amd64 (1.5.0-3) ...
Setting up libxcb-xinerama0:amd64 (1.17.0-2ubuntu1) ...
Setting up vim-common (2:9.1.2141-1ubuntu4.8) ...
Setting up libasound2t64:amd64 (1.2.15.3-1ubuntu1.1) ...
Setting up libslang2:amd64 (2.3.3-5build1) ...
Setting up libva2:amd64 (2.23.0-1ubuntu1) ...
Setting up libtss2-sys1t64:amd64 (4.1.3-6) ...
Setting up libx11-data (2:1.8.13-1) ...
Setting up libsvtav1enc2:amd64 (2.3.0+dfsg-1build1) ...
Setting up libepoxy0:amd64 (1.5.10-2build1) ...
Setting up libnspr4:amd64 (2:4.38.2-1ubuntu1) ...
Setting up libxcb-sync1:amd64 (1.17.0-2ubuntu1) ...
Setting up libdmtx0t64:amd64 (0.7.8-1) ...
Setting up linux-firmware-amd-misc (20260319.git217ca6e4-0ubuntu1.1) ...
Setting up libkf6globalaccel-data (6.24.0-0ubuntu1) ...
Setting up libkf6archive-data (6.24.0-0ubuntu1) ...
Setting up libzxing3:amd64 (2.3.0-5) ...
Setting up libxcb-cursor0:amd64 (0.1.6-1) ...
Setting up libavahi-common-data:amd64 (0.8-18ubuntu1.1) ...
Setting up libncurses6:amd64 (6.6+20251231-1) ...
Setting up libdbus-1-3:amd64 (1.16.2-2ubuntu4) ...
Setting up libfribidi0:amd64 (1.0.16-5) ...
Setting up libopus0:amd64 (1.6.1-1) ...
Setting up libunistring5:amd64 (1.3-2build1) ...
Setting up fonts-dejavu-mono (2.37-8build1) ...
Setting up libpng16-16t64:amd64 (1.6.57-1) ...
Setting up libhwloc15:amd64 (2.13.0-2) ...
Setting up libmnl0:amd64 (1.0.5-3build1) ...
Setting up libkf6colorscheme-data (6.24.0-0ubuntu1) ...
Setting up libtss2-tcti-device0t64:amd64 (4.1.3-6) ...
Setting up libatomic1:amd64 (16-20260322-1ubuntu1) ...
Setting up libvorbis0a:amd64 (1.3.7-3build2) ...
Setting up libkf6textwidgets-data (6.24.0-0ubuntu1) ...
Setting up usb.ids (2025.12.13-1) ...
Setting up sudo (1.9.17p2-1ubuntu3) ...
update-alternatives: using /usr/bin/sudo.ws to provide /usr/bin/sudo (sudo) in auto mode
update-alternatives: warning: skip creation of /usr/share/man/man8/sudo.8.gz because associated file /usr/share/man/man8/sudo.ws.8.gz (of link group sudo) does not exist
update-alternatives: warning: skip creation of /usr/share/man/man8/sudoedit.8.gz because associated file /usr/share/man/man8/sudo.ws.8.gz (of link group sudo) does not exist
update-alternatives: warning: skip creation of /usr/share/man/man5/sudoers.5.gz because associated file /usr/share/man/man5/sudoers.ws.5.gz (of link group sudo) does not exist
update-alternatives: warning: skip creation of /usr/share/man/man8/visudo.8.gz because associated file /usr/share/man/man8/visudo.ws.8.gz (of link group sudo) does not exist
Setting up fonts-dejavu-core (2.37-8build1) ...
Setting up libexiv2-data (0.28.8+dfsg-1) ...
Setting up libflac14:amd64 (1.5.0+ds-5) ...
Setting up dhcpcd-base (1:10.3.0-7) ...
Creating group 'dhcpcd' with GID 996.
Creating user 'dhcpcd' (DHCP Client Daemon) with UID 996 and GID 996.
Setting up lzma (25.00+dfsg-1) ...
update-alternatives: using /usr/bin/lzmp to provide /usr/bin/lzma (lzma) in auto mode
update-alternatives: warning: skip creation of /usr/share/man/man1/lzma.1.gz because associated file /usr/share/man/man1/lzmp.1.gz (of link group lzma) does not exist
update-alternatives: warning: skip creation of /usr/share/man/man1/unlzma.1.gz because associated file /usr/share/man/man1/lzmp.1.gz (of link group lzma) does not exist
update-alternatives: warning: skip creation of /usr/share/man/man1/lzcat.1.gz because associated file /usr/share/man/man1/lzmp.1.gz (of link group lzma) does not exist
Setting up linux-firmware-intel-misc (20260319.git217ca6e4-0ubuntu1.2) ...
Setting up libdv4t64:amd64 (1.0.0-17.1build2) ...
Setting up libxcb-dpms0:amd64 (1.17.0-2ubuntu1) ...
Setting up libpcsclite1:amd64 (2.4.1-1) ...
Setting up ucf (3.0052ubuntu1) ...
Setting up libsensors5:amd64 (1:3.6.2-2build1) ...
Setting up linux-firmware-intel-graphics (20260319.git217ca6e4-0ubuntu2.1) ...
Setting up libk5crypto3:amd64 (1.22.1-2ubuntu4.1) ...
Setting up libjpeg-turbo8:amd64 (2.1.5-4ubuntu4) ...
Setting up busybox-initramfs (1:1.37.0-7ubuntu1) ...
Setting up libxtables12:amd64 (1.8.11-2ubuntu3) ...
Setting up linux-firmware-realtek (20260319.git217ca6e4-0ubuntu1.2) ...
Setting up libltdl7:amd64 (2.5.4-9) ...
Setting up libfftw3-double3:amd64 (3.3.10-2fakesync1build3) ...
Setting up libsasl2-2:amd64 (2.1.28+dfsg1-9ubuntu3) ...
Setting up libgfortran5:amd64 (16-20260322-1ubuntu1) ...
Setting up libvulkan1:amd64 (1.4.341.0-1) ...
Setting up linux-firmware-intel-wireless (20260319.git217ca6e4-0ubuntu2.1) ...
Setting up libwebp7:amd64 (1.5.0-0.1build1) ...
Setting up libfdisk1:amd64 (2.41.3-3ubuntu2.2) ...
Setting up libplacebo360:amd64 (7.360.0-3) ...
Setting up linux-firmware-marvell-prestera (20260319.git217ca6e4-0ubuntu1.2) ...
Setting up libffi8:amd64 (3.5.2-4) ...
Setting up libdevmapper1.02.1:amd64 (2:1.02.205-2ubuntu3) ...
Setting up libnuma1:amd64 (2.0.19-1build1) ...
Setting up libvidstab1.1:amd64 (1.1.0-2.1) ...
Setting up libplist-2.0-4:amd64 (2.7.0+git20250820-1build1) ...
Setting up python-apt-common (3.1.0ubuntu1.1) ...
Setting up libxcb-composite0:amd64 (1.17.0-2ubuntu1) ...
Setting up libflite1:amd64 (2.2-7build1) ...
Setting up libdav1d7:amd64 (1.5.3-1) ...
Setting up libhogweed6t64:amd64 (3.10.2-1) ...
Setting up libmtdev1t64:amd64 (1.1.7-1build1) ...
Setting up dmsetup (2:1.02.205-2ubuntu3) ...
Setting up sound-theme-freedesktop (0.8-7build1) ...
Setting up linux-firmware-qualcomm-misc (20260319.git217ca6e4-0ubuntu2.1) ...
Setting up libminizip1t64:amd64 (1:1.3.dfsg+really1.3.1-1ubuntu3.1) ...
Setting up ocl-icd-libopencl1:amd64 (2.3.4-1) ...
Setting up libduktape207:amd64 (2.7.0+tests-0ubuntu4) ...
Setting up uuid-runtime (2.41.3-3ubuntu2.2) ...
invoke-rc.d: could not determine current runlevel
Created symlink '/etc/systemd/system/sockets.target.wants/uuidd.socket' → '/usr/lib/systemd/system/uuidd.socket'.
Setting up libasyncns0:amd64 (0.8-7) ...
Setting up dolphin-data (4:25.12.3-0ubuntu1) ...
Setting up libxshmfence1:amd64 (1.3.3-1build1) ...
Setting up libbluetooth3:amd64 (5.85-4ubuntu0.1) ...
Setting up libxdgutilsdesktopentry1.0.1:amd64 (1.0.1-3.2) ...
Setting up libwavpack1:amd64 (5.9.0-1) ...
Setting up linux-firmware-marvell-wireless (20260319.git217ca6e4-0ubuntu1.1) ...
Setting up libbs2b0:amd64 (3.1.0+dfsg-8build1) ...
Setting up libxcb-randr0:amd64 (1.17.0-2ubuntu1) ...
Setting up dbus-session-bus-common (1.16.2-2ubuntu4) ...
Setting up linux-firmware-netronome (20260319.git217ca6e4-0ubuntu1.1) ...
Setting up libassuan9:amd64 (3.0.2-2build1) ...
Setting up libtss2-tcti-mssim0t64:amd64 (4.1.3-6) ...
Setting up libspeexdsp1:amd64 (1.2.1-3build1) ...
Setting up linux-firmware-mediatek (20260319.git217ca6e4-0ubuntu1.2) ...
Setting up libxslt1.1:amd64 (1.1.45-0.1) ...
Setting up libkf6jobwidgets-data (6.24.0-0ubuntu1) ...
Setting up sse3-support (27ubuntu2) ...
Setting up libxcvt0:amd64 (0.1.3-1build1) ...
Setting up libtasn1-6:amd64 (4.21.0-2) ...
Setting up libmd4c0:amd64 (0.5.2-2build1) ...
Setting up libzimg2:amd64 (3.0.6+ds1-1) ...
Setting up liblua5.4-0:amd64 (5.4.8-1build1) ...
Setting up libopenjp2-7:amd64 (2.5.4-1ubuntu0.1) ...
Setting up libx11-6:amd64 (2:1.8.13-1) ...
Setting up libthai-data (0.1.30-1) ...
Setting up netbase (6.5build1) ...
Setting up libjson-glib-1.0-common (1.10.8+ds-2) ...
Setting up libkf6iconthemes-data (6.24.0-0ubuntu2) ...
Setting up libkrb5-3:amd64 (1.22.1-2ubuntu4.1) ...
Setting up libtss2-tcti-cmd0t64:amd64 (4.1.3-6) ...
Setting up libunibreak6:amd64 (6.1-3build1) ...
Setting up libwayland-egl1:amd64 (1.24.0-2) ...
Setting up libusb-1.0-0:amd64 (2:1.0.29-2build1) ...
Setting up libkf6dbusaddons-data (6.24.0-0ubuntu1) ...
Setting up libmbedcrypto16:amd64 (3.6.5-0.1ubuntu2) ...
Setting up libxkbfile1:amd64 (1:1.1.0-1build5) ...
Setting up libkpipewire-data (6.6.4-0ubuntu1) ...
Setting up libssh2-1t64:amd64 (1.11.1-1ubuntu0.26.04.3) ...
Setting up libboost-filesystem1.90.0:amd64 (1.90.0-6ubuntu1) ...
Setting up user-setup (1.107ubuntu2) ...
Setting up libndp0:amd64 (1.9-1build1) ...
Setting up kde-cli-tools-data (4:6.6.4-0ubuntu1) ...
Setting up libfuse3-4:amd64 (3.18.2-1) ...
Setting up glib-networking-common (2.80.1-1build2) ...
Setting up lsb-release (12.1-2build1) ...
Setting up dbus-system-bus-common (1.16.2-2ubuntu4) ...
Creating group 'messagebus' with GID 995.
Creating user 'messagebus' (System Message Bus) with UID 995 and GID 995.
Setting up libkf6package-data (6.24.0-0ubuntu1) ...
Setting up libkf6xmlgui-data (6.24.0-0ubuntu1) ...
Setting up libx265-215:amd64 (4.1-4) ...
Setting up libtss2-tcti-swtpm0t64:amd64 (4.1.3-6) ...
Setting up klibc-utils (2.0.14-1ubuntu2) ...
No diversion 'diversion of /usr/share/initramfs-tools/hooks/klibc to /usr/share/initramfs-tools/hooks/klibc^i-t by klibc-utils', none removed.
Setting up libsamplerate0:amd64 (0.2.2-4build2) ...
Setting up openssl (3.5.5-1ubuntu3.5) ...
Setting up libwebpmux3:amd64 (1.5.0-0.1build1) ...
Setting up libkf6service-data (6.24.0-0ubuntu1) ...
Setting up libkf6qqc2desktopstyle-data (6.24.0-0ubuntu1) ...
Setting up linux-firmware-misc (20260319.git217ca6e4-0ubuntu2.2) ...
Setting up libkf6bluezqt-data (6.24.0-0ubuntu1) ...
Setting up libdrm-common (2.4.131-1) ...
Setting up libepub0 (0.2.2-8) ...
Setting up libxcomposite1:amd64 (1:0.4.6-1build1) ...
Setting up libarchive13t64:amd64 (3.8.5-1ubuntu2.2) ...
Setting up libjxl0.11:amd64 (0.11.1-6ubuntu4.2) ...
Setting up libjson-c5:amd64 (0.18+ds-3) ...
Setting up libevdev2:amd64 (1.13.6+dfsg-1) ...
Setting up readline-common (8.3-4) ...
Setting up libxmlsec1-1:amd64 (1.3.9-1) ...
Setting up libldap2:amd64 (2.6.10+dfsg-1ubuntu5) ...
Setting up linux-firmware-qualcomm-graphics (20260319.git217ca6e4-0ubuntu1.1) ...
Setting up iso-codes (4.20.1-1) ...
Setting up dbus-bin (1.16.2-2ubuntu4) ...
Setting up liblocale-gettext-perl (1.07-8) ...
Setting up libzvbi-common (0.2.44-1ubuntu2) ...
Setting up libbpf1:amd64 (1:1.6.3-1ubuntu1) ...
Setting up libsecret-common (0.21.7-2build1) ...
Setting up libmp3lame0:amd64 (3.101~svn6525+dfsg-2) ...
Setting up libvorbisenc2:amd64 (1.3.7-3build2) ...
Setting up libplasmaactivities-data (6.6.4-0ubuntu1) ...
Setting up libkmod2:amd64 (34.2-2ubuntu2) ...
Setting up liboeffis1:amd64 (1.5.0-3) ...
Setting up libdvdnav4:amd64 (7.0.0-2) ...
Setting up libpopt0:amd64 (1.19+dfsg-2build1) ...
Setting up ethtool (1:6.19-1) ...
Setting up libaa1:amd64 (1.4p5-51.1build1) ...
Setting up libiec61883-0:amd64 (1.2.0-8) ...
Setting up libserd-0-0:amd64 (0.32.6-1) ...
Setting up initramfs-tools-bin (0.151ubuntu1) ...
Setting up libkf6statusnotifieritem-data (6.24.0-0ubuntu1) ...
Setting up libwacom-common (2.18.0-1) ...
Setting up libxcb-damage0:amd64 (1.17.0-2ubuntu1) ...
Setting up libxcb-record0:amd64 (1.17.0-2ubuntu1) ...
Setting up login (1:4.16.0-2+really2.41.3-3ubuntu2.2) ...
Setting up libxkbcommon0:amd64 (1.13.1-1) ...
Setting up qt-style-kvantum-themes (1.1.5-1) ...
Setting up libwayland-client0:amd64 (1.24.0-2) ...
Setting up libjpeg8:amd64 (8c-2ubuntu12) ...
Setting up libtomcrypt1:amd64 (1.18.2+dfsg-7build2) ...
Setting up pinentry-curses (1.3.2-3ubuntu1) ...
Setting up libb2-1:amd64 (0.98.1-1.1build2) ...
Setting up libavc1394-0:amd64 (0.5.4-5build4) ...
Setting up bubblewrap (0.11.1-1ubuntu0.1) ...
Setting up libxcb-dri3-0:amd64 (1.17.0-2ubuntu1) ...
Setting up distro-info (1.15) ...
Setting up libroc0.4:amd64 (0.4.0+dfsg-5ubuntu3.1) ...
Setting up libwayland-server0:amd64 (1.24.0-2) ...
Setting up libx11-xcb1:amd64 (2:1.8.13-1) ...
Setting up libice6:amd64 (2:1.1.1-1build1) ...
Setting up libxcb-res0:amd64 (1.17.0-2ubuntu1) ...
Setting up libtss2-tcti-spi-helper0t64:amd64 (4.1.3-6) ...
Setting up libnewt0.52:amd64 (0.52.25-1ubuntu3) ...
update-alternatives: using /etc/newt/palette.ubuntu to provide /etc/newt/palette (newt-palette) in auto mode
Setting up libfftw3-single3:amd64 (3.3.10-2fakesync1build3) ...
Setting up libxdamage1:amd64 (1:1.1.7-1) ...
Setting up libopenblas0-pthread:amd64 (0.3.32+ds-5) ...
update-alternatives: using /usr/lib/x86_64-linux-gnu/openblas-pthread/libblas.so.3 to provide /usr/lib/x86_64-linux-gnu/libblas.so.3 (libblas.so.3-x86_64-linux-gnu) in auto mode
update-alternatives: using /usr/lib/x86_64-linux-gnu/openblas-pthread/liblapack.so.3 to provide /usr/lib/x86_64-linux-gnu/liblapack.so.3 (liblapack.so.3-x86_64-linux-gnu) in auto mode
update-alternatives: using /usr/lib/x86_64-linux-gnu/openblas-pthread/libopenblas.so.0 to provide /usr/lib/x86_64-linux-gnu/libopenblas.so.0 (libopenblas.so.0-x86_64-linux-gnu) in auto mode
Setting up libxpm4:amd64 (1:3.5.17-1ubuntu0.26.04.1) ...
Setting up libv4lconvert0t64:amd64 (1.32.0-2ubuntu1) ...
Setting up libzvbi0t64:amd64 (0.2.44-1ubuntu2) ...
Setting up libinireader0:amd64 (61-1ubuntu1) ...
Setting up libxrender1:amd64 (1:0.9.12-1build1) ...
Setting up linux-firmware (20260319.git217ca6e4.1ubuntu) ...
Setting up libsoxr0:amd64 (0.1.3-4.1) ...
Setting up fontconfig-config (2.17.1-3ubuntu1) ...
Setting up libwebpdemux2:amd64 (1.5.0-0.1build1) ...
Setting up libavahi-common3:amd64 (0.8-18ubuntu1.1) ...
Setting up libxext6:amd64 (2:1.3.4-1build3) ...
Setting up libxmlsec1-openssl1:amd64 (1.3.9-1) ...
Setting up debconf-i18n (1.5.92) ...
Setting up libidn2-0:amd64 (2.3.8-4build1) ...
Setting up libnss3:amd64 (2:3.120-1ubuntu2.1) ...
Setting up dbus-daemon (1.16.2-2ubuntu4) ...
Setting up vim-tiny (2:9.1.2141-1ubuntu4.8) ...
update-alternatives: using /usr/bin/vim.tiny to provide /usr/bin/editor (editor) in auto mode
update-alternatives: warning: skip creation of /usr/share/man/man1/editor.1.gz because associated file /usr/share/man/man1/vim.1.gz (of link group editor) does not exist
update-alternatives: warning: skip creation of /usr/share/man/da/man1/editor.1.gz because associated file /usr/share/man/da/man1/vim.1.gz (of link group editor) does not exist
update-alternatives: warning: skip creation of /usr/share/man/de/man1/editor.1.gz because associated file /usr/share/man/de/man1/vim.1.gz (of link group editor) does not exist
update-alternatives: warning: skip creation of /usr/share/man/fr/man1/editor.1.gz because associated file /usr/share/man/fr/man1/vim.1.gz (of link group editor) does not exist
update-alternatives: warning: skip creation of /usr/share/man/it/man1/editor.1.gz because associated file /usr/share/man/it/man1/vim.1.gz (of link group editor) does not exist
update-alternatives: warning: skip creation of /usr/share/man/ja/man1/editor.1.gz because associated file /usr/share/man/ja/man1/vim.1.gz (of link group editor) does not exist
update-alternatives: warning: skip creation of /usr/share/man/pl/man1/editor.1.gz because associated file /usr/share/man/pl/man1/vim.1.gz (of link group editor) does not exist
update-alternatives: warning: skip creation of /usr/share/man/ru/man1/editor.1.gz because associated file /usr/share/man/ru/man1/vim.1.gz (of link group editor) does not exist
update-alternatives: warning: skip creation of /usr/share/man/tr/man1/editor.1.gz because associated file /usr/share/man/tr/man1/vim.1.gz (of link group editor) does not exist
update-alternatives: using /usr/bin/vim.tiny to provide /usr/bin/ex (ex) in auto mode
update-alternatives: warning: skip creation of /usr/share/man/man1/ex.1.gz because associated file /usr/share/man/man1/vim.1.gz (of link group ex) does not exist
update-alternatives: warning: skip creation of /usr/share/man/da/man1/ex.1.gz because associated file /usr/share/man/da/man1/vim.1.gz (of link group ex) does not exist
update-alternatives: warning: skip creation of /usr/share/man/de/man1/ex.1.gz because associated file /usr/share/man/de/man1/vim.1.gz (of link group ex) does not exist
update-alternatives: warning: skip creation of /usr/share/man/fr/man1/ex.1.gz because associated file /usr/share/man/fr/man1/vim.1.gz (of link group ex) does not exist
update-alternatives: warning: skip creation of /usr/share/man/it/man1/ex.1.gz because associated file /usr/share/man/it/man1/vim.1.gz (of link group ex) does not exist
update-alternatives: warning: skip creation of /usr/share/man/ja/man1/ex.1.gz because associated file /usr/share/man/ja/man1/vim.1.gz (of link group ex) does not exist
update-alternatives: warning: skip creation of /usr/share/man/pl/man1/ex.1.gz because associated file /usr/share/man/pl/man1/vim.1.gz (of link group ex) does not exist
update-alternatives: warning: skip creation of /usr/share/man/ru/man1/ex.1.gz because associated file /usr/share/man/ru/man1/vim.1.gz (of link group ex) does not exist
update-alternatives: warning: skip creation of /usr/share/man/tr/man1/ex.1.gz because associated file /usr/share/man/tr/man1/vim.1.gz (of link group ex) does not exist
update-alternatives: using /usr/bin/vim.tiny to provide /usr/bin/rview (rview) in auto mode
update-alternatives: using /usr/bin/vim.tiny to provide /usr/bin/vi (vi) in auto mode
update-alternatives: warning: skip creation of /usr/share/man/man1/vi.1.gz because associated file /usr/share/man/man1/vim.1.gz (of link group vi) does not exist
update-alternatives: warning: skip creation of /usr/share/man/da/man1/vi.1.gz because associated file /usr/share/man/da/man1/vim.1.gz (of link group vi) does not exist
update-alternatives: warning: skip creation of /usr/share/man/de/man1/vi.1.gz because associated file /usr/share/man/de/man1/vim.1.gz (of link group vi) does not exist
update-alternatives: warning: skip creation of /usr/share/man/fr/man1/vi.1.gz because associated file /usr/share/man/fr/man1/vim.1.gz (of link group vi) does not exist
update-alternatives: warning: skip creation of /usr/share/man/it/man1/vi.1.gz because associated file /usr/share/man/it/man1/vim.1.gz (of link group vi) does not exist
update-alternatives: warning: skip creation of /usr/share/man/ja/man1/vi.1.gz because associated file /usr/share/man/ja/man1/vim.1.gz (of link group vi) does not exist
update-alternatives: warning: skip creation of /usr/share/man/pl/man1/vi.1.gz because associated file /usr/share/man/pl/man1/vim.1.gz (of link group vi) does not exist
update-alternatives: warning: skip creation of /usr/share/man/ru/man1/vi.1.gz because associated file /usr/share/man/ru/man1/vim.1.gz (of link group vi) does not exist
update-alternatives: warning: skip creation of /usr/share/man/tr/man1/vi.1.gz because associated file /usr/share/man/tr/man1/vim.1.gz (of link group vi) does not exist
update-alternatives: using /usr/bin/vim.tiny to provide /usr/bin/view (view) in auto mode
update-alternatives: warning: skip creation of /usr/share/man/man1/view.1.gz because associated file /usr/share/man/man1/vim.1.gz (of link group view) does not exist
update-alternatives: warning: skip creation of /usr/share/man/da/man1/view.1.gz because associated file /usr/share/man/da/man1/vim.1.gz (of link group view) does not exist
update-alternatives: warning: skip creation of /usr/share/man/de/man1/view.1.gz because associated file /usr/share/man/de/man1/vim.1.gz (of link group view) does not exist
update-alternatives: warning: skip creation of /usr/share/man/fr/man1/view.1.gz because associated file /usr/share/man/fr/man1/vim.1.gz (of link group view) does not exist
update-alternatives: warning: skip creation of /usr/share/man/it/man1/view.1.gz because associated file /usr/share/man/it/man1/vim.1.gz (of link group view) does not exist
update-alternatives: warning: skip creation of /usr/share/man/ja/man1/view.1.gz because associated file /usr/share/man/ja/man1/vim.1.gz (of link group view) does not exist
update-alternatives: warning: skip creation of /usr/share/man/pl/man1/view.1.gz because associated file /usr/share/man/pl/man1/vim.1.gz (of link group view) does not exist
update-alternatives: warning: skip creation of /usr/share/man/ru/man1/view.1.gz because associated file /usr/share/man/ru/man1/vim.1.gz (of link group view) does not exist
update-alternatives: warning: skip creation of /usr/share/man/tr/man1/view.1.gz because associated file /usr/share/man/tr/man1/vim.1.gz (of link group view) does not exist
Setting up kmod (34.2-2ubuntu2) ...
Setting up libexiv2-28:amd64 (0.28.8+dfsg-1) ...
Setting up usbutils (1:019-1) ...
Setting up libxxf86vm1:amd64 (1:1.1.4-2) ...
Setting up libtbbbind-2-5:amd64 (2022.3.0-2) ...
Setting up fuse3 (3.18.2-1) ...
Removing 'diversion of /bin/fusermount to /bin/fusermount.usr-is-merged by fuse3'
Removing 'diversion of /sbin/mount.fuse to /sbin/mount.fuse.usr-is-merged by fuse3'
update-initramfs: deferring update (trigger activated)
Setting up librist4:amd64 (0.2.11+dfsg-1build1) ...
Setting up libstoken1t64:amd64 (0.93-1) ...
Setting up libtss2-tctildr0t64:amd64 (4.1.3-6) ...
Setting up libthai0:amd64 (0.1.30-1) ...
Setting up ca-certificates (20260601~26.04.1) ...
Updating certificates in /etc/ssl/certs...
121 added, 0 removed; done.
Setting up libvorbisfile3:amd64 (1.3.7-3build2) ...
Setting up libimobiledevice-glue-1.0-0 (1.3.2-2build1) ...
Setting up libglib2.0-0t64:amd64 (2.88.0-1) ...
Setting up libsecret-1-0:amd64 (0.21.7-2build1) ...
Setting up libfreetype6:amd64 (2.14.2+dfsg-1ubuntu0.1) ...
Setting up libxfixes3:amd64 (1:6.0.0-2build2) ...
Setting up libllvm21:amd64 (1:21.1.8-6ubuntu1) ...
Setting up libteamdctl0:amd64 (1.31-1build4) ...
Setting up dbus (1.16.2-2ubuntu4) ...
Setting up shared-mime-info (2.4-5build3) ...
Setting up libp11-kit0:amd64 (0.26.2-2) ...
Setting up libxkbcommon-x11-0:amd64 (1.13.1-1) ...
Setting up libgssapi-krb5-2:amd64 (1.22.1-2ubuntu4.1) ...
Setting up udev (259.5-0ubuntu3.4) ...
Creating group 'input' with GID 994.
Creating group 'sgx' with GID 993.
Creating group 'clock' with GID 992.
Creating group 'kvm' with GID 991.
Creating group 'render' with GID 990.
Setting up libxrandr2:amd64 (2:1.5.4-1build1) ...
Setting up libtss2-esys-3.0.2-0t64:amd64 (4.1.3-6) ...
Setting up librubberband3:amd64 (4.0.0+dfsg-2ubuntu1) ...
Setting up libssh-4:amd64 (0.11.3-1ubuntu2.1) ...
Setting up libreadline8t64:amd64 (8.3-4) ...
Setting up libv4l-0t64:amd64 (1.32.0-2ubuntu1) ...
Setting up libdrm2:amd64 (2.4.131-1) ...
Setting up whiptail (0.52.25-1ubuntu3) ...
Setting up dracut-install (110-11) ...
Setting up libva-drm2:amd64 (2.23.0-1ubuntu1) ...
Setting up libopenblas0:amd64 (0.3.32+ds-5) ...
Setting up libmm-glib0:amd64 (1.25.95-1ubuntu1) ...
Setting up libvdpau1:amd64 (1.5-4) ...
Setting up libsord-0-0:amd64 (0.16.20-1) ...
Setting up libtiff6:amd64 (4.7.0-3ubuntu5) ...
Setting up libwayland-cursor0:amd64 (1.24.0-2) ...
Setting up libplymouth5:amd64 (24.004.60+git20250831.4a3c171d-0ubuntu8) ...
Setting up libsratom-0-0:amd64 (0.6.20-1) ...
Setting up gpgconf (2.4.8-4ubuntu3) ...
Setting up libpam-systemd:amd64 (259.5-0ubuntu3.4) ...
Setting up libdecor-0-0:amd64 (0.2.5-1) ...
Setting up libharfbuzz0b:amd64 (12.3.2-2) ...
Setting up localechooser-data (2.89ubuntu7) ...
Setting up libxss1:amd64 (1:1.2.3-1build4) ...
Setting up libfontconfig1:amd64 (2.17.1-3ubuntu1) ...
Setting up libsndfile1:amd64 (1.2.2-4) ...
Setting up libsquashfuse0:amd64 (0.5.2-0.3) ...
Setting up keyboard-configuration (1.237ubuntu3.1) ...
Your console font configuration will be updated the next time your system
boots. If you want to update it now, run 'setupcon' from a virtual console.
update-initramfs: deferring update (trigger activated)
Setting up libclang1-21 (1:21.1.8-6ubuntu1) ...
Setting up initramfs-tools-core (0.151ubuntu1) ...
Setting up libva-x11-2:amd64 (2.23.0-1ubuntu1) ...
Setting up libsm6:amd64 (2:1.2.6-1build1) ...
Setting up liblilv-0-0:amd64 (0.26.2-1) ...
Setting up libxfont2:amd64 (1:2.0.6-2ubuntu0.2) ...
Setting up iputils-ping (3:20250605-1ubuntu1) ...
Setting up libopenmpt0t64:amd64 (0.8.4-1) ...
Setting up libavahi-client3:amd64 (0.8-18ubuntu1.1) ...
Setting up gpg (2.4.8-4ubuntu3) ...
Created symlink '/etc/systemd/user/sockets.target.wants/keyboxd.socket' → '/usr/lib/systemd/user/keyboxd.socket'.
Setting up libgudev-1.0-0:amd64 (1:238-7build1) ...
Setting up libpolkit-gobject-1-0:amd64 (127-2ubuntu1) ...
Setting up libgstreamer1.0-0:amd64 (1.28.2-1) ...
Setcap worked! gst-ptp-helper is not suid!
Setting up libdrm-amdgpu1:amd64 (2.4.131-1) ...
Setting up libgnutls30t64:amd64 (3.8.12-2ubuntu1.1) ...
Setting up libcanberra0:amd64 (0.30-18ubuntu3) ...
Setting up libqt6core6t64:amd64 (6.10.2+dfsg-7) ...
Setting up fontconfig (2.17.1-3ubuntu1) ...
Regenerating fonts cache... done.
Setting up gpg-agent (2.4.8-4ubuntu3) ...
Created symlink '/etc/systemd/user/sockets.target.wants/gpg-agent-browser.socket' → '/usr/lib/systemd/user/gpg-agent-browser.socket'.
Created symlink '/etc/systemd/user/sockets.target.wants/gpg-agent-extra.socket' → '/usr/lib/systemd/user/gpg-agent-extra.socket'.
Created symlink '/etc/systemd/user/sockets.target.wants/gpg-agent-ssh.socket' → '/usr/lib/systemd/user/gpg-agent-ssh.socket'.
Created symlink '/etc/systemd/user/sockets.target.wants/gpg-agent.socket' → '/usr/lib/systemd/user/gpg-agent.socket'.
Setting up libzmq5:amd64 (4.3.5-1build3) ...
Setting up initramfs-tools (0.151ubuntu1) ...
update-initramfs: deferring update (trigger activated)
Setting up user-session-migration (0.5.1) ...
Created symlink '/etc/systemd/user/graphical-session-pre.target.wants/user-session-migration.service' → '/usr/lib/systemd/user/user-session-migration.service'.
Setting up libxi6:amd64 (2:1.8.2-2) ...
Setting up libtirpc3t64:amd64 (1.3.7-0.1) ...
Setting up libavutil60:amd64 (7:8.0.1-3ubuntu2) ...
Setting up libusbmuxd-2.0-7:amd64 (2.1.1-1) ...
Setting up libpulse0:amd64 (1:17.0+dfsg1-2ubuntu4) ...
Setting up libpython3.14-stdlib:amd64 (3.14.4-1ubuntu0.1) ...
Setting up libwacom9:amd64 (2.18.0-1) ...
Setting up iproute2 (6.19.0-1ubuntu1.1) ...
Setting up libxtst6:amd64 (2:1.2.5-1build1) ...
Setting up chrony (4.8-2ubuntu1) ...
Creating config file /etc/chrony/chrony.conf with new version
Creating config file /etc/chrony/chrony.keys with new version
Creating config file /etc/chrony/sources.d/ubuntu-ntp-pools.sources with new version
Creating group '_chrony' with GID 989.
Creating user '_chrony' (Chrony Daemon) with UID 989 and GID 989.
dpkg-statoverride: warning: --update given but /var/log/chrony does not exist
invoke-rc.d: could not determine current runlevel
Created symlink '/etc/systemd/system/chronyd.service' → '/usr/lib/systemd/system/chrony.service'.
Created symlink '/etc/systemd/system/multi-user.target.wants/chrony.service' → '/usr/lib/systemd/system/chrony.service'.
Setting up gpgsm (2.4.8-4ubuntu3) ...
Setting up libpango-1.0-0:amd64 (1.57.0-1) ...
Setting up libdrm-intel1:amd64 (2.4.131-1) ...
Setting up libpskc0t64:amd64 (2.6.14-1) ...
Setting up libddcutil5:amd64 (2.2.5-1) ...
Setting up libpsl5t64:amd64 (0.21.2-1.1build2) ...
Setting up libqt6positioning6:amd64 (6.10.2-1) ...
Setting up libgstreamer-plugins-base1.0-0:amd64 (1.28.2-1) ...
Setting up libdolphinvcs6:amd64 (4:25.12.3-0ubuntu1) ...
Setting up libtbb12:amd64 (2022.3.0-2) ...
Setting up libnetplan1:amd64 (1.2-1ubuntu5) ...
Setting up libcairo2:amd64 (1.18.4-3) ...
Setting up fdisk (2.41.3-3ubuntu2.2) ...
Setting up libjson-glib-1.0-0:amd64 (1.10.8+ds-2) ...
Setting up libaccounts-glib0:amd64 (1.27-3) ...
Setting up libinput-bin (1.31.1-1ubuntu1.1) ...
Setting up libdconf1:amd64 (0.49.0-4) ...
Setting up libtheoradec2:amd64 (1.2.0+dfsg-6) ...
Setting up dirmngr (2.4.8-4ubuntu3) ...
Created symlink '/etc/systemd/user/sockets.target.wants/dirmngr.socket' → '/usr/lib/systemd/user/dirmngr.socket'.
Setting up dbus-user-session (1.16.2-2ubuntu4) ...
Setting up libqt5core5t64:amd64 (5.15.18+dfsg-1ubuntu1) ...
Setting up gstreamer1.0-plugins-base:amd64 (1.28.2-1) ...
Setting up libass9:amd64 (1:0.17.4-2) ...
Setting up libqt6xml6:amd64 (6.10.2+dfsg-7) ...
Setting up libspa-0.2-modules:amd64 (1.6.2-1ubuntu1.1) ...
Setting up librtmp1:amd64 (2.4+20151223.gitfa8646d.1-3) ...
Setting up libswscale9:amd64 (7:8.0.1-3ubuntu2) ...
Setting up libpulse-mainloop-glib0:amd64 (1:17.0+dfsg1-2ubuntu4) ...
Setting up libxt6t64:amd64 (1:1.2.1-1.3build1) ...
Setting up libswresample6:amd64 (7:8.0.1-3ubuntu2) ...
Setting up libnm0:amd64 (1.54.3-2ubuntu3) ...
Setting up libkf6archive6:amd64 (6.24.0-0ubuntu1) ...
Setting up libtheora1:amd64 (1.2.0+dfsg-6) ...
Setting up libaccounts-qt6-1:amd64 (1.17-4ubuntu2) ...
Setting up libsrt1.5-gnutls:amd64 (1.5.4-3) ...
Setting up gnupg (2.4.8-4ubuntu3) ...
Setting up libharfbuzz-subset0:amd64 (12.3.2-2) ...
Setting up libpolkit-agent-1-0:amd64 (127-2ubuntu1) ...
Setting up libkf6sonnetcore6:amd64 (6.24.0-0ubuntu1) ...
Setting up libbluray3:amd64 (1:1.4.1-1) ...
Setting up libcairo-gobject2:amd64 (1.18.4-3) ...
Setting up libkf6itemmodels6:amd64 (6.24.0-0ubuntu1) ...
Setting up libqt6core5compat6:amd64 (6.10.2-1) ...
Setting up python3.14 (3.14.4-1ubuntu0.1) ...
Setting up netplan-generator (1.2-1ubuntu5) ...
Removing 'diversion of /lib/systemd/system-generators/netplan to /lib/systemd/system-generators/netplan.usr-is-merged by netplan-generator'
Created symlink '/etc/systemd/system/sysinit.target.wants/netplan-configure.service' → '/usr/lib/systemd/system/netplan-configure.service'.
Setting up libpangoft2-1.0-0:amd64 (1.57.0-1) ...
Setting up libgpgme45:amd64 (2.0.1-2build1) ...
Setting up libpipewire-0.3-0t64:amd64 (1.6.2-1ubuntu1.1) ...
Setting up libcups2t64:amd64 (2.4.16-1ubuntu1.3) ...
Setting up libpangocairo-1.0-0:amd64 (1.57.0-1) ...
Setting up libpython3-stdlib:amd64 (3.14.3-0ubuntu2) ...
Setting up libqt6dbus6:amd64 (6.10.2+dfsg-7) ...
Setting up libimobiledevice-1.0-6:amd64 (1.4.0-1build1) ...
Setting up libinput10:amd64 (1.31.1-1ubuntu1.1) ...
Setting up libkf6codecs6:amd64 (6.24.0-0ubuntu1) ...
Setting up mesa-libgallium:amd64 (26.0.8-1ubuntu0.3) ...
Setting up libxmu6:amd64 (2:1.1.3-4) ...
Setting up libqt5dbus5t64:amd64 (5.15.18+dfsg-1ubuntu1) ...
Setting up libkf6modemmanagerqt6:amd64 (6.23.0-0ubuntu1) ...
Setting up libgbm1:amd64 (26.0.8-1ubuntu0.3) ...
Setting up libqcoro6dbus0t64:amd64 (0.13.0-1ubuntu2) ...
Setting up libgpgmepp7:amd64 (2.0.0-2) ...
Setting up libpackagekitqt6-2:amd64 (1.1.4-1) ...
Setting up libgl1-mesa-dri:amd64 (26.0.8-1ubuntu0.3) ...
Setting up libqt5network5t64:amd64 (5.15.18+dfsg-1ubuntu1) ...
Setting up libkf6coreaddons6:amd64 (6.24.0-0ubuntu1) ...
Setting up libcurl3t64-gnutls:amd64 (8.18.0-1ubuntu2.4) ...
Setting up libplasmaactivities7:amd64 (6.6.4-0ubuntu1) ...
Setting up libkf6doctools6:amd64 (6.24.0-0ubuntu1) ...
Setting up dconf-service (0.49.0-4) ...
Setting up python3 (3.14.3-0ubuntu2) ...
Setting up libxaw7:amd64 (2:1.0.16-1build1) ...
Setting up libshiboken6-py3-6.10 (6.10.2-6ubuntu1) ...
Setting up libkf6configcore6:amd64 (6.24.0-0ubuntu1) ...
Setting up libegl-mesa0:amd64 (26.0.8-1ubuntu0.3) ...
Setting up libpoppler156:amd64 (26.01.0-2ubuntu0.1) ...
Setting up libkf6wallet6:amd64 (6.24.0-0ubuntu1) ...
Setting up libshout3:amd64 (2.4.6-1build3) ...
Setting up libqca-qt6-2:amd64 (2.3.10-2) ...
Setting up libsignon-qt6-1:amd64 (8.61+git20231015.c8ad982-8) ...
Setting up libkf6kcmutilscore6:amd64 (6.24.0-0ubuntu1) ...
Setting up libegl1:amd64 (1.7.0-3) ...
Setting up libkf6syndication6:amd64 (6.24.0-0ubuntu1) ...
Setting up sudo-rs (0.2.13-0ubuntu1) ...
update-alternatives: using /usr/lib/cargo/bin/sudo to provide /usr/bin/sudo (sudo) in auto mode
update-alternatives: warning: skip creation of /usr/share/man/man8/sudo.8.gz because associated file /usr/share/man/man8/sudo-rs.8.gz (of link group sudo) does not exist
update-alternatives: warning: skip creation of /usr/share/man/man8/sudoedit.8.gz because associated file /usr/share/man/man8/sudo-rs.8.gz (of link group sudo) does not exist
update-alternatives: warning: skip creation of /usr/share/man/man5/sudoers.5.gz because associated file /usr/share/man/man5/sudoers-rs.5.gz (of link group sudo) does not exist
update-alternatives: warning: skip creation of /usr/share/man/man8/visudo.8.gz because associated file /usr/share/man/man8/visudo-rs.8.gz (of link group sudo) does not exist
Setting up python3-cffi-backend:amd64 (2.0.0-3build1) ...
Setting up libproxy1v5:amd64 (0.5.12-1) ...
Setting up libglx-mesa0:amd64 (26.0.8-1ubuntu0.3) ...
Setting up libkf6service6:amd64 (6.24.0-0ubuntu1) ...
Setting up libglx0:amd64 (1.7.0-3) ...
Setting up dconf-gsettings-backend:amd64 (0.49.0-4) ...
Setting up python3-apt (3.1.0ubuntu1.1) ...
Setting up x11-xkb-utils (7.7+9build1) ...
Setting up cifs-utils (2:7.4-1ubuntu0.26.04.3) ...
update-alternatives: using /usr/lib/x86_64-linux-gnu/cifs-utils/idmapwb.so to provide /etc/cifs-utils/idmap-plugin (idmap-plugin) in auto mode
update-alternatives: warning: skip creation of /usr/share/man/man8/idmap-plugin.8.gz because associated file /usr/share/man/man8/idmapwb.8.gz (of link group idmap-plugin) does not exist
Setting up python3-yaml (6.0.3-1build1) ...
Setting up casper (26.04.2) ...
update-initramfs: deferring update (trigger activated)
Created symlink '/etc/systemd/system/final.target.wants/casper.service' → '/usr/lib/systemd/system/casper.service'.
Created symlink '/etc/systemd/system/multi-user.target.wants/casper-md5check.service' → '/usr/lib/systemd/system/casper-md5check.service'.
Setting up libgl1:amd64 (1.7.0-3) ...
Setting up libqt6gui6:amd64 (6.10.2+dfsg-7) ...
Setting up libkf6notifications6:amd64 (6.24.0-0ubuntu1) ...
Setting up libkf6breezeicons6:amd64 (6.24.0-0ubuntu1) ...
Setting up libqaccessibilityclient-qt6-0:amd64 (0.6.0-4ubuntu1) ...
Setting up libkf6crash6:amd64 (6.24.0-0ubuntu1) ...
Setting up libopencv-core410:amd64 (4.10.0+dfsg-7ubuntu5) ...
Setting up libqt6network6:amd64 (6.10.2+dfsg-7) ...
Setting up python3-netplan (1.2-1ubuntu5) ...
Setting up xserver-common (2:21.1.22-1ubuntu1) ...
Setting up xwayland (2:24.1.10-1) ...
Setting up libkdecorations3private2:amd64 (4:6.6.4-0ubuntu1) ...
Setting up libkf6bookmarks6:amd64 (6.24.0-0ubuntu1) ...
Setting up libkf6bluezqt6:amd64 (6.24.0-0ubuntu1) ...
Setting up ubuntu-pro-client (37.2ubuntu0.1) ...
Created symlink '/etc/systemd/system/multi-user.target.wants/ua-reboot-cmds.service' → '/usr/lib/systemd/system/ua-reboot-cmds.service'.
Created symlink '/etc/systemd/system/timers.target.wants/ua-timer.timer' → '/usr/lib/systemd/system/ua-timer.timer'.
Created symlink '/etc/systemd/system/multi-user.target.wants/ubuntu-advantage.service' → '/usr/lib/systemd/system/ubuntu-advantage.service'.
Setting up libkf6solid6:amd64 (6.24.0-0ubuntu1) ...
Setting up libkf6dbusaddons6:amd64 (6.24.0-0ubuntu1) ...
Setting up libopenconnect5:amd64 (9.12-3.3) ...
Setting up gsettings-desktop-schemas (50.0-1ubuntu2) ...
Setting up glib-networking-services (2.80.1-1build2) ...
Setting up libpoppler-qt6-3t64:amd64 (26.01.0-2ubuntu0.1) ...
Setting up libkf6purpose6:amd64 (6.24.0-0ubuntu1) ...
Setting up libkf6prison6:amd64 (6.24.0-0ubuntu1) ...
Setting up libqt6qml6:amd64 (6.10.2+dfsg-3) ...
Setting up libqt6opengl6:amd64 (6.10.2+dfsg-7) ...
Setting up libqmobipocket6-3:amd64 (4:25.12.3-0ubuntu1) ...
Setting up libqt6shadertools6:amd64 (6.10.2-1) ...
Setting up libkf6configgui6:amd64 (6.24.0-0ubuntu1) ...
Setting up libqt6qmlmodels6:amd64 (6.10.2+dfsg-3) ...
Setting up libkf6screen8:amd64 (4:6.6.4-0ubuntu1) ...
Setting up libkirigamidialogs6:amd64 (6.24.0-0ubuntu1) ...
Setting up libkf6pulseaudioqt5:amd64 (1.7.0-1build1) ...
Setting up libkf6attica6:amd64 (6.24.0-0ubuntu1) ...
Setting up libqt6widgets6:amd64 (6.10.2+dfsg-7) ...
Setting up netplan.io (1.2-1ubuntu5) ...
Setting up libqt6qmlworkerscript6:amd64 (6.10.2+dfsg-3) ...
Setting up libqt6svg6:amd64 (6.10.2-2) ...
Setting up qml6-module-qtquick-tooling:amd64 (6.10.2+dfsg-3) ...
Setting up libpyside6-py3-6.10 (6.10.2-6ubuntu1) ...
Setting up libkirigamidelegates6:amd64 (6.24.0-0ubuntu1) ...
Setting up libqt5gui5t64:amd64 (5.15.18+dfsg-1ubuntu1) ...
Setting up libqt6waylandclient6:amd64 (6.10.2+dfsg-7) ...
Setting up qml6-module-org-kde-coreaddons:amd64 (6.24.0-0ubuntu1) ...
Setting up libkf6networkmanagerqt6:amd64 (6.24.0-0ubuntu1) ...
Setting up libkf6idletime6:amd64 (6.24.0-0ubuntu1) ...
Setting up libopencv-imgproc410:amd64 (4.10.0+dfsg-7ubuntu5) ...
Setting up libkf6screendpms8:amd64 (4:6.6.4-0ubuntu1) ...
Setting up libkf6i18n6:amd64 (6.24.0-0ubuntu1) ...
Setting up libqt6webchannel6:amd64 (6.10.2-1) ...
Setting up libkf6windowsystem6:amd64 (6.24.0-0ubuntu1) ...
Setting up libkf6userfeedbackcore6:amd64 (6.24.0-0ubuntu1) ...
Setting up libkf6runner6:amd64 (6.24.0-0ubuntu1) ...
Setting up libkirigamipolyfill6:amd64 (6.24.0-0ubuntu1) ...
Setting up libkf6i18nqml6:amd64 (6.24.0-0ubuntu1) ...
Setting up glib-networking:amd64 (2.80.1-1build2) ...
Setting up libkf6userfeedbackwidgets6:amd64 (6.24.0-0ubuntu1) ...
Setting up libqt6qmlmeta6:amd64 (6.10.2+dfsg-3) ...
Setting up libkf6service-bin (6.24.0-0ubuntu1) ...
Setting up libkirigamiprivate6:amd64 (6.24.0-0ubuntu1) ...
Setting up libqt6openglwidgets6:amd64 (6.10.2+dfsg-7) ...
Setting up libkf6kiocore6:amd64 (6.24.0-0ubuntu1) ...
Setting up libkirigamitemplates6:amd64 (6.24.0-0ubuntu1) ...
Setting up libqt6wlshellintegration6:amd64 (6.10.2+dfsg-7) ...
Setting up libkf6itemviews6:amd64 (6.24.0-0ubuntu1) ...
Setting up liblayershellqtinterface6:amd64 (6.6.4-0ubuntu1) ...
Setting up qml6-module-org-kde-networkmanager:amd64 (6.24.0-0ubuntu1) ...
Setting up libkf6pty6:amd64 (6.24.0-0ubuntu1) ...
Setting up libkf6sonnetui6:amd64 (6.24.0-0ubuntu1) ...
Setting up libqt5x11extras5:amd64 (5.15.18-1) ...
Setting up libkf6purposewidgets6:amd64 (6.24.0-0ubuntu1) ...
Setting up libqt6printsupport6:amd64 (6.10.2+dfsg-7) ...
Setting up libpolkit-qt6-1-1:amd64 (0.200.0-4ubuntu1) ...
Setting up libkirigamilayoutsprivate6:amd64 (6.24.0-0ubuntu1) ...
Setting up python3-pyside6.qtcore (6.10.2-6ubuntu1) ...
Setting up libkaccounts6-2:amd64 (4:25.12.3-0ubuntu1) ...
Setting up libqt5widgets5t64:amd64 (5.15.18+dfsg-1ubuntu1) ...
Setting up libkf6widgetsaddons6:amd64 (6.24.0-0ubuntu1) ...
Setting up libkf6kiogui6:amd64 (6.24.0-0ubuntu1) ...
Setting up kded6 (6.24.0-0ubuntu1) ...
Setting up libkf6balooengine6:amd64 (6.24.0-0ubuntu1) ...
Setting up python3-pyside6.qtgui (6.10.2-6ubuntu1) ...
Setting up libkf6statusnotifieritem6:amd64 (6.24.0-0ubuntu1) ...
Setting up libkdecorations3-6:amd64 (4:6.6.4-0ubuntu1) ...
Setting up libqt5svg5:amd64 (5.15.18-1) ...
Setting up libsoup-3.0-0:amd64 (3.6.6-1) ...
Setting up qml6-module-qtqml-models:amd64 (6.10.2+dfsg-3) ...
Setting up libkf6package6:amd64 (6.24.0-0ubuntu1) ...
Setting up libkf6globalaccel6:amd64 (6.24.0-0ubuntu1) ...
Setting up network-manager (1.54.3-2ubuntu3) ...
Created symlink '/etc/systemd/system/dbus-org.freedesktop.nm-dispatcher.service' → '/usr/lib/systemd/system/NetworkManager-dispatcher.service'.
Created symlink '/etc/systemd/system/network-online.target.wants/NetworkManager-wait-online.service' → '/usr/lib/systemd/system/NetworkManager-wait-online.service'.
Created symlink '/etc/systemd/system/multi-user.target.wants/NetworkManager.service' → '/usr/lib/systemd/system/NetworkManager.service'.
Error: Could not create NMClient object: Could not connect: No such file or directory
WARNING: NetworkManager could not reload connections ...
Setting up qml6-module-qt-labs-qmlmodels:amd64 (6.10.2+dfsg-3) ...
Setting up libkf6filemetadata3:amd64 (6.24.0-0ubuntu1) ...
Setting up libkf6jobwidgets6:amd64 (6.24.0-0ubuntu1) ...
Setting up libkwaylandclient6:amd64 (4:6.6.4-0ubuntu1) ...
Setting up libkf6guiaddons6:amd64 (6.24.0-0ubuntu1.1) ...
Setting up qml6-module-qtqml-workerscript:amd64 (6.10.2+dfsg-3) ...
Setting up libkscreen-bin (4:6.6.4-0ubuntu1) ...
Setting up python3-pyside6.qtdbus (6.10.2-6ubuntu1) ...
Setting up libkf6baloo6:amd64 (6.24.0-0ubuntu1) ...
Setting up libqt6quick6:amd64 (6.10.2+dfsg-3) ...
Setting up qml6-module-qtqml:amd64 (6.10.2+dfsg-3) ...
Setting up libkf6su6:amd64 (6.24.0-0ubuntu1) ...
Setting up libquickcharts1:amd64 (6.24.0-0ubuntu1) ...
Setting up libkf6newstuffcore6:amd64 (6.24.0-0ubuntu1) ...
Setting up python3-pyside6.qtnetwork (6.10.2-6ubuntu1) ...
Setting up libsnapd-glib-2-1:amd64 (1.72-0ubuntu3) ...
Setting up libkirigamicontrols6:amd64 (6.24.0-0ubuntu1) ...
Setting up libqt6quickshapes6:amd64 (6.10.2+dfsg-3) ...
Setting up libqt6uitools6:amd64 (6.10.2-1) ...
Setting up libkf6colorscheme6:amd64 (6.24.0-0ubuntu1) ...
Setting up qt-style-kvantum (1.1.5-1) ...
Setting up qml6-module-org-kde-sonnet:amd64 (6.24.0-0ubuntu1) ...
Setting up libkf6completion6:amd64 (6.24.0-0ubuntu1) ...
Setting up python3-pyside6.qtqml (6.10.2-6ubuntu1) ...
Setting up libkf6authcore6:amd64 (6.24.0-0ubuntu1) ...
Setting up libkf6walletbackend6:amd64 (6.24.0-0ubuntu1) ...
Setting up qml6-module-qtcore:amd64 (6.10.2+dfsg-3) ...
Setting up qt6-style-kvantum (1.1.5-1) ...
Setting up qml6-module-org-kde-kitemmodels:amd64 (6.24.0-0ubuntu1) ...
Setting up libkf6bookmarkswidgets6:amd64 (6.24.0-0ubuntu1) ...
Setting up libkf6configwidgets6:amd64 (6.24.0-0ubuntu1) ...
Setting up qml6-module-qt-labs-folderlistmodel:amd64 (6.10.2+dfsg-3) ...
Setting up qml6-module-qtquick:amd64 (6.10.2+dfsg-3) ...
Setting up qml6-module-org-kde-kquickcontrolsaddons:amd64 (6.24.0-0ubuntu1) ...
Setting up libqt6webenginecore6:amd64 (6.10.2+dfsg-1) ...
Setting up qml6-module-org-kde-bluezqt:amd64 (6.24.0-0ubuntu1) ...
Setting up python3-pyside6.qtwidgets (6.10.2-6ubuntu1) ...
Setting up qml6-module-qtquick-layouts:amd64 (6.10.2+dfsg-3) ...
Setting up libkquickimageeditor1:amd64 (0.6.0-2ubuntu0.1) ...
Setting up libqt6waylandcompositor6:amd64 (6.10.2-4) ...
Setting up libwireplumber-0.5-0:amd64 (0.5.13-1ubuntu1) ...
Setting up qml6-module-qtquick-shapes:amd64 (6.10.2+dfsg-3) ...
Setting up libkpipewire6:amd64 (6.6.4-0ubuntu1) ...
Setting up qml6-module-sso-onlineaccounts:amd64 (0.7+git20231028.05e79eb-7) ...
Setting up libqt6quicktemplates2-6:amd64 (6.10.2+dfsg-3) ...
Setting up qml6-module-qtquick-templates:amd64 (6.10.2+dfsg-3) ...
Setting up libqt6quickwidgets6:amd64 (6.10.2+dfsg-3) ...
Setting up libkf6su-bin (6.24.0-0ubuntu1) ...
Setting up libpipewire-0.3-modules:amd64 (1.6.2-1ubuntu1.1) ...
Setting up libkf6iconthemes6:amd64 (6.24.0-0ubuntu2) ...
Setting up libkf6configqml6:amd64 (6.24.0-0ubuntu1) ...
Setting up libkf6svg6:amd64 (6.24.0-0ubuntu1) ...
Setting up libkf6kcmutilsquick6:amd64 (6.24.0-0ubuntu1) ...
Setting up qml6-module-qtquick-effects:amd64 (6.10.2+dfsg-3) ...
Setting up libquickchartscontrols1:amd64 (6.24.0-0ubuntu1) ...
Setting up python3-pyside6.qtopengl (6.10.2-6ubuntu1) ...
Setting up qml6-module-qtquick-window:amd64 (6.10.2+dfsg-3) ...
Setting up libqt6webenginecore6-bin (6.10.2+dfsg-1) ...
Setting up kwallet6 (6.24.0-0ubuntu1) ...
Setting up qml6-module-qt5compat-graphicaleffects:amd64 (6.10.2-1) ...
Setting up qt6-wayland:amd64 (6.10.2-4) ...
Setting up libkf6newstuffwidgets6:amd64 (6.24.0-0ubuntu1) ...
Setting up python3-pyside6.qtsvg (6.10.2-6ubuntu1) ...
Setting up libkpipewiredmabuf6:amd64 (6.6.4-0ubuntu1) ...
Setting up libqt6quickcontrols2-6:amd64 (6.10.2+dfsg-3) ...
Setting up qml6-module-org-kde-config:amd64 (6.24.0-0ubuntu1) ...
Setting up libqt6webenginewidgets6:amd64 (6.10.2+dfsg-1) ...
Setting up libplasma7:amd64 (6.6.6-0ubuntu0.1) ...
Setting up pipewire-bin (1.6.2-1ubuntu1.1) ...
Setting up libkf6iconwidgets6:amd64 (6.24.0-0ubuntu2) ...
Setting up libkirigamiplatform6:amd64 (6.24.0-0ubuntu1) ...
Setting up libkirigamiprimitives6:amd64 (6.24.0-0ubuntu1) ...
Setting up libkf6xmlgui6:amd64 (6.24.0-0ubuntu1) ...
Setting up python3-pyside6.qtquick (6.10.2-6ubuntu1) ...
Setting up libkworkspace6-6 (4:6.6.6-0ubuntu0.1) ...
Setting up libkirigamilayouts6:amd64 (6.24.0-0ubuntu1) ...
Setting up libkirigami6:amd64 (6.24.0-0ubuntu1) ...
Setting up qml6-module-qtquick-controls:amd64 (6.10.2+dfsg-3) ...
Setting up pipewire:amd64 (1.6.2-1ubuntu1.1) ...
Creating group 'pipewire' with GID 988.
Creating user 'pipewire' (system user for pipewire) with UID 988 and GID 988.
Created symlink '/etc/systemd/user/default.target.wants/filter-chain.service' → '/usr/lib/systemd/user/filter-chain.service'.
Created symlink '/etc/systemd/user/sockets.target.wants/pipewire.socket' → '/usr/lib/systemd/user/pipewire.socket'.
Created symlink '/etc/systemd/user/default.target.wants/pipewire.service' → '/usr/lib/systemd/user/pipewire.service'.
Setting up libpowerdevilcore2:amd64 (4:6.6.6-0ubuntu0.1) ...
Setting up libkf6kiowidgets6:amd64 (6.24.0-0ubuntu1) ...
Setting up qml6-module-qtquick-dialogs:amd64 (6.10.2+dfsg-3) ...
Setting up qml6-module-org-kde-iconthemes:amd64 (6.24.0-0ubuntu2) ...
Setting up qml6-module-org-kde-kirigami:amd64 (6.24.0-0ubuntu1) ...
Setting up qml6-module-org-kde-desktop (6.24.0-0ubuntu1) ...
Setting up qml6-module-org-kde-ksvg (6.24.0-0ubuntu1) ...
Setting up libkf6kcmutils6:amd64 (6.24.0-0ubuntu1) ...
Setting up qml6-module-org-kde-kirigamiaddons-treeview:amd64 (1.11.0-2ubuntu2) ...
Setting up qml6-module-org-kde-quickcharts:amd64 (6.24.0-0ubuntu1) ...
Setting up libkf6kiofilewidgets6:amd64 (6.24.0-0ubuntu1) ...
Setting up wireplumber (0.5.13-1ubuntu1) ...
Created symlink '/etc/systemd/user/pipewire-session-manager.service' → '/usr/lib/systemd/user/wireplumber.service'.
Created symlink '/etc/systemd/user/pipewire.service.wants/wireplumber.service' → '/usr/lib/systemd/user/wireplumber.service'.
Setting up pipewire-pulse (1.6.2-1ubuntu1.1) ...
Created symlink '/etc/systemd/user/default.target.wants/pipewire-pulse.service' → '/usr/lib/systemd/user/pipewire-pulse.service'.
Created symlink '/etc/systemd/user/sockets.target.wants/pipewire-pulse.socket' → '/usr/lib/systemd/user/pipewire-pulse.socket'.
Setting up qml6-module-org-kde-kirigamiaddons-delegates:amd64 (1.11.0-2ubuntu2) ...
Setting up qml6-module-org-kde-kcmutils:amd64 (6.24.0-0ubuntu1) ...
Setting up powerdevil (4:6.6.6-0ubuntu0.1) ...
Sucessfully set capabilities for powerdevil
Setting up kwin-style-aurorae (6.6.6-0ubuntu0.1) ...
Setting up qml6-module-org-kde-kirigamiaddons-components:amd64 (1.11.0-2ubuntu2) ...
Setting up qml6-module-org-kde-kquickimageeditor:amd64 (0.6.0-2ubuntu0.1) ...
Setting up kio6 (6.24.0-0ubuntu1) ...
Setting up libkf6notifyconfig6:amd64 (6.24.0-0ubuntu1) ...
Setting up libkf6parts6:amd64 (6.24.0-0ubuntu1) ...
Setting up kio-fuse (5.1.1-1) ...
Setting up libkglobalacceld0:amd64 (6.6.5-0ubuntu0.1) ...
Setting up kde-cli-tools (4:6.6.4-0ubuntu1) ...
Setting up libplasmaquick7:amd64 (6.6.6-0ubuntu0.1) ...
Setting up baloo6 (6.24.0-0ubuntu1) ...
Created symlink '/etc/systemd/user/graphical-session.target.wants/kde-baloo.service' → '/usr/lib/systemd/user/kde-baloo.service'.
Setting up plasma-desktoptheme (6.6.6-0ubuntu0.1) ...
Setting up libkscreenlocker6:amd64 (6.6.5-0ubuntu0.1) ...
System has not been booted with systemd as init system (PID 1). Can't operate.
Failed to connect to system scope bus via local transport: Host is down
Setting up kscreen (4:6.6.5-0ubuntu0.1) ...
Setting up plasma-pa (4:6.6.5-0ubuntu0.1) ...
Setting up libkwin6 (4:6.6.6-0ubuntu0.1) ...
Setting up kwin-wayland (4:6.6.6-0ubuntu0.1) ...
Sucessfully set capabilities for kwin_wayland
Setting up kbd (2.7.1-2ubuntu2) ...
Setting up console-setup-linux (1.237ubuntu3.1) ...
update-alternatives: using /etc/console-setup/vtrgb to provide /etc/vtrgb (vtrgb) in auto mode
Created symlink '/etc/systemd/system/sysinit.target.wants/keyboard-setup.service' → '/usr/lib/systemd/system/keyboard-setup.service'.
Created symlink '/etc/systemd/system/multi-user.target.wants/console-setup.service' → '/usr/lib/systemd/system/console-setup.service'.
Created symlink '/etc/systemd/system/sysinit.target.wants/setvtrgb.service' → '/usr/lib/systemd/system/setvtrgb.service'.
Setting up linux-modules-7.0.0-30-generic (7.0.0-30.30) ...
Setting up libheif-plugin-aomdec:amd64 (1.21.2-3ubuntu0.4) ...
Setting up console-setup (1.237ubuntu3.1) ...
update-initramfs: deferring update (trigger activated)
Setting up ubuntu-minimal (1.570.3) ...
Setting up libheif1:amd64 (1.21.2-3ubuntu0.4) ...
Setting up linux-image-7.0.0-30-generic (7.0.0-30.30) ...
I: /boot/vmlinuz.old is now a symlink to vmlinuz-7.0.0-30-generic
I: /boot/initrd.img.old is now a symlink to initrd.img-7.0.0-30-generic
I: /boot/vmlinuz is now a symlink to vmlinuz-7.0.0-30-generic
I: /boot/initrd.img is now a symlink to initrd.img-7.0.0-30-generic
Setting up glycin-loaders (2.1.1+ds-0ubuntu1) ...
Setting up libglycin-2-0:amd64 (2.1.1+ds-0ubuntu1) ...
Setting up linux-main-modules-zfs-7.0.0-30-generic (7.0.0-30.30) ...
Setting up glycin-thumbnailers (2.1.1+ds-0ubuntu1) ...
Setting up libgdk-pixbuf-2.0-0:amd64 (2.44.5+dfsg-4ubuntu1) ...
Setting up linux-image-generic (7.0.0-30.30) ...
Setting up gstreamer1.0-plugins-good:amd64 (1.28.2-2ubuntu0.1) ...
Setting up librsvg2-2:amd64 (2.61.3+dfsg-3) ...
Setting up libavcodec62:amd64 (7:8.0.1-3ubuntu2) ...
Setting up xdg-desktop-portal (1.21.1+ds-1ubuntu3) ...
Created symlink '/etc/systemd/user/graphical-session-pre.target.wants/xdg-desktop-portal-rewrite-launchers.service' → '/usr/lib/systemd/user/xdg-desktop-portal-rewrite-launchers.service'.
Setting up libappimage1.0abi1t64:amd64 (1.0.4-5-7build1) ...
Setting up libavformat62:amd64 (7:8.0.1-3ubuntu2) ...
Setting up libkf6filemetadata-bin:amd64 (6.24.0-0ubuntu1) ...
Setting up libavfilter11:amd64 (7:8.0.1-3ubuntu2) ...
Setting up xdg-desktop-portal-kde (6.6.6-0ubuntu0.1) ...
Setting up libqt6multimedia6:amd64 (6.10.2-2) ...
Setting up libkf6prisonscanner6:amd64 (6.24.0-0ubuntu1) ...
Setting up libqt6texttospeech6:amd64 (6.10.2-1) ...
Setting up qml6-module-qtmultimedia:amd64 (6.10.2-2) ...
Setting up libqt6multimediawidgets6:amd64 (6.10.2-2) ...
Setting up libkpipewirerecord6:amd64 (6.6.4-0ubuntu1) ...
Setting up libkf6baloowidgets6:amd64 (4:25.12.3-0ubuntu1) ...
Setting up libkf6textwidgets6:amd64 (6.24.0-0ubuntu1) ...
Setting up qml6-module-org-kde-prison:amd64 (6.24.0-0ubuntu1) ...
Setting up libkf6purpose-bin:amd64 (6.24.0-0ubuntu1) ...
Setting up dolphin (4:25.12.3-0ubuntu1) ...
Setting up konsole-kpart (4:25.12.3-0ubuntu1) ...
Setting up konsole (4:25.12.3-0ubuntu1) ...
update-alternatives: using /usr/bin/konsole to provide /usr/bin/x-terminal-emulator (x-terminal-emulator) in auto mode
Setting up plasma-nm (4:6.6.6-0ubuntu0.1) ...
Setting up kde-spectacle (4:6.6.6-0ubuntu0.1) ...
Processing triggers for libc-bin (2.43-2ubuntu2.3) ...
Processing triggers for systemd (259.5-0ubuntu3.4) ...
Processing triggers for procps (2:4.0.4-9ubuntu1) ...
Processing triggers for ca-certificates (20260601~26.04.1) ...
Updating certificates in /etc/ssl/certs...
0 added, 0 removed; done.
Running hooks in /etc/ca-certificates/update.d...
done.
Processing triggers for initramfs-tools (0.151ubuntu1) ...
Processing triggers for linux-image-7.0.0-30-generic (7.0.0-30.30) ...
/etc/kernel/postinst.d/initramfs-tools:
update-initramfs: Generating /boot/initrd.img-7.0.0-30-generic
W: No zstd in /usr/bin:/sbin:/bin, using gzip
== apt-accel
Reading package lists...
Building dependency tree...
Reading state information...
Solving dependencies...
The following NEW packages will be installed:
  kglobalacceld
0 upgraded, 1 newly installed, 0 to remove and 14 not upgraded.
Need to get 7878 B of archives.
After this operation, 48.1 kB of additional disk space will be used.
Get:1 http://archive.ubuntu.com/ubuntu resolute-updates/universe amd64 kglobalacceld amd64 6.6.5-0ubuntu0.1 [7878 B]
Fetched 7878 B in 0s (17.9 kB/s)
E: Can not write log (Is /dev/pts mounted?) - posix_openpt (19: No such device)
Selecting previously unselected package kglobalacceld.
(Reading database ... 48961 files and directories currently installed.)
Preparing to unpack .../kglobalacceld_6.6.5-0ubuntu0.1_amd64.deb ...
Unpacking kglobalacceld (6.6.5-0ubuntu0.1) ...
Setting up kglobalacceld (6.6.5-0ubuntu0.1) ...
== apt-dbus
Reading package lists...
Building dependency tree...
Reading state information...
Solving dependencies...
The following additional packages will be installed:
  libglib2.0-data
The following NEW packages will be installed:
  libglib2.0-bin libglib2.0-data
0 upgraded, 2 newly installed, 0 to remove and 14 not upgraded.
Need to get 137 kB of archives.
After this operation, 483 kB of additional disk space will be used.
Get:1 http://archive.ubuntu.com/ubuntu resolute/main amd64 libglib2.0-data all 2.88.0-1 [37.8 kB]
Get:2 http://archive.ubuntu.com/ubuntu resolute/main amd64 libglib2.0-bin amd64 2.88.0-1 [99.4 kB]
Fetched 137 kB in 1s (159 kB/s)
E: Can not write log (Is /dev/pts mounted?) - posix_openpt (19: No such device)
Selecting previously unselected package libglib2.0-data.
(Reading database ... 48968 files and directories currently installed.)
Preparing to unpack .../libglib2.0-data_2.88.0-1_all.deb ...
Unpacking libglib2.0-data (2.88.0-1) ...
Selecting previously unselected package libglib2.0-bin.
Preparing to unpack .../libglib2.0-bin_2.88.0-1_amd64.deb ...
Unpacking libglib2.0-bin (2.88.0-1) ...
Setting up libglib2.0-data (2.88.0-1) ...
Setting up libglib2.0-bin (2.88.0-1) ...
== accel-path
global shortcut daemon: /usr/lib/x86_64-linux-gnu/libexec/kglobalacceld
== install the Zaldros shell, theme scripts and self-test
== theme
Reading package lists...
Building dependency tree...
Reading state information...
ca-certificates is already the newest version (20260601~26.04.1).
Solving dependencies...
The following additional packages will be installed:
  git-man liberror-perl libgdbm-compat4t64 libgdbm6t64 libperl5.40 perl
  perl-base perl-modules-5.40
Suggested packages:
  gettext-base git-doc git-email git-gui gitk gitweb git-cvs git-svn gdbm-l10n
  perl-doc libterm-readline-gnu-perl | libterm-readline-perl-perl make
  libtap-harness-archive-perl
Recommended packages:
  patch ssh-client
The following NEW packages will be installed:
  git git-man gtk-update-icon-cache liberror-perl libgdbm-compat4t64
  libgdbm6t64 libperl5.40 perl perl-modules-5.40 xz-utils
The following packages will be upgraded:
  perl-base
1 upgraded, 10 newly installed, 0 to remove and 13 not upgraded.
Need to get 16.1 MB of archives.
After this operation, 81.0 MB of additional disk space will be used.
Get:1 http://archive.ubuntu.com/ubuntu resolute-updates/main amd64 perl-base amd64 5.40.1-7ubuntu0.1 [1844 kB]
Get:2 http://archive.ubuntu.com/ubuntu resolute/main amd64 libgdbm6t64 amd64 1.26-1build1 [36.5 kB]
Get:3 http://archive.ubuntu.com/ubuntu resolute/main amd64 xz-utils amd64 5.8.3-1 [406 kB]
Get:4 http://archive.ubuntu.com/ubuntu resolute-updates/main amd64 perl-modules-5.40 all 5.40.1-7ubuntu0.1 [3212 kB]
Get:5 http://archive.ubuntu.com/ubuntu resolute/main amd64 libgdbm-compat4t64 amd64 1.26-1build1 [6796 B]
Get:6 http://archive.ubuntu.com/ubuntu resolute-updates/main amd64 libperl5.40 amd64 5.40.1-7ubuntu0.1 [4885 kB]
Get:7 http://archive.ubuntu.com/ubuntu resolute-updates/main amd64 perl amd64 5.40.1-7ubuntu0.1 [262 kB]
Get:8 http://archive.ubuntu.com/ubuntu resolute/main amd64 liberror-perl all 0.17030-1 [23.5 kB]
Get:9 http://archive.ubuntu.com/ubuntu resolute/main amd64 git-man all 1:2.53.0-1ubuntu1 [1202 kB]
Get:10 http://archive.ubuntu.com/ubuntu resolute/main amd64 git amd64 1:2.53.0-1ubuntu1 [4227 kB]
Get:11 http://archive.ubuntu.com/ubuntu resolute-updates/main amd64 gtk-update-icon-cache amd64 4.22.4+ds-0ubuntu0.1 [42.7 kB]
Fetched 16.1 MB in 2s (8536 kB/s)
E: Can not write log (Is /dev/pts mounted?) - posix_openpt (19: No such device)
(Reading database ... 48994 files and directories currently installed.)
Preparing to unpack .../perl-base_5.40.1-7ubuntu0.1_amd64.deb ...
Unpacking perl-base (5.40.1-7ubuntu0.1) over (5.40.1-7build1) ...
Setting up perl-base (5.40.1-7ubuntu0.1) ...
Selecting previously unselected package libgdbm6t64:amd64.
(Reading database ... 48994 files and directories currently installed.)
Preparing to unpack .../0-libgdbm6t64_1.26-1build1_amd64.deb ...
Unpacking libgdbm6t64:amd64 (1.26-1build1) ...
Selecting previously unselected package xz-utils.
Preparing to unpack .../1-xz-utils_5.8.3-1_amd64.deb ...
Unpacking xz-utils (5.8.3-1) ...
Selecting previously unselected package perl-modules-5.40.
Preparing to unpack .../2-perl-modules-5.40_5.40.1-7ubuntu0.1_all.deb ...
Unpacking perl-modules-5.40 (5.40.1-7ubuntu0.1) ...
Selecting previously unselected package libgdbm-compat4t64:amd64.
Preparing to unpack .../3-libgdbm-compat4t64_1.26-1build1_amd64.deb ...
Unpacking libgdbm-compat4t64:amd64 (1.26-1build1) ...
Selecting previously unselected package libperl5.40:amd64.
Preparing to unpack .../4-libperl5.40_5.40.1-7ubuntu0.1_amd64.deb ...
Unpacking libperl5.40:amd64 (5.40.1-7ubuntu0.1) ...
Selecting previously unselected package perl.
Preparing to unpack .../5-perl_5.40.1-7ubuntu0.1_amd64.deb ...
Unpacking perl (5.40.1-7ubuntu0.1) ...
Selecting previously unselected package liberror-perl.
Preparing to unpack .../6-liberror-perl_0.17030-1_all.deb ...
Unpacking liberror-perl (0.17030-1) ...
Selecting previously unselected package git-man.
Preparing to unpack .../7-git-man_1%3a2.53.0-1ubuntu1_all.deb ...
Unpacking git-man (1:2.53.0-1ubuntu1) ...
Selecting previously unselected package git.
Preparing to unpack .../8-git_1%3a2.53.0-1ubuntu1_amd64.deb ...
Unpacking git (1:2.53.0-1ubuntu1) ...
Selecting previously unselected package gtk-update-icon-cache.
Preparing to unpack .../9-gtk-update-icon-cache_4.22.4+ds-0ubuntu0.1_amd64.deb ...
No diversion 'diversion of /usr/sbin/update-icon-caches to /usr/sbin/update-icon-caches.gtk2 by libgtk-3-bin', none removed.
No diversion 'diversion of /usr/share/man/man8/update-icon-caches.8.gz to /usr/share/man/man8/update-icon-caches.gtk2.8.gz by libgtk-3-bin', none removed.
Unpacking gtk-update-icon-cache (4.22.4+ds-0ubuntu0.1) ...
Setting up gtk-update-icon-cache (4.22.4+ds-0ubuntu0.1) ...
Setting up libgdbm6t64:amd64 (1.26-1build1) ...
Setting up libgdbm-compat4t64:amd64 (1.26-1build1) ...
Setting up xz-utils (5.8.3-1) ...
Setting up perl-modules-5.40 (5.40.1-7ubuntu0.1) ...
Setting up git-man (1:2.53.0-1ubuntu1) ...
Setting up libperl5.40:amd64 (5.40.1-7ubuntu0.1) ...
Setting up perl (5.40.1-7ubuntu0.1) ...
Setting up liberror-perl (0.17030-1) ...
Setting up git (1:2.53.0-1ubuntu1) ...
Processing triggers for libc-bin (2.43-2ubuntu2.3) ...
Fluent-icon-theme @ c8a244f (cursors/ only)
next: install-visual-theme.sh --dest <rootfs> --cursors /usr/src/Fluent-icon-theme
installed: icon theme Zaldros (ours) + cursor theme Fluent-dark-cursors (Fluent, GPL-3) into /
Created symlink '/etc/systemd/system/graphical.target.wants/zaldros-session.service' → '/etc/systemd/system/zaldros-session.service'.
Created symlink '/etc/systemd/system/default.target' → '/usr/lib/systemd/system/graphical.target'.
Created symlink '/etc/systemd/system/graphical.target.wants/zaldros-selftest.service' → '/etc/systemd/system/zaldros-selftest.service'.
Created symlink '/etc/systemd/system/casper-md5check.service' → '/dev/null'.
== squashfs + ISO
Parallel mksquashfs: Using 4 processors
Creating 4.0 filesystem on /tmp/tmp.cYtxtGHWSc/iso/casper/filesystem.squashfs, block size 131072.
[/                                                           ]     0/35157   0%Unrecognised xattr prefix system.posix_acl_default

[=====\                                                      ]  7000/77840   8%[=====-                                                      ]  7400/77840   9%[==================|                                         ] 24200/77840  31%[===================|                                        ] 25100/77840  32%[======================-                                     ] 30200/77840  38%[=======================================================/    ] 72700/77840  93%Unrecognised xattr prefix system.posix_acl_default
Unrecognised xattr prefix system.posix_acl_access
Unrecognised xattr prefix system.posix_acl_default

[===========================================================-] 77840/77840 100%

Exportable Squashfs 4.0 filesystem, zstd compressed, data block size 131072
	compressed data, compressed metadata, compressed fragments,
	compressed xattrs, compressed ids
	duplicates are removed
Filesystem size 2822773.77 Kbytes (2756.62 Mbytes)
	67.80% of uncompressed filesystem size (4163442.05 Kbytes)
Inode table size 749278 bytes (731.72 Kbytes)
	23.49% of uncompressed inode table size (3189166 bytes)
Directory table size 802322 bytes (783.52 Kbytes)
	35.15% of uncompressed directory table size (2282649 bytes)
Xattr table size 59 bytes (0.06 Kbytes)
	36.88% of uncompressed xattr table size (160 bytes)
Number of duplicate files found 9892
Number of inodes 81885
Number of files 50778
Number of fragments 3524
Number of symbolic links 25401
Number of device nodes 0
Number of fifo nodes 0
Number of socket nodes 0
Number of directories 5706
Number of hard-links 120
Number of ids (unique uids + gids) 15
Number of uids 8
	root (0)
	polkitd (989)
	_apt (42)
	runner (1001)
	systemd-network (998)
	unknown (997)
	dhcpcd (100)
	packer (1000)
Number of gids 14
	root (0)
	polkitd (989)
	shadow (42)
	runner (1001)
	systemd-network (998)
	crontab (997)
	messagebus (101)
	input (995)
	staff (50)
	packer (1000)
	adm (4)
	utmp (43)
	systemd-journal (999)
	mail (8)
== grub-mkrescue
xorriso 1.5.6 : RockRidge filesystem manipulator, libburnia project.

Drive current: -outdev 'stdio:zaldros-services.iso'
Media current: stdio file, overwriteable
Media status : is blank
Media summary: 0 sessions, 0 data blocks, 0 data, 78.5g free
Added to ISO image: directory '/'='/tmp/grub.BG3obw'
xorriso : UPDATE :     588 files added in 1 seconds
Added to ISO image: directory '/'='/tmp/tmp.cYtxtGHWSc/iso'
xorriso : UPDATE :     595 files added in 1 seconds
xorriso : NOTE : Copying to System Area: 512 bytes from file '/usr/lib/grub/i386-pc/boot_hybrid.img'
libisofs: NOTE : Automatically adjusted MBR geometry to 1023/179/32
xorriso : UPDATE :  4.52% done
xorriso : UPDATE :  70.77% done
xorriso : UPDATE :  91.48% done
ISO image produced: 1464204 sectors
Written to medium : 1464204 sectors at LBA 0
Writing to 'stdio:zaldros-services.iso' completed successfully.

== El Torito catalogue
xorriso 1.5.6 : RockRidge filesystem manipulator, libburnia project.

xorriso : NOTE : Loading ISO image tree from LBA 0
xorriso : UPDATE :     594 nodes read in 1 seconds
xorriso : NOTE : Detected El-Torito boot information which currently is set to be discarded
Drive current: -indev 'zaldros-services.iso'
Media current: stdio file, overwriteable
Media status : is written , is appendable
Boot record  : El Torito , MBR protective-msdos-label grub2-mbr cyl-align-off GPT APM
Media summary: 1 session, 1464204 data blocks, 2860m data, 75.7g free
Volume id    : 'ZALDROS'
El Torito catalog  : 1615  1
El Torito cat path : /boot.catalog
El Torito images   :   N  Pltf  B   Emul  Ld_seg  Hdpt  Ldsiz         LBA
El Torito boot img :   1  BIOS  y   none  0x0000  0x00      4        2977
El Torito boot img :   2  UEFI  y   none  0x0000  0x00   5760          72
El Torito img path :   1  /boot/grub/i386-pc/eltorito.img
El Torito img opts :   1  boot-info-table grub2-boot-info
El Torito img path :   2  /efi.img
OK: UEFI boot image present: #2 /efi.img; BIOS boot image also present: #1 /boot/grub/i386-pc/eltorito.img
ISO: zaldros-services.iso (2.8G)
== diagnostics written to /home/runner/work/Zaldros/Zaldros/build-debug-services
