2026-04-20 18:05:14 startup archives install
2026-04-20 18:05:14 install base-passwd:amd64 <none> 3.6.8
2026-04-20 18:05:14 status half-installed base-passwd:amd64 3.6.8
2026-04-20 18:05:14 status unpacked base-passwd:amd64 3.6.8
2026-04-20 18:05:14 configure base-passwd:amd64 3.6.8 3.6.8
2026-04-20 18:05:14 status half-configured base-passwd:amd64 3.6.8
2026-04-20 18:05:14 status installed base-passwd:amd64 3.6.8
2026-04-20 18:05:14 startup archives install
2026-04-20 18:05:14 install base-files:amd64 <none> 14ubuntu6
2026-04-20 18:05:14 status half-installed base-files:amd64 14ubuntu6
2026-04-20 18:05:14 status unpacked base-files:amd64 14ubuntu6
2026-04-20 18:05:14 configure base-files:amd64 14ubuntu6 14ubuntu6
2026-04-20 18:05:14 status half-configured base-files:amd64 14ubuntu6
2026-04-20 18:05:14 status installed base-files:amd64 14ubuntu6
2026-04-20 18:05:14 startup archives install
2026-04-20 18:05:14 upgrade dpkg 1.23.7ubuntu1 1.23.7ubuntu1
2026-04-20 18:05:14 status half-configured dpkg 1.23.7ubuntu1
2026-04-20 18:05:14 status unpacked dpkg 1.23.7ubuntu1
2026-04-20 18:05:14 status half-installed dpkg 1.23.7ubuntu1
2026-04-20 18:05:14 status unpacked dpkg:amd64 1.23.7ubuntu1
2026-04-20 18:05:14 configure dpkg:amd64 1.23.7ubuntu1 1.23.7ubuntu1
2026-04-20 18:05:14 status half-configured dpkg:amd64 1.23.7ubuntu1
2026-04-20 18:05:15 status installed dpkg:amd64 1.23.7ubuntu1
2026-04-20 18:05:15 startup archives install
2026-04-20 18:05:15 install libc6:amd64 <none> 2.43-2ubuntu2
2026-04-20 18:05:15 status half-installed libc6:amd64 2.43-2ubuntu2
2026-04-20 18:05:15 status unpacked libc6:amd64 2.43-2ubuntu2
2026-04-20 18:05:15 configure libc6:amd64 2.43-2ubuntu2 2.43-2ubuntu2
2026-04-20 18:05:15 status half-configured libc6:amd64 2.43-2ubuntu2
2026-04-20 18:05:15 status installed libc6:amd64 2.43-2ubuntu2
2026-04-20 18:05:15 startup archives install
2026-04-20 18:05:15 install perl-base:amd64 <none> 5.40.1-7build1
2026-04-20 18:05:15 status half-installed perl-base:amd64 5.40.1-7build1
2026-04-20 18:05:15 status unpacked perl-base:amd64 5.40.1-7build1
2026-04-20 18:05:15 configure perl-base:amd64 5.40.1-7build1 5.40.1-7build1
2026-04-20 18:05:15 status half-configured perl-base:amd64 5.40.1-7build1
2026-04-20 18:05:15 status installed perl-base:amd64 5.40.1-7build1
2026-04-20 18:05:15 startup archives install
2026-04-20 18:05:15 install mawk:amd64 <none> 1.3.4.20260129-1
2026-04-20 18:05:15 status half-installed mawk:amd64 1.3.4.20260129-1
2026-04-20 18:05:15 status unpacked mawk:amd64 1.3.4.20260129-1
2026-04-20 18:05:15 configure mawk:amd64 1.3.4.20260129-1 1.3.4.20260129-1
2026-04-20 18:05:15 status half-configured mawk:amd64 1.3.4.20260129-1
2026-04-20 18:05:15 status installed mawk:amd64 1.3.4.20260129-1
2026-04-20 18:05:15 startup archives unpack
2026-04-20 18:05:15 upgrade base-files:amd64 14ubuntu6 14ubuntu6
2026-04-20 18:05:15 status half-configured base-files:amd64 14ubuntu6
2026-04-20 18:05:15 status unpacked base-files:amd64 14ubuntu6
2026-04-20 18:05:15 status half-installed base-files:amd64 14ubuntu6
2026-04-20 18:05:15 status unpacked base-files:amd64 14ubuntu6
2026-04-20 18:05:16 upgrade base-passwd:amd64 3.6.8 3.6.8
2026-04-20 18:05:16 status half-configured base-passwd:amd64 3.6.8
2026-04-20 18:05:16 status unpacked base-passwd:amd64 3.6.8
2026-04-20 18:05:16 status half-installed base-passwd:amd64 3.6.8
2026-04-20 18:05:16 status unpacked base-passwd:amd64 3.6.8
2026-04-20 18:05:16 install bash:amd64 <none> 5.3-2ubuntu1
2026-04-20 18:05:16 status half-installed bash:amd64 5.3-2ubuntu1
2026-04-20 18:05:16 status unpacked bash:amd64 5.3-2ubuntu1
2026-04-20 18:05:16 install bsdutils:amd64 <none> 1:2.41.3-3ubuntu2
2026-04-20 18:05:16 status half-installed bsdutils:amd64 1:2.41.3-3ubuntu2
2026-04-20 18:05:16 status unpacked bsdutils:amd64 1:2.41.3-3ubuntu2
2026-04-20 18:05:16 install coreutils:all <none> 9.5-1ubuntu2+0.0.0~ubuntu25
2026-04-20 18:05:16 status half-installed coreutils:all 9.5-1ubuntu2+0.0.0~ubuntu25
2026-04-20 18:05:16 status unpacked coreutils:all 9.5-1ubuntu2+0.0.0~ubuntu25
2026-04-20 18:05:16 install coreutils-from-uutils:all <none> 0.0.0~ubuntu25
2026-04-20 18:05:16 status half-installed coreutils-from-uutils:all 0.0.0~ubuntu25
2026-04-20 18:05:16 status unpacked coreutils-from-uutils:all 0.0.0~ubuntu25
2026-04-20 18:05:16 install dash:amd64 <none> 0.5.12-12ubuntu3
2026-04-20 18:05:16 status half-installed dash:amd64 0.5.12-12ubuntu3
2026-04-20 18:05:16 status unpacked dash:amd64 0.5.12-12ubuntu3
2026-04-20 18:05:16 install debconf:all <none> 1.5.92
2026-04-20 18:05:16 status half-installed debconf:all 1.5.92
2026-04-20 18:05:16 status unpacked debconf:all 1.5.92
2026-04-20 18:05:16 install debianutils:amd64 <none> 5.23.2build1
2026-04-20 18:05:16 status half-installed debianutils:amd64 5.23.2build1
2026-04-20 18:05:16 status unpacked debianutils:amd64 5.23.2build1
2026-04-20 18:05:16 install diffutils:amd64 <none> 1:3.12-1
2026-04-20 18:05:16 status half-installed diffutils:amd64 1:3.12-1
2026-04-20 18:05:16 status unpacked diffutils:amd64 1:3.12-1
2026-04-20 18:05:16 upgrade dpkg:amd64 1.23.7ubuntu1 1.23.7ubuntu1
2026-04-20 18:05:16 status half-configured dpkg:amd64 1.23.7ubuntu1
2026-04-20 18:05:16 status unpacked dpkg:amd64 1.23.7ubuntu1
2026-04-20 18:05:16 status half-installed dpkg:amd64 1.23.7ubuntu1
2026-04-20 18:05:16 status unpacked dpkg:amd64 1.23.7ubuntu1
2026-04-20 18:05:16 install e2fsprogs:amd64 <none> 1.47.2-3ubuntu4
2026-04-20 18:05:16 status half-installed e2fsprogs:amd64 1.47.2-3ubuntu4
2026-04-20 18:05:17 status unpacked e2fsprogs:amd64 1.47.2-3ubuntu4
2026-04-20 18:05:17 install findutils:amd64 <none> 4.10.0-3build2
2026-04-20 18:05:17 status half-installed findutils:amd64 4.10.0-3build2
2026-04-20 18:05:17 status unpacked findutils:amd64 4.10.0-3build2
2026-04-20 18:05:17 install gcc-16-base:amd64 <none> 16-20260322-1ubuntu1
2026-04-20 18:05:17 status half-installed gcc-16-base:amd64 16-20260322-1ubuntu1
2026-04-20 18:05:17 status unpacked gcc-16-base:amd64 16-20260322-1ubuntu1
2026-04-20 18:05:17 install gnu-coreutils:amd64 <none> 9.7-3ubuntu2
2026-04-20 18:05:17 status half-installed gnu-coreutils:amd64 9.7-3ubuntu2
2026-04-20 18:05:17 status unpacked gnu-coreutils:amd64 9.7-3ubuntu2
2026-04-20 18:05:17 install grep:amd64 <none> 3.12-1
2026-04-20 18:05:17 status half-installed grep:amd64 3.12-1
2026-04-20 18:05:17 status unpacked grep:amd64 3.12-1
2026-04-20 18:05:17 install gzip:amd64 <none> 1.14-1~exp2ubuntu1
2026-04-20 18:05:17 status half-installed gzip:amd64 1.14-1~exp2ubuntu1
2026-04-20 18:05:17 status unpacked gzip:amd64 1.14-1~exp2ubuntu1
2026-04-20 18:05:17 install hostname:amd64 <none> 3.25build1
2026-04-20 18:05:17 status half-installed hostname:amd64 3.25build1
2026-04-20 18:05:17 status unpacked hostname:amd64 3.25build1
2026-04-20 18:05:17 install init-system-helpers:all <none> 1.69
2026-04-20 18:05:17 status half-installed init-system-helpers:all 1.69
2026-04-20 18:05:17 status unpacked init-system-helpers:all 1.69
2026-04-20 18:05:17 install libacl1:amd64 <none> 2.3.2-2
2026-04-20 18:05:17 status half-installed libacl1:amd64 2.3.2-2
2026-04-20 18:05:17 status unpacked libacl1:amd64 2.3.2-2
2026-04-20 18:05:17 install libattr1:amd64 <none> 1:2.5.2-4
2026-04-20 18:05:17 status half-installed libattr1:amd64 1:2.5.2-4
2026-04-20 18:05:17 status unpacked libattr1:amd64 1:2.5.2-4
2026-04-20 18:05:17 install libaudit-common:all <none> 1:4.1.2-1build1
2026-04-20 18:05:17 status half-installed libaudit-common:all 1:4.1.2-1build1
2026-04-20 18:05:17 status unpacked libaudit-common:all 1:4.1.2-1build1
2026-04-20 18:05:17 install libaudit1:amd64 <none> 1:4.1.2-1build1
2026-04-20 18:05:17 status half-installed libaudit1:amd64 1:4.1.2-1build1
2026-04-20 18:05:17 status unpacked libaudit1:amd64 1:4.1.2-1build1
2026-04-20 18:05:17 install libblkid1:amd64 <none> 2.41.3-3ubuntu2
2026-04-20 18:05:17 status half-installed libblkid1:amd64 2.41.3-3ubuntu2
2026-04-20 18:05:17 status unpacked libblkid1:amd64 2.41.3-3ubuntu2
2026-04-20 18:05:17 install libbsd0:amd64 <none> 0.12.2-2build2
2026-04-20 18:05:17 status half-installed libbsd0:amd64 0.12.2-2build2
2026-04-20 18:05:17 status unpacked libbsd0:amd64 0.12.2-2build2
2026-04-20 18:05:17 install libbz2-1.0:amd64 <none> 1.0.8-6build2
2026-04-20 18:05:17 status half-installed libbz2-1.0:amd64 1.0.8-6build2
2026-04-20 18:05:17 status unpacked libbz2-1.0:amd64 1.0.8-6build2
2026-04-20 18:05:17 install libc-bin:amd64 <none> 2.43-2ubuntu2
2026-04-20 18:05:17 status half-installed libc-bin:amd64 2.43-2ubuntu2
2026-04-20 18:05:17 status unpacked libc-bin:amd64 2.43-2ubuntu2
2026-04-20 18:05:17 install libc-gconv-modules-extra:amd64 <none> 2.43-2ubuntu2
2026-04-20 18:05:17 status half-installed libc-gconv-modules-extra:amd64 2.43-2ubuntu2
2026-04-20 18:05:17 status unpacked libc-gconv-modules-extra:amd64 2.43-2ubuntu2
2026-04-20 18:05:17 upgrade libc6:amd64 2.43-2ubuntu2 2.43-2ubuntu2
2026-04-20 18:05:17 status half-configured libc6:amd64 2.43-2ubuntu2
2026-04-20 18:05:17 status unpacked libc6:amd64 2.43-2ubuntu2
2026-04-20 18:05:17 status half-installed libc6:amd64 2.43-2ubuntu2
2026-04-20 18:05:17 status unpacked libc6:amd64 2.43-2ubuntu2
2026-04-20 18:05:17 install libcap-ng0:amd64 <none> 0.8.5-4build5
2026-04-20 18:05:17 status half-installed libcap-ng0:amd64 0.8.5-4build5
2026-04-20 18:05:17 status unpacked libcap-ng0:amd64 0.8.5-4build5
2026-04-20 18:05:17 install libcom-err2:amd64 <none> 1.47.2-3ubuntu4
2026-04-20 18:05:17 status half-installed libcom-err2:amd64 1.47.2-3ubuntu4
2026-04-20 18:05:17 status unpacked libcom-err2:amd64 1.47.2-3ubuntu4
2026-04-20 18:05:17 install libcrypt1:amd64 <none> 1:4.5.1-1
2026-04-20 18:05:17 status half-installed libcrypt1:amd64 1:4.5.1-1
2026-04-20 18:05:17 status unpacked libcrypt1:amd64 1:4.5.1-1
2026-04-20 18:05:18 install libdb5.3t64:amd64 <none> 5.3.28+dfsg2-10ubuntu1
2026-04-20 18:05:18 status half-installed libdb5.3t64:amd64 5.3.28+dfsg2-10ubuntu1
2026-04-20 18:05:18 status unpacked libdb5.3t64:amd64 5.3.28+dfsg2-10ubuntu1
2026-04-20 18:05:18 install libdebconfclient0:amd64 <none> 0.280ubuntu1
2026-04-20 18:05:18 status half-installed libdebconfclient0:amd64 0.280ubuntu1
2026-04-20 18:05:18 status unpacked libdebconfclient0:amd64 0.280ubuntu1
2026-04-20 18:05:18 install libext2fs2t64:amd64 <none> 1.47.2-3ubuntu4
2026-04-20 18:05:18 status half-installed libext2fs2t64:amd64 1.47.2-3ubuntu4
2026-04-20 18:05:18 status unpacked libext2fs2t64:amd64 1.47.2-3ubuntu4
2026-04-20 18:05:18 install libgcc-s1:amd64 <none> 16-20260322-1ubuntu1
2026-04-20 18:05:18 status half-installed libgcc-s1:amd64 16-20260322-1ubuntu1
2026-04-20 18:05:18 status unpacked libgcc-s1:amd64 16-20260322-1ubuntu1
2026-04-20 18:05:18 install libgmp10:amd64 <none> 2:6.3.0+dfsg-5ubuntu2
2026-04-20 18:05:18 status half-installed libgmp10:amd64 2:6.3.0+dfsg-5ubuntu2
2026-04-20 18:05:18 status unpacked libgmp10:amd64 2:6.3.0+dfsg-5ubuntu2
2026-04-20 18:05:18 install liblzma5:amd64 <none> 5.8.3-1
2026-04-20 18:05:18 status half-installed liblzma5:amd64 5.8.3-1
2026-04-20 18:05:18 status unpacked liblzma5:amd64 5.8.3-1
2026-04-20 18:05:18 install libmd0:amd64 <none> 1.1.0-2build4
2026-04-20 18:05:18 status half-installed libmd0:amd64 1.1.0-2build4
2026-04-20 18:05:18 status unpacked libmd0:amd64 1.1.0-2build4
2026-04-20 18:05:18 install libmount1:amd64 <none> 2.41.3-3ubuntu2
2026-04-20 18:05:18 status half-installed libmount1:amd64 2.41.3-3ubuntu2
2026-04-20 18:05:18 status unpacked libmount1:amd64 2.41.3-3ubuntu2
2026-04-20 18:05:18 install libncursesw6:amd64 <none> 6.6+20251231-1
2026-04-20 18:05:18 status half-installed libncursesw6:amd64 6.6+20251231-1
2026-04-20 18:05:18 status unpacked libncursesw6:amd64 6.6+20251231-1
2026-04-20 18:05:18 install libpam-modules:amd64 <none> 1.7.0-5ubuntu3
2026-04-20 18:05:18 status half-installed libpam-modules:amd64 1.7.0-5ubuntu3
2026-04-20 18:05:18 status unpacked libpam-modules:amd64 1.7.0-5ubuntu3
2026-04-20 18:05:18 install libpam-modules-bin:amd64 <none> 1.7.0-5ubuntu3
2026-04-20 18:05:18 status half-installed libpam-modules-bin:amd64 1.7.0-5ubuntu3
2026-04-20 18:05:18 status unpacked libpam-modules-bin:amd64 1.7.0-5ubuntu3
2026-04-20 18:05:18 install libpam-runtime:all <none> 1.7.0-5ubuntu3
2026-04-20 18:05:18 status half-installed libpam-runtime:all 1.7.0-5ubuntu3
2026-04-20 18:05:18 status unpacked libpam-runtime:all 1.7.0-5ubuntu3
2026-04-20 18:05:18 install libpam0g:amd64 <none> 1.7.0-5ubuntu3
2026-04-20 18:05:18 status half-installed libpam0g:amd64 1.7.0-5ubuntu3
2026-04-20 18:05:18 status unpacked libpam0g:amd64 1.7.0-5ubuntu3
2026-04-20 18:05:18 install libpcre2-8-0:amd64 <none> 10.46-1build1
2026-04-20 18:05:18 status half-installed libpcre2-8-0:amd64 10.46-1build1
2026-04-20 18:05:18 status unpacked libpcre2-8-0:amd64 10.46-1build1
2026-04-20 18:05:18 install libproc2-0:amd64 <none> 2:4.0.4-9ubuntu1
2026-04-20 18:05:18 status half-installed libproc2-0:amd64 2:4.0.4-9ubuntu1
2026-04-20 18:05:18 status unpacked libproc2-0:amd64 2:4.0.4-9ubuntu1
2026-04-20 18:05:18 install libselinux1:amd64 <none> 3.9-4build1
2026-04-20 18:05:18 status half-installed libselinux1:amd64 3.9-4build1
2026-04-20 18:05:18 status unpacked libselinux1:amd64 3.9-4build1
2026-04-20 18:05:18 install libsemanage-common:all <none> 3.9-1build1
2026-04-20 18:05:18 status half-installed libsemanage-common:all 3.9-1build1
2026-04-20 18:05:18 status unpacked libsemanage-common:all 3.9-1build1
2026-04-20 18:05:18 install libsemanage2:amd64 <none> 3.9-1build1
2026-04-20 18:05:18 status half-installed libsemanage2:amd64 3.9-1build1
2026-04-20 18:05:18 status unpacked libsemanage2:amd64 3.9-1build1
2026-04-20 18:05:18 install libsepol2:amd64 <none> 3.9-2
2026-04-20 18:05:18 status half-installed libsepol2:amd64 3.9-2
2026-04-20 18:05:18 status unpacked libsepol2:amd64 3.9-2
2026-04-20 18:05:18 install libsmartcols1:amd64 <none> 2.41.3-3ubuntu2
2026-04-20 18:05:18 status half-installed libsmartcols1:amd64 2.41.3-3ubuntu2
2026-04-20 18:05:18 status unpacked libsmartcols1:amd64 2.41.3-3ubuntu2
2026-04-20 18:05:18 install libss2:amd64 <none> 1.47.2-3ubuntu4
2026-04-20 18:05:18 status half-installed libss2:amd64 1.47.2-3ubuntu4
2026-04-20 18:05:18 status unpacked libss2:amd64 1.47.2-3ubuntu4
2026-04-20 18:05:18 install libssl3t64:amd64 <none> 3.5.5-1ubuntu3
2026-04-20 18:05:18 status half-installed libssl3t64:amd64 3.5.5-1ubuntu3
2026-04-20 18:05:18 status unpacked libssl3t64:amd64 3.5.5-1ubuntu3
2026-04-20 18:05:18 install libsystemd0:amd64 <none> 259.5-0ubuntu3
2026-04-20 18:05:18 status half-installed libsystemd0:amd64 259.5-0ubuntu3
2026-04-20 18:05:18 status unpacked libsystemd0:amd64 259.5-0ubuntu3
2026-04-20 18:05:18 install libtinfo6:amd64 <none> 6.6+20251231-1
2026-04-20 18:05:18 status half-installed libtinfo6:amd64 6.6+20251231-1
2026-04-20 18:05:18 status unpacked libtinfo6:amd64 6.6+20251231-1
2026-04-20 18:05:18 install libudev1:amd64 <none> 259.5-0ubuntu3
2026-04-20 18:05:18 status half-installed libudev1:amd64 259.5-0ubuntu3
2026-04-20 18:05:19 status unpacked libudev1:amd64 259.5-0ubuntu3
2026-04-20 18:05:19 install libuuid1:amd64 <none> 2.41.3-3ubuntu2
2026-04-20 18:05:19 status half-installed libuuid1:amd64 2.41.3-3ubuntu2
2026-04-20 18:05:19 status unpacked libuuid1:amd64 2.41.3-3ubuntu2
2026-04-20 18:05:19 install libzstd1:amd64 <none> 1.5.7+dfsg-3
2026-04-20 18:05:19 status half-installed libzstd1:amd64 1.5.7+dfsg-3
2026-04-20 18:05:19 status unpacked libzstd1:amd64 1.5.7+dfsg-3
2026-04-20 18:05:19 install login:amd64 <none> 1:4.16.0-2+really2.41.3-3ubuntu2
2026-04-20 18:05:19 status half-installed login:amd64 1:4.16.0-2+really2.41.3-3ubuntu2
2026-04-20 18:05:19 status unpacked login:amd64 1:4.16.0-2+really2.41.3-3ubuntu2
2026-04-20 18:05:19 install login.defs:all <none> 1:4.17.4-2ubuntu3
2026-04-20 18:05:19 status half-installed login.defs:all 1:4.17.4-2ubuntu3
2026-04-20 18:05:19 status unpacked login.defs:all 1:4.17.4-2ubuntu3
2026-04-20 18:05:19 install logsave:amd64 <none> 1.47.2-3ubuntu4
2026-04-20 18:05:19 status half-installed logsave:amd64 1.47.2-3ubuntu4
2026-04-20 18:05:19 status unpacked logsave:amd64 1.47.2-3ubuntu4
2026-04-20 18:05:19 upgrade mawk:amd64 1.3.4.20260129-1 1.3.4.20260129-1
2026-04-20 18:05:19 status half-configured mawk:amd64 1.3.4.20260129-1
2026-04-20 18:05:19 status unpacked mawk:amd64 1.3.4.20260129-1
2026-04-20 18:05:19 status half-installed mawk:amd64 1.3.4.20260129-1
2026-04-20 18:05:19 status unpacked mawk:amd64 1.3.4.20260129-1
2026-04-20 18:05:19 install mount:amd64 <none> 2.41.3-3ubuntu2
2026-04-20 18:05:19 status half-installed mount:amd64 2.41.3-3ubuntu2
2026-04-20 18:05:19 status unpacked mount:amd64 2.41.3-3ubuntu2
2026-04-20 18:05:19 install ncurses-base:all <none> 6.6+20251231-1
2026-04-20 18:05:19 status half-installed ncurses-base:all 6.6+20251231-1
2026-04-20 18:05:19 status unpacked ncurses-base:all 6.6+20251231-1
2026-04-20 18:05:19 install ncurses-bin:amd64 <none> 6.6+20251231-1
2026-04-20 18:05:19 status half-installed ncurses-bin:amd64 6.6+20251231-1
2026-04-20 18:05:19 status unpacked ncurses-bin:amd64 6.6+20251231-1
2026-04-20 18:05:19 install openssl-provider-legacy:amd64 <none> 3.5.5-1ubuntu3
2026-04-20 18:05:19 status half-installed openssl-provider-legacy:amd64 3.5.5-1ubuntu3
2026-04-20 18:05:19 status unpacked openssl-provider-legacy:amd64 3.5.5-1ubuntu3
2026-04-20 18:05:19 install passwd:amd64 <none> 1:4.17.4-2ubuntu3
2026-04-20 18:05:19 status half-installed passwd:amd64 1:4.17.4-2ubuntu3
2026-04-20 18:05:19 status unpacked passwd:amd64 1:4.17.4-2ubuntu3
2026-04-20 18:05:19 upgrade perl-base:amd64 5.40.1-7build1 5.40.1-7build1
2026-04-20 18:05:19 status half-configured perl-base:amd64 5.40.1-7build1
2026-04-20 18:05:19 status unpacked perl-base:amd64 5.40.1-7build1
2026-04-20 18:05:19 status half-installed perl-base:amd64 5.40.1-7build1
2026-04-20 18:05:19 status unpacked perl-base:amd64 5.40.1-7build1
2026-04-20 18:05:19 install procps:amd64 <none> 2:4.0.4-9ubuntu1
2026-04-20 18:05:19 status half-installed procps:amd64 2:4.0.4-9ubuntu1
2026-04-20 18:05:19 status unpacked procps:amd64 2:4.0.4-9ubuntu1
2026-04-20 18:05:19 install rust-coreutils:amd64 <none> 0.8.0-0ubuntu3
2026-04-20 18:05:19 status half-installed rust-coreutils:amd64 0.8.0-0ubuntu3
2026-04-20 18:05:20 status unpacked rust-coreutils:amd64 0.8.0-0ubuntu3
2026-04-20 18:05:20 install sed:amd64 <none> 4.9-2build3
2026-04-20 18:05:20 status half-installed sed:amd64 4.9-2build3
2026-04-20 18:05:20 status unpacked sed:amd64 4.9-2build3
2026-04-20 18:05:20 install sensible-utils:all <none> 0.0.26build1
2026-04-20 18:05:20 status half-installed sensible-utils:all 0.0.26build1
2026-04-20 18:05:20 status unpacked sensible-utils:all 0.0.26build1
2026-04-20 18:05:20 install sysvinit-utils:amd64 <none> 3.15-5ubuntu1
2026-04-20 18:05:20 status half-installed sysvinit-utils:amd64 3.15-5ubuntu1
2026-04-20 18:05:20 status unpacked sysvinit-utils:amd64 3.15-5ubuntu1
2026-04-20 18:05:20 install tar:amd64 <none> 1.35+dfsg-4
2026-04-20 18:05:20 status half-installed tar:amd64 1.35+dfsg-4
2026-04-20 18:05:20 status unpacked tar:amd64 1.35+dfsg-4
2026-04-20 18:05:20 install util-linux:amd64 <none> 2.41.3-3ubuntu2
2026-04-20 18:05:20 status half-installed util-linux:amd64 2.41.3-3ubuntu2
2026-04-20 18:05:20 status unpacked util-linux:amd64 2.41.3-3ubuntu2
2026-04-20 18:05:20 install zlib1g:amd64 <none> 1:1.3.dfsg+really1.3.1-1ubuntu3
2026-04-20 18:05:20 status half-installed zlib1g:amd64 1:1.3.dfsg+really1.3.1-1ubuntu3
2026-04-20 18:05:20 status unpacked zlib1g:amd64 1:1.3.dfsg+really1.3.1-1ubuntu3
2026-04-20 18:05:21 startup packages configure
2026-04-20 18:05:21 configure libc-gconv-modules-extra:amd64 2.43-2ubuntu2 <none>
2026-04-20 18:05:21 status unpacked libc-gconv-modules-extra:amd64 2.43-2ubuntu2
2026-04-20 18:05:21 status half-configured libc-gconv-modules-extra:amd64 2.43-2ubuntu2
2026-04-20 18:05:21 status installed libc-gconv-modules-extra:amd64 2.43-2ubuntu2
2026-04-20 18:05:21 configure login.defs:all 1:4.17.4-2ubuntu3 <none>
2026-04-20 18:05:21 status unpacked login.defs:all 1:4.17.4-2ubuntu3
2026-04-20 18:05:21 status half-configured login.defs:all 1:4.17.4-2ubuntu3
2026-04-20 18:05:21 status installed login.defs:all 1:4.17.4-2ubuntu3
2026-04-20 18:05:21 configure gcc-16-base:amd64 16-20260322-1ubuntu1 <none>
2026-04-20 18:05:21 status unpacked gcc-16-base:amd64 16-20260322-1ubuntu1
2026-04-20 18:05:21 status half-configured gcc-16-base:amd64 16-20260322-1ubuntu1
2026-04-20 18:05:21 status installed gcc-16-base:amd64 16-20260322-1ubuntu1
2026-04-20 18:05:21 configure libaudit-common:all 1:4.1.2-1build1 <none>
2026-04-20 18:05:21 status unpacked libaudit-common:all 1:4.1.2-1build1
2026-04-20 18:05:21 status half-configured libaudit-common:all 1:4.1.2-1build1
2026-04-20 18:05:21 status installed libaudit-common:all 1:4.1.2-1build1
2026-04-20 18:05:21 configure libsemanage-common:all 3.9-1build1 <none>
2026-04-20 18:05:21 status unpacked libsemanage-common:all 3.9-1build1
2026-04-20 18:05:21 status half-configured libsemanage-common:all 3.9-1build1
2026-04-20 18:05:21 status installed libsemanage-common:all 3.9-1build1
2026-04-20 18:05:21 configure debconf:all 1.5.92 <none>
2026-04-20 18:05:21 status unpacked debconf:all 1.5.92
2026-04-20 18:05:21 status half-configured debconf:all 1.5.92
2026-04-20 18:05:21 status installed debconf:all 1.5.92
2026-04-20 18:05:21 configure ncurses-base:all 6.6+20251231-1 <none>
2026-04-20 18:05:21 status unpacked ncurses-base:all 6.6+20251231-1
2026-04-20 18:05:21 status half-configured ncurses-base:all 6.6+20251231-1
2026-04-20 18:05:21 status installed ncurses-base:all 6.6+20251231-1
2026-04-20 18:05:21 configure init-system-helpers:all 1.69 <none>
2026-04-20 18:05:21 status unpacked init-system-helpers:all 1.69
2026-04-20 18:05:21 status half-configured init-system-helpers:all 1.69
2026-04-20 18:05:21 status installed init-system-helpers:all 1.69
2026-04-20 18:05:21 configure sensible-utils:all 0.0.26build1 <none>
2026-04-20 18:05:21 status unpacked sensible-utils:all 0.0.26build1
2026-04-20 18:05:21 status half-configured sensible-utils:all 0.0.26build1
2026-04-20 18:05:21 status installed sensible-utils:all 0.0.26build1
2026-04-20 18:05:21 configure libgcc-s1:amd64 16-20260322-1ubuntu1 <none>
2026-04-20 18:05:21 status unpacked libgcc-s1:amd64 16-20260322-1ubuntu1
2026-04-20 18:05:21 status half-configured libgcc-s1:amd64 16-20260322-1ubuntu1
2026-04-20 18:05:21 status installed libgcc-s1:amd64 16-20260322-1ubuntu1
2026-04-20 18:05:21 configure libc6:amd64 2.43-2ubuntu2 <none>
2026-04-20 18:05:21 status unpacked libc6:amd64 2.43-2ubuntu2
2026-04-20 18:05:21 status half-configured libc6:amd64 2.43-2ubuntu2
2026-04-20 18:05:21 status installed libc6:amd64 2.43-2ubuntu2
2026-04-20 18:05:21 configure libdb5.3t64:amd64 5.3.28+dfsg2-10ubuntu1 <none>
2026-04-20 18:05:21 status unpacked libdb5.3t64:amd64 5.3.28+dfsg2-10ubuntu1
2026-04-20 18:05:21 status half-configured libdb5.3t64:amd64 5.3.28+dfsg2-10ubuntu1
2026-04-20 18:05:21 status installed libdb5.3t64:amd64 5.3.28+dfsg2-10ubuntu1
2026-04-20 18:05:21 configure libudev1:amd64 259.5-0ubuntu3 <none>
2026-04-20 18:05:21 status unpacked libudev1:amd64 259.5-0ubuntu3
2026-04-20 18:05:21 status half-configured libudev1:amd64 259.5-0ubuntu3
2026-04-20 18:05:21 status installed libudev1:amd64 259.5-0ubuntu3
2026-04-20 18:05:21 configure libmd0:amd64 1.1.0-2build4 <none>
2026-04-20 18:05:21 status unpacked libmd0:amd64 1.1.0-2build4
2026-04-20 18:05:21 status half-configured libmd0:amd64 1.1.0-2build4
2026-04-20 18:05:21 status installed libmd0:amd64 1.1.0-2build4
2026-04-20 18:05:21 configure libattr1:amd64 1:2.5.2-4 <none>
2026-04-20 18:05:21 status unpacked libattr1:amd64 1:2.5.2-4
2026-04-20 18:05:21 status half-configured libattr1:amd64 1:2.5.2-4
2026-04-20 18:05:21 status installed libattr1:amd64 1:2.5.2-4
2026-04-20 18:05:21 configure sysvinit-utils:amd64 3.15-5ubuntu1 <none>
2026-04-20 18:05:21 status unpacked sysvinit-utils:amd64 3.15-5ubuntu1
2026-04-20 18:05:21 status half-configured sysvinit-utils:amd64 3.15-5ubuntu1
2026-04-20 18:05:21 status installed sysvinit-utils:amd64 3.15-5ubuntu1
2026-04-20 18:05:21 configure libext2fs2t64:amd64 1.47.2-3ubuntu4 <none>
2026-04-20 18:05:21 status unpacked libext2fs2t64:amd64 1.47.2-3ubuntu4
2026-04-20 18:05:21 status half-configured libext2fs2t64:amd64 1.47.2-3ubuntu4
2026-04-20 18:05:21 status installed libext2fs2t64:amd64 1.47.2-3ubuntu4
2026-04-20 18:05:21 configure debianutils:amd64 5.23.2build1 <none>
2026-04-20 18:05:21 status unpacked debianutils:amd64 5.23.2build1
2026-04-20 18:05:21 status half-configured debianutils:amd64 5.23.2build1
2026-04-20 18:05:21 status installed debianutils:amd64 5.23.2build1
2026-04-20 18:05:21 configure mawk:amd64 1.3.4.20260129-1 <none>
2026-04-20 18:05:21 status unpacked mawk:amd64 1.3.4.20260129-1
2026-04-20 18:05:21 status half-configured mawk:amd64 1.3.4.20260129-1
2026-04-20 18:05:21 status installed mawk:amd64 1.3.4.20260129-1
2026-04-20 18:05:21 configure libdebconfclient0:amd64 0.280ubuntu1 <none>
2026-04-20 18:05:21 status unpacked libdebconfclient0:amd64 0.280ubuntu1
2026-04-20 18:05:21 status half-configured libdebconfclient0:amd64 0.280ubuntu1
2026-04-20 18:05:21 status installed libdebconfclient0:amd64 0.280ubuntu1
2026-04-20 18:05:21 configure libbz2-1.0:amd64 1.0.8-6build2 <none>
2026-04-20 18:05:21 status unpacked libbz2-1.0:amd64 1.0.8-6build2
2026-04-20 18:05:21 status half-configured libbz2-1.0:amd64 1.0.8-6build2
2026-04-20 18:05:21 status installed libbz2-1.0:amd64 1.0.8-6build2
2026-04-20 18:05:21 configure libbsd0:amd64 0.12.2-2build2 <none>
2026-04-20 18:05:21 status unpacked libbsd0:amd64 0.12.2-2build2
2026-04-20 18:05:21 status half-configured libbsd0:amd64 0.12.2-2build2
2026-04-20 18:05:21 status installed libbsd0:amd64 0.12.2-2build2
2026-04-20 18:05:21 configure libblkid1:amd64 2.41.3-3ubuntu2 <none>
2026-04-20 18:05:21 status unpacked libblkid1:amd64 2.41.3-3ubuntu2
2026-04-20 18:05:21 status half-configured libblkid1:amd64 2.41.3-3ubuntu2
2026-04-20 18:05:21 status installed libblkid1:amd64 2.41.3-3ubuntu2
2026-04-20 18:05:21 configure dash:amd64 0.5.12-12ubuntu3 <none>
2026-04-20 18:05:21 status unpacked dash:amd64 0.5.12-12ubuntu3
2026-04-20 18:05:21 status half-configured dash:amd64 0.5.12-12ubuntu3
2026-04-20 18:05:21 status installed dash:amd64 0.5.12-12ubuntu3
2026-04-20 18:05:21 configure libtinfo6:amd64 6.6+20251231-1 <none>
2026-04-20 18:05:21 status unpacked libtinfo6:amd64 6.6+20251231-1
2026-04-20 18:05:21 status half-configured libtinfo6:amd64 6.6+20251231-1
2026-04-20 18:05:21 status installed libtinfo6:amd64 6.6+20251231-1
2026-04-20 18:05:21 configure libzstd1:amd64 1.5.7+dfsg-3 <none>
2026-04-20 18:05:21 status unpacked libzstd1:amd64 1.5.7+dfsg-3
2026-04-20 18:05:21 status half-configured libzstd1:amd64 1.5.7+dfsg-3
2026-04-20 18:05:21 status installed libzstd1:amd64 1.5.7+dfsg-3
2026-04-20 18:05:21 configure liblzma5:amd64 5.8.3-1 <none>
2026-04-20 18:05:21 status unpacked liblzma5:amd64 5.8.3-1
2026-04-20 18:05:21 status half-configured liblzma5:amd64 5.8.3-1
2026-04-20 18:05:21 status installed liblzma5:amd64 5.8.3-1
2026-04-20 18:05:21 configure libc-bin:amd64 2.43-2ubuntu2 <none>
2026-04-20 18:05:21 status unpacked libc-bin:amd64 2.43-2ubuntu2
2026-04-20 18:05:21 status half-configured libc-bin:amd64 2.43-2ubuntu2
2026-04-20 18:05:21 status installed libc-bin:amd64 2.43-2ubuntu2
2026-04-20 18:05:21 configure ncurses-bin:amd64 6.6+20251231-1 <none>
2026-04-20 18:05:21 status unpacked ncurses-bin:amd64 6.6+20251231-1
2026-04-20 18:05:21 status half-configured ncurses-bin:amd64 6.6+20251231-1
2026-04-20 18:05:21 status installed ncurses-bin:amd64 6.6+20251231-1
2026-04-20 18:05:21 configure libacl1:amd64 2.3.2-2 <none>
2026-04-20 18:05:21 status triggers-pending libc-bin:amd64 2.43-2ubuntu2
2026-04-20 18:05:21 status unpacked libacl1:amd64 2.3.2-2
2026-04-20 18:05:21 status half-configured libacl1:amd64 2.3.2-2
2026-04-20 18:05:21 status installed libacl1:amd64 2.3.2-2
2026-04-20 18:05:21 configure libsmartcols1:amd64 2.41.3-3ubuntu2 <none>
2026-04-20 18:05:21 status unpacked libsmartcols1:amd64 2.41.3-3ubuntu2
2026-04-20 18:05:21 status half-configured libsmartcols1:amd64 2.41.3-3ubuntu2
2026-04-20 18:05:21 status installed libsmartcols1:amd64 2.41.3-3ubuntu2
2026-04-20 18:05:21 configure zlib1g:amd64 1:1.3.dfsg+really1.3.1-1ubuntu3 <none>
2026-04-20 18:05:21 status unpacked zlib1g:amd64 1:1.3.dfsg+really1.3.1-1ubuntu3
2026-04-20 18:05:21 status half-configured zlib1g:amd64 1:1.3.dfsg+really1.3.1-1ubuntu3
2026-04-20 18:05:21 status installed zlib1g:amd64 1:1.3.dfsg+really1.3.1-1ubuntu3
2026-04-20 18:05:21 configure libcrypt1:amd64 1:4.5.1-1 <none>
2026-04-20 18:05:21 status unpacked libcrypt1:amd64 1:4.5.1-1
2026-04-20 18:05:21 status half-configured libcrypt1:amd64 1:4.5.1-1
2026-04-20 18:05:21 status installed libcrypt1:amd64 1:4.5.1-1
2026-04-20 18:05:21 configure libcom-err2:amd64 1.47.2-3ubuntu4 <none>
2026-04-20 18:05:21 status unpacked libcom-err2:amd64 1.47.2-3ubuntu4
2026-04-20 18:05:21 status half-configured libcom-err2:amd64 1.47.2-3ubuntu4
2026-04-20 18:05:21 status installed libcom-err2:amd64 1.47.2-3ubuntu4
2026-04-20 18:05:21 configure diffutils:amd64 1:3.12-1 <none>
2026-04-20 18:05:21 status unpacked diffutils:amd64 1:3.12-1
2026-04-20 18:05:21 status half-configured diffutils:amd64 1:3.12-1
2026-04-20 18:05:21 status installed diffutils:amd64 1:3.12-1
2026-04-20 18:05:21 configure libsystemd0:amd64 259.5-0ubuntu3 <none>
2026-04-20 18:05:21 status unpacked libsystemd0:amd64 259.5-0ubuntu3
2026-04-20 18:05:21 status half-configured libsystemd0:amd64 259.5-0ubuntu3
2026-04-20 18:05:21 status installed libsystemd0:amd64 259.5-0ubuntu3
2026-04-20 18:05:21 configure perl-base:amd64 5.40.1-7build1 <none>
2026-04-20 18:05:21 status unpacked perl-base:amd64 5.40.1-7build1
2026-04-20 18:05:21 status half-configured perl-base:amd64 5.40.1-7build1
2026-04-20 18:05:21 status installed perl-base:amd64 5.40.1-7build1
2026-04-20 18:05:21 configure openssl-provider-legacy:amd64 3.5.5-1ubuntu3 <none>
2026-04-20 18:05:21 status unpacked openssl-provider-legacy:amd64 3.5.5-1ubuntu3
2026-04-20 18:05:21 status half-configured openssl-provider-legacy:amd64 3.5.5-1ubuntu3
2026-04-20 18:05:21 status installed openssl-provider-legacy:amd64 3.5.5-1ubuntu3
2026-04-20 18:05:21 configure hostname:amd64 3.25build1 <none>
2026-04-20 18:05:21 status unpacked hostname:amd64 3.25build1
2026-04-20 18:05:21 status half-configured hostname:amd64 3.25build1
2026-04-20 18:05:21 status installed hostname:amd64 3.25build1
2026-04-20 18:05:21 configure libcap-ng0:amd64 0.8.5-4build5 <none>
2026-04-20 18:05:21 status unpacked libcap-ng0:amd64 0.8.5-4build5
2026-04-20 18:05:21 status half-configured libcap-ng0:amd64 0.8.5-4build5
2026-04-20 18:05:21 status installed libcap-ng0:amd64 0.8.5-4build5
2026-04-20 18:05:21 configure libgmp10:amd64 2:6.3.0+dfsg-5ubuntu2 <none>
2026-04-20 18:05:21 status unpacked libgmp10:amd64 2:6.3.0+dfsg-5ubuntu2
2026-04-20 18:05:21 status half-configured libgmp10:amd64 2:6.3.0+dfsg-5ubuntu2
2026-04-20 18:05:21 status installed libgmp10:amd64 2:6.3.0+dfsg-5ubuntu2
2026-04-20 18:05:21 configure libaudit1:amd64 1:4.1.2-1build1 <none>
2026-04-20 18:05:21 status unpacked libaudit1:amd64 1:4.1.2-1build1
2026-04-20 18:05:21 status half-configured libaudit1:amd64 1:4.1.2-1build1
2026-04-20 18:05:21 status installed libaudit1:amd64 1:4.1.2-1build1
2026-04-20 18:05:21 configure libproc2-0:amd64 2:4.0.4-9ubuntu1 <none>
2026-04-20 18:05:21 status unpacked libproc2-0:amd64 2:4.0.4-9ubuntu1
2026-04-20 18:05:21 status half-configured libproc2-0:amd64 2:4.0.4-9ubuntu1
2026-04-20 18:05:21 status installed libproc2-0:amd64 2:4.0.4-9ubuntu1
2026-04-20 18:05:21 configure gzip:amd64 1.14-1~exp2ubuntu1 <none>
2026-04-20 18:05:21 status unpacked gzip:amd64 1.14-1~exp2ubuntu1
2026-04-20 18:05:21 status half-configured gzip:amd64 1.14-1~exp2ubuntu1
2026-04-20 18:05:21 status installed gzip:amd64 1.14-1~exp2ubuntu1
2026-04-20 18:05:21 configure libuuid1:amd64 2.41.3-3ubuntu2 <none>
2026-04-20 18:05:21 status unpacked libuuid1:amd64 2.41.3-3ubuntu2
2026-04-20 18:05:21 status half-configured libuuid1:amd64 2.41.3-3ubuntu2
2026-04-20 18:05:21 status installed libuuid1:amd64 2.41.3-3ubuntu2
2026-04-20 18:05:21 configure libss2:amd64 1.47.2-3ubuntu4 <none>
2026-04-20 18:05:21 status unpacked libss2:amd64 1.47.2-3ubuntu4
2026-04-20 18:05:21 status half-configured libss2:amd64 1.47.2-3ubuntu4
2026-04-20 18:05:21 status installed libss2:amd64 1.47.2-3ubuntu4
2026-04-20 18:05:21 configure libsepol2:amd64 3.9-2 <none>
2026-04-20 18:05:21 status unpacked libsepol2:amd64 3.9-2
2026-04-20 18:05:21 status half-configured libsepol2:amd64 3.9-2
2026-04-20 18:05:21 status installed libsepol2:amd64 3.9-2
2026-04-20 18:05:21 configure libpcre2-8-0:amd64 10.46-1build1 <none>
2026-04-20 18:05:21 status unpacked libpcre2-8-0:amd64 10.46-1build1
2026-04-20 18:05:21 status half-configured libpcre2-8-0:amd64 10.46-1build1
2026-04-20 18:05:21 status installed libpcre2-8-0:amd64 10.46-1build1
2026-04-20 18:05:21 configure libncursesw6:amd64 6.6+20251231-1 <none>
2026-04-20 18:05:21 status unpacked libncursesw6:amd64 6.6+20251231-1
2026-04-20 18:05:21 status half-configured libncursesw6:amd64 6.6+20251231-1
2026-04-20 18:05:21 status installed libncursesw6:amd64 6.6+20251231-1
2026-04-20 18:05:21 configure logsave:amd64 1.47.2-3ubuntu4 <none>
2026-04-20 18:05:21 status unpacked logsave:amd64 1.47.2-3ubuntu4
2026-04-20 18:05:21 status half-configured logsave:amd64 1.47.2-3ubuntu4
2026-04-20 18:05:21 status installed logsave:amd64 1.47.2-3ubuntu4
2026-04-20 18:05:21 configure procps:amd64 2:4.0.4-9ubuntu1 <none>
2026-04-20 18:05:21 status unpacked procps:amd64 2:4.0.4-9ubuntu1
2026-04-20 18:05:21 status half-configured procps:amd64 2:4.0.4-9ubuntu1
2026-04-20 18:05:22 status installed procps:amd64 2:4.0.4-9ubuntu1
2026-04-20 18:05:22 configure base-files:amd64 14ubuntu6 <none>
2026-04-20 18:05:22 status unpacked base-files:amd64 14ubuntu6
2026-04-20 18:05:22 status half-configured base-files:amd64 14ubuntu6
2026-04-20 18:05:22 status installed base-files:amd64 14ubuntu6
2026-04-20 18:05:22 configure bash:amd64 5.3-2ubuntu1 <none>
2026-04-20 18:05:22 status unpacked bash:amd64 5.3-2ubuntu1
2026-04-20 18:05:22 status half-configured bash:amd64 5.3-2ubuntu1
2026-04-20 18:05:22 status installed bash:amd64 5.3-2ubuntu1
2026-04-20 18:05:22 configure bsdutils:amd64 1:2.41.3-3ubuntu2 <none>
2026-04-20 18:05:22 status unpacked bsdutils:amd64 1:2.41.3-3ubuntu2
2026-04-20 18:05:22 status half-configured bsdutils:amd64 1:2.41.3-3ubuntu2
2026-04-20 18:05:22 status installed bsdutils:amd64 1:2.41.3-3ubuntu2
2026-04-20 18:05:22 configure grep:amd64 3.12-1 <none>
2026-04-20 18:05:22 status unpacked grep:amd64 3.12-1
2026-04-20 18:05:22 status half-configured grep:amd64 3.12-1
2026-04-20 18:05:22 status installed grep:amd64 3.12-1
2026-04-20 18:05:22 configure libssl3t64:amd64 3.5.5-1ubuntu3 <none>
2026-04-20 18:05:22 status unpacked libssl3t64:amd64 3.5.5-1ubuntu3
2026-04-20 18:05:22 status half-configured libssl3t64:amd64 3.5.5-1ubuntu3
2026-04-20 18:05:22 status installed libssl3t64:amd64 3.5.5-1ubuntu3
2026-04-20 18:05:22 configure e2fsprogs:amd64 1.47.2-3ubuntu4 <none>
2026-04-20 18:05:22 status unpacked e2fsprogs:amd64 1.47.2-3ubuntu4
2026-04-20 18:05:22 status half-configured e2fsprogs:amd64 1.47.2-3ubuntu4
2026-04-20 18:05:22 status installed e2fsprogs:amd64 1.47.2-3ubuntu4
2026-04-20 18:05:22 configure libselinux1:amd64 3.9-4build1 <none>
2026-04-20 18:05:22 status unpacked libselinux1:amd64 3.9-4build1
2026-04-20 18:05:22 status half-configured libselinux1:amd64 3.9-4build1
2026-04-20 18:05:22 status installed libselinux1:amd64 3.9-4build1
2026-04-20 18:05:22 configure libpam0g:amd64 1.7.0-5ubuntu3 <none>
2026-04-20 18:05:22 status unpacked libpam0g:amd64 1.7.0-5ubuntu3
2026-04-20 18:05:22 status half-configured libpam0g:amd64 1.7.0-5ubuntu3
2026-04-20 18:05:22 status installed libpam0g:amd64 1.7.0-5ubuntu3
2026-04-20 18:05:22 configure gnu-coreutils:amd64 9.7-3ubuntu2 <none>
2026-04-20 18:05:22 status unpacked gnu-coreutils:amd64 9.7-3ubuntu2
2026-04-20 18:05:22 status half-configured gnu-coreutils:amd64 9.7-3ubuntu2
2026-04-20 18:05:22 status installed gnu-coreutils:amd64 9.7-3ubuntu2
2026-04-20 18:05:22 configure sed:amd64 4.9-2build3 <none>
2026-04-20 18:05:22 status unpacked sed:amd64 4.9-2build3
2026-04-20 18:05:22 status half-configured sed:amd64 4.9-2build3
2026-04-20 18:05:22 status installed sed:amd64 4.9-2build3
2026-04-20 18:05:22 configure findutils:amd64 4.10.0-3build2 <none>
2026-04-20 18:05:22 status unpacked findutils:amd64 4.10.0-3build2
2026-04-20 18:05:22 status half-configured findutils:amd64 4.10.0-3build2
2026-04-20 18:05:22 status installed findutils:amd64 4.10.0-3build2
2026-04-20 18:05:22 configure libmount1:amd64 2.41.3-3ubuntu2 <none>
2026-04-20 18:05:22 status unpacked libmount1:amd64 2.41.3-3ubuntu2
2026-04-20 18:05:22 status half-configured libmount1:amd64 2.41.3-3ubuntu2
2026-04-20 18:05:22 status installed libmount1:amd64 2.41.3-3ubuntu2
2026-04-20 18:05:22 configure libsemanage2:amd64 3.9-1build1 <none>
2026-04-20 18:05:22 status unpacked libsemanage2:amd64 3.9-1build1
2026-04-20 18:05:22 status half-configured libsemanage2:amd64 3.9-1build1
2026-04-20 18:05:22 status installed libsemanage2:amd64 3.9-1build1
2026-04-20 18:05:22 configure base-passwd:amd64 3.6.8 <none>
2026-04-20 18:05:22 status unpacked base-passwd:amd64 3.6.8
2026-04-20 18:05:22 status half-configured base-passwd:amd64 3.6.8
2026-04-20 18:05:22 status installed base-passwd:amd64 3.6.8
2026-04-20 18:05:22 configure tar:amd64 1.35+dfsg-4 <none>
2026-04-20 18:05:22 status unpacked tar:amd64 1.35+dfsg-4
2026-04-20 18:05:22 status half-configured tar:amd64 1.35+dfsg-4
2026-04-20 18:05:22 status installed tar:amd64 1.35+dfsg-4
2026-04-20 18:05:22 configure libpam-modules-bin:amd64 1.7.0-5ubuntu3 <none>
2026-04-20 18:05:22 status unpacked libpam-modules-bin:amd64 1.7.0-5ubuntu3
2026-04-20 18:05:22 status half-configured libpam-modules-bin:amd64 1.7.0-5ubuntu3
2026-04-20 18:05:22 status installed libpam-modules-bin:amd64 1.7.0-5ubuntu3
2026-04-20 18:05:22 configure rust-coreutils:amd64 0.8.0-0ubuntu3 <none>
2026-04-20 18:05:22 status unpacked rust-coreutils:amd64 0.8.0-0ubuntu3
2026-04-20 18:05:22 status half-configured rust-coreutils:amd64 0.8.0-0ubuntu3
2026-04-20 18:05:22 status installed rust-coreutils:amd64 0.8.0-0ubuntu3
2026-04-20 18:05:22 configure dpkg:amd64 1.23.7ubuntu1 <none>
2026-04-20 18:05:22 status unpacked dpkg:amd64 1.23.7ubuntu1
2026-04-20 18:05:22 status half-configured dpkg:amd64 1.23.7ubuntu1
2026-04-20 18:05:22 status installed dpkg:amd64 1.23.7ubuntu1
2026-04-20 18:05:22 configure mount:amd64 2.41.3-3ubuntu2 <none>
2026-04-20 18:05:22 status unpacked mount:amd64 2.41.3-3ubuntu2
2026-04-20 18:05:22 status half-configured mount:amd64 2.41.3-3ubuntu2
2026-04-20 18:05:22 status installed mount:amd64 2.41.3-3ubuntu2
2026-04-20 18:05:22 configure coreutils-from-uutils:all 0.0.0~ubuntu25 <none>
2026-04-20 18:05:22 status unpacked coreutils-from-uutils:all 0.0.0~ubuntu25
2026-04-20 18:05:22 status half-configured coreutils-from-uutils:all 0.0.0~ubuntu25
2026-04-20 18:05:22 status installed coreutils-from-uutils:all 0.0.0~ubuntu25
2026-04-20 18:05:22 configure libpam-modules:amd64 1.7.0-5ubuntu3 <none>
2026-04-20 18:05:22 status unpacked libpam-modules:amd64 1.7.0-5ubuntu3
2026-04-20 18:05:22 status half-configured libpam-modules:amd64 1.7.0-5ubuntu3
2026-04-20 18:05:22 status installed libpam-modules:amd64 1.7.0-5ubuntu3
2026-04-20 18:05:22 configure coreutils:all 9.5-1ubuntu2+0.0.0~ubuntu25 <none>
2026-04-20 18:05:22 status unpacked coreutils:all 9.5-1ubuntu2+0.0.0~ubuntu25
2026-04-20 18:05:22 status half-configured coreutils:all 9.5-1ubuntu2+0.0.0~ubuntu25
2026-04-20 18:05:22 status installed coreutils:all 9.5-1ubuntu2+0.0.0~ubuntu25
2026-04-20 18:05:22 configure passwd:amd64 1:4.17.4-2ubuntu3 <none>
2026-04-20 18:05:22 status unpacked passwd:amd64 1:4.17.4-2ubuntu3
2026-04-20 18:05:23 status half-configured passwd:amd64 1:4.17.4-2ubuntu3
2026-04-20 18:05:23 status installed passwd:amd64 1:4.17.4-2ubuntu3
2026-04-20 18:05:23 configure libpam-runtime:all 1.7.0-5ubuntu3 <none>
2026-04-20 18:05:23 status unpacked libpam-runtime:all 1.7.0-5ubuntu3
2026-04-20 18:05:23 status half-configured libpam-runtime:all 1.7.0-5ubuntu3
2026-04-20 18:05:23 status installed libpam-runtime:all 1.7.0-5ubuntu3
2026-04-20 18:05:23 configure login:amd64 1:4.16.0-2+really2.41.3-3ubuntu2 <none>
2026-04-20 18:05:23 status unpacked login:amd64 1:4.16.0-2+really2.41.3-3ubuntu2
2026-04-20 18:05:23 status half-configured login:amd64 1:4.16.0-2+really2.41.3-3ubuntu2
2026-04-20 18:05:23 status installed login:amd64 1:4.16.0-2+really2.41.3-3ubuntu2
2026-04-20 18:05:23 configure util-linux:amd64 2.41.3-3ubuntu2 <none>
2026-04-20 18:05:23 status unpacked util-linux:amd64 2.41.3-3ubuntu2
2026-04-20 18:05:23 status half-configured util-linux:amd64 2.41.3-3ubuntu2
2026-04-20 18:05:23 status installed util-linux:amd64 2.41.3-3ubuntu2
2026-04-20 18:05:23 trigproc libc-bin:amd64 2.43-2ubuntu2 <none>
2026-04-20 18:05:23 status half-configured libc-bin:amd64 2.43-2ubuntu2
2026-04-20 18:05:23 status installed libc-bin:amd64 2.43-2ubuntu2
2026-04-20 18:05:23 startup archives unpack
2026-04-20 18:05:23 install apt:amd64 <none> 3.2.0
2026-04-20 18:05:23 status triggers-pending libc-bin:amd64 2.43-2ubuntu2
2026-04-20 18:05:23 status half-installed apt:amd64 3.2.0
2026-04-20 18:05:23 status unpacked apt:amd64 3.2.0
2026-04-20 18:05:23 install gpgv:amd64 <none> 2.4.8-4ubuntu3
2026-04-20 18:05:23 status half-installed gpgv:amd64 2.4.8-4ubuntu3
2026-04-20 18:05:23 status unpacked gpgv:amd64 2.4.8-4ubuntu3
2026-04-20 18:05:23 install libapt-pkg7.0:amd64 <none> 3.2.0
2026-04-20 18:05:23 status half-installed libapt-pkg7.0:amd64 3.2.0
2026-04-20 18:05:23 status unpacked libapt-pkg7.0:amd64 3.2.0
2026-04-20 18:05:23 install libgcrypt20:amd64 <none> 1.12.0-2
2026-04-20 18:05:23 status half-installed libgcrypt20:amd64 1.12.0-2
2026-04-20 18:05:23 status unpacked libgcrypt20:amd64 1.12.0-2
2026-04-20 18:05:23 install libgpg-error0:amd64 <none> 1.58-2
2026-04-20 18:05:23 status half-installed libgpg-error0:amd64 1.58-2
2026-04-20 18:05:23 status unpacked libgpg-error0:amd64 1.58-2
2026-04-20 18:05:23 install liblz4-1:amd64 <none> 1.10.0-8
2026-04-20 18:05:23 status half-installed liblz4-1:amd64 1.10.0-8
2026-04-20 18:05:23 status unpacked liblz4-1:amd64 1.10.0-8
2026-04-20 18:05:23 install libseccomp2:amd64 <none> 2.6.0-2ubuntu5
2026-04-20 18:05:23 status half-installed libseccomp2:amd64 2.6.0-2ubuntu5
2026-04-20 18:05:23 status unpacked libseccomp2:amd64 2.6.0-2ubuntu5
2026-04-20 18:05:23 install libstdc++6:amd64 <none> 16-20260322-1ubuntu1
2026-04-20 18:05:23 status half-installed libstdc++6:amd64 16-20260322-1ubuntu1
2026-04-20 18:05:23 status unpacked libstdc++6:amd64 16-20260322-1ubuntu1
2026-04-20 18:05:23 install libxxhash0:amd64 <none> 0.8.3-2build1
2026-04-20 18:05:23 status half-installed libxxhash0:amd64 0.8.3-2build1
2026-04-20 18:05:23 status unpacked libxxhash0:amd64 0.8.3-2build1
2026-04-20 18:05:23 install ubuntu-keyring:all <none> 2023.11.28.1build1
2026-04-20 18:05:23 status half-installed ubuntu-keyring:all 2023.11.28.1build1
2026-04-20 18:05:23 status unpacked ubuntu-keyring:all 2023.11.28.1build1
2026-04-20 18:05:23 trigproc libc-bin:amd64 2.43-2ubuntu2 <none>
2026-04-20 18:05:23 status half-configured libc-bin:amd64 2.43-2ubuntu2
2026-04-20 18:05:23 status installed libc-bin:amd64 2.43-2ubuntu2
2026-04-20 18:05:24 startup packages configure
2026-04-20 18:05:24 configure libgpg-error0:amd64 1.58-2 <none>
2026-04-20 18:05:24 status triggers-pending libc-bin:amd64 2.43-2ubuntu2
2026-04-20 18:05:24 status unpacked libgpg-error0:amd64 1.58-2
2026-04-20 18:05:24 status half-configured libgpg-error0:amd64 1.58-2
2026-04-20 18:05:24 status installed libgpg-error0:amd64 1.58-2
2026-04-20 18:05:24 configure libgcrypt20:amd64 1.12.0-2 <none>
2026-04-20 18:05:24 status unpacked libgcrypt20:amd64 1.12.0-2
2026-04-20 18:05:24 status half-configured libgcrypt20:amd64 1.12.0-2
2026-04-20 18:05:24 status installed libgcrypt20:amd64 1.12.0-2
2026-04-20 18:05:24 configure ubuntu-keyring:all 2023.11.28.1build1 <none>
2026-04-20 18:05:24 status unpacked ubuntu-keyring:all 2023.11.28.1build1
2026-04-20 18:05:24 status half-configured ubuntu-keyring:all 2023.11.28.1build1
2026-04-20 18:05:24 status installed ubuntu-keyring:all 2023.11.28.1build1
2026-04-20 18:05:24 configure libseccomp2:amd64 2.6.0-2ubuntu5 <none>
2026-04-20 18:05:24 status unpacked libseccomp2:amd64 2.6.0-2ubuntu5
2026-04-20 18:05:24 status half-configured libseccomp2:amd64 2.6.0-2ubuntu5
2026-04-20 18:05:24 status installed libseccomp2:amd64 2.6.0-2ubuntu5
2026-04-20 18:05:24 configure gpgv:amd64 2.4.8-4ubuntu3 <none>
2026-04-20 18:05:24 status unpacked gpgv:amd64 2.4.8-4ubuntu3
2026-04-20 18:05:24 status half-configured gpgv:amd64 2.4.8-4ubuntu3
2026-04-20 18:05:24 status installed gpgv:amd64 2.4.8-4ubuntu3
2026-04-20 18:05:24 configure libxxhash0:amd64 0.8.3-2build1 <none>
2026-04-20 18:05:24 status unpacked libxxhash0:amd64 0.8.3-2build1
2026-04-20 18:05:24 status half-configured libxxhash0:amd64 0.8.3-2build1
2026-04-20 18:05:24 status installed libxxhash0:amd64 0.8.3-2build1
2026-04-20 18:05:24 configure libstdc++6:amd64 16-20260322-1ubuntu1 <none>
2026-04-20 18:05:24 status unpacked libstdc++6:amd64 16-20260322-1ubuntu1
2026-04-20 18:05:24 status half-configured libstdc++6:amd64 16-20260322-1ubuntu1
2026-04-20 18:05:24 status installed libstdc++6:amd64 16-20260322-1ubuntu1
2026-04-20 18:05:24 configure liblz4-1:amd64 1.10.0-8 <none>
2026-04-20 18:05:24 status unpacked liblz4-1:amd64 1.10.0-8
2026-04-20 18:05:24 status half-configured liblz4-1:amd64 1.10.0-8
2026-04-20 18:05:24 status installed liblz4-1:amd64 1.10.0-8
2026-04-20 18:05:24 configure libapt-pkg7.0:amd64 3.2.0 <none>
2026-04-20 18:05:24 status unpacked libapt-pkg7.0:amd64 3.2.0
2026-04-20 18:05:24 status half-configured libapt-pkg7.0:amd64 3.2.0
2026-04-20 18:05:24 status installed libapt-pkg7.0:amd64 3.2.0
2026-04-20 18:05:24 configure apt:amd64 3.2.0 <none>
2026-04-20 18:05:24 status unpacked apt:amd64 3.2.0
2026-04-20 18:05:24 status half-configured apt:amd64 3.2.0
2026-04-20 18:05:24 status installed apt:amd64 3.2.0
2026-04-20 18:05:24 trigproc libc-bin:amd64 2.43-2ubuntu2 <none>
2026-04-20 18:05:24 status half-configured libc-bin:amd64 2.43-2ubuntu2
2026-04-20 18:05:24 status installed libc-bin:amd64 2.43-2ubuntu2
2026-04-20 18:05:25 startup archives unpack
2026-04-20 18:05:25 upgrade apt:amd64 3.2.0 3.2.0
2026-04-20 18:05:25 status triggers-pending libc-bin:amd64 2.43-2ubuntu2
2026-04-20 18:05:25 status half-configured apt:amd64 3.2.0
2026-04-20 18:05:25 status unpacked apt:amd64 3.2.0
2026-04-20 18:05:25 status half-installed apt:amd64 3.2.0
2026-04-20 18:05:25 status unpacked apt:amd64 3.2.0
2026-04-20 18:05:25 startup packages configure
2026-04-20 18:05:25 configure apt:amd64 3.2.0 <none>
2026-04-20 18:05:25 status unpacked apt:amd64 3.2.0
2026-04-20 18:05:25 status half-configured apt:amd64 3.2.0
2026-04-20 18:05:26 status installed apt:amd64 3.2.0
2026-04-20 18:05:26 startup packages configure
2026-04-20 18:05:26 trigproc libc-bin:amd64 2.43-2ubuntu2 <none>
2026-04-20 18:05:26 status half-configured libc-bin:amd64 2.43-2ubuntu2
2026-04-20 18:05:26 status installed libc-bin:amd64 2.43-2ubuntu2
2026-04-20 18:05:26 startup archives unpack
2026-04-20 18:05:26 upgrade base-files:amd64 14ubuntu6 14ubuntu6
2026-04-20 18:05:26 status half-configured base-files:amd64 14ubuntu6
2026-04-20 18:05:26 status unpacked base-files:amd64 14ubuntu6
2026-04-20 18:05:26 status half-installed base-files:amd64 14ubuntu6
2026-04-20 18:05:26 status unpacked base-files:amd64 14ubuntu6
2026-04-20 18:05:26 startup packages configure
2026-04-20 18:05:26 configure base-files:amd64 14ubuntu6 <none>
2026-04-20 18:05:26 status unpacked base-files:amd64 14ubuntu6
2026-04-20 18:05:26 status half-configured base-files:amd64 14ubuntu6
2026-04-20 18:05:26 status installed base-files:amd64 14ubuntu6
2026-04-20 18:05:26 startup packages configure
2026-04-20 18:05:26 startup archives unpack
2026-04-20 18:05:26 upgrade base-passwd:amd64 3.6.8 3.6.8
2026-04-20 18:05:26 status half-configured base-passwd:amd64 3.6.8
2026-04-20 18:05:26 status unpacked base-passwd:amd64 3.6.8
2026-04-20 18:05:26 status half-installed base-passwd:amd64 3.6.8
2026-04-20 18:05:26 status unpacked base-passwd:amd64 3.6.8
2026-04-20 18:05:26 startup packages configure
2026-04-20 18:05:26 configure base-passwd:amd64 3.6.8 <none>
2026-04-20 18:05:26 status unpacked base-passwd:amd64 3.6.8
2026-04-20 18:05:26 status half-configured base-passwd:amd64 3.6.8
2026-04-20 18:05:27 status installed base-passwd:amd64 3.6.8
2026-04-20 18:05:27 startup packages configure
2026-04-20 18:05:27 startup archives unpack
2026-04-20 18:05:27 upgrade bash:amd64 5.3-2ubuntu1 5.3-2ubuntu1
2026-04-20 18:05:27 status half-configured bash:amd64 5.3-2ubuntu1
2026-04-20 18:05:27 status unpacked bash:amd64 5.3-2ubuntu1
2026-04-20 18:05:27 status half-installed bash:amd64 5.3-2ubuntu1
2026-04-20 18:05:27 status triggers-pending debianutils:amd64 5.23.2build1
2026-04-20 18:05:27 status unpacked bash:amd64 5.3-2ubuntu1
2026-04-20 18:05:27 startup packages configure
2026-04-20 18:05:27 configure bash:amd64 5.3-2ubuntu1 <none>
2026-04-20 18:05:27 status unpacked bash:amd64 5.3-2ubuntu1
2026-04-20 18:05:27 status half-configured bash:amd64 5.3-2ubuntu1
2026-04-20 18:05:27 status installed bash:amd64 5.3-2ubuntu1
2026-04-20 18:05:27 startup packages configure
2026-04-20 18:05:27 trigproc debianutils:amd64 5.23.2build1 <none>
2026-04-20 18:05:27 status half-configured debianutils:amd64 5.23.2build1
2026-04-20 18:05:27 status installed debianutils:amd64 5.23.2build1
2026-04-20 18:05:28 startup archives unpack
2026-04-20 18:05:28 upgrade bsdutils:amd64 1:2.41.3-3ubuntu2 1:2.41.3-3ubuntu2
2026-04-20 18:05:28 status half-configured bsdutils:amd64 1:2.41.3-3ubuntu2
2026-04-20 18:05:28 status unpacked bsdutils:amd64 1:2.41.3-3ubuntu2
2026-04-20 18:05:28 status half-installed bsdutils:amd64 1:2.41.3-3ubuntu2
2026-04-20 18:05:28 status unpacked bsdutils:amd64 1:2.41.3-3ubuntu2
2026-04-20 18:05:28 startup packages configure
2026-04-20 18:05:28 configure bsdutils:amd64 1:2.41.3-3ubuntu2 <none>
2026-04-20 18:05:28 status unpacked bsdutils:amd64 1:2.41.3-3ubuntu2
2026-04-20 18:05:28 status half-configured bsdutils:amd64 1:2.41.3-3ubuntu2
2026-04-20 18:05:28 status installed bsdutils:amd64 1:2.41.3-3ubuntu2
2026-04-20 18:05:28 startup archives unpack
2026-04-20 18:05:28 upgrade coreutils:all 9.5-1ubuntu2+0.0.0~ubuntu25 9.5-1ubuntu2+0.0.0~ubuntu25
2026-04-20 18:05:28 status half-configured coreutils:all 9.5-1ubuntu2+0.0.0~ubuntu25
2026-04-20 18:05:28 status unpacked coreutils:all 9.5-1ubuntu2+0.0.0~ubuntu25
2026-04-20 18:05:28 status half-installed coreutils:all 9.5-1ubuntu2+0.0.0~ubuntu25
2026-04-20 18:05:28 status unpacked coreutils:all 9.5-1ubuntu2+0.0.0~ubuntu25
2026-04-20 18:05:28 startup packages configure
2026-04-20 18:05:28 configure coreutils:all 9.5-1ubuntu2+0.0.0~ubuntu25 <none>
2026-04-20 18:05:28 status unpacked coreutils:all 9.5-1ubuntu2+0.0.0~ubuntu25
2026-04-20 18:05:28 status half-configured coreutils:all 9.5-1ubuntu2+0.0.0~ubuntu25
2026-04-20 18:05:28 status installed coreutils:all 9.5-1ubuntu2+0.0.0~ubuntu25
2026-04-20 18:05:28 startup packages configure
2026-04-20 18:05:28 startup archives unpack
2026-04-20 18:05:28 upgrade coreutils-from-uutils:all 0.0.0~ubuntu25 0.0.0~ubuntu25
2026-04-20 18:05:28 status half-configured coreutils-from-uutils:all 0.0.0~ubuntu25
2026-04-20 18:05:28 status unpacked coreutils-from-uutils:all 0.0.0~ubuntu25
2026-04-20 18:05:28 status half-installed coreutils-from-uutils:all 0.0.0~ubuntu25
2026-04-20 18:05:28 status unpacked coreutils-from-uutils:all 0.0.0~ubuntu25
2026-04-20 18:05:28 startup packages configure
2026-04-20 18:05:28 configure coreutils-from-uutils:all 0.0.0~ubuntu25 <none>
2026-04-20 18:05:28 status unpacked coreutils-from-uutils:all 0.0.0~ubuntu25
2026-04-20 18:05:28 status half-configured coreutils-from-uutils:all 0.0.0~ubuntu25
2026-04-20 18:05:28 status installed coreutils-from-uutils:all 0.0.0~ubuntu25
2026-04-20 18:05:28 startup packages configure
2026-04-20 18:05:29 startup archives unpack
2026-04-20 18:05:29 upgrade dash:amd64 0.5.12-12ubuntu3 0.5.12-12ubuntu3
2026-04-20 18:05:29 status half-configured dash:amd64 0.5.12-12ubuntu3
2026-04-20 18:05:29 status unpacked dash:amd64 0.5.12-12ubuntu3
2026-04-20 18:05:29 status half-installed dash:amd64 0.5.12-12ubuntu3
2026-04-20 18:05:29 status triggers-pending debianutils:amd64 5.23.2build1
2026-04-20 18:05:29 status unpacked dash:amd64 0.5.12-12ubuntu3
2026-04-20 18:05:29 startup packages configure
2026-04-20 18:05:29 configure dash:amd64 0.5.12-12ubuntu3 <none>
2026-04-20 18:05:29 status unpacked dash:amd64 0.5.12-12ubuntu3
2026-04-20 18:05:29 status half-configured dash:amd64 0.5.12-12ubuntu3
2026-04-20 18:05:29 status installed dash:amd64 0.5.12-12ubuntu3
2026-04-20 18:05:29 startup packages configure
2026-04-20 18:05:29 trigproc debianutils:amd64 5.23.2build1 <none>
2026-04-20 18:05:29 status half-configured debianutils:amd64 5.23.2build1
2026-04-20 18:05:29 status installed debianutils:amd64 5.23.2build1
2026-04-20 18:05:29 startup archives unpack
2026-04-20 18:05:29 upgrade debconf:all 1.5.92 1.5.92
2026-04-20 18:05:29 status half-configured debconf:all 1.5.92
2026-04-20 18:05:29 status unpacked debconf:all 1.5.92
2026-04-20 18:05:29 status half-installed debconf:all 1.5.92
2026-04-20 18:05:29 status unpacked debconf:all 1.5.92
2026-04-20 18:05:29 startup packages configure
2026-04-20 18:05:29 configure debconf:all 1.5.92 <none>
2026-04-20 18:05:29 status unpacked debconf:all 1.5.92
2026-04-20 18:05:29 status half-configured debconf:all 1.5.92
2026-04-20 18:05:29 status installed debconf:all 1.5.92
2026-04-20 18:05:29 startup packages configure
2026-04-20 18:05:29 startup archives unpack
2026-04-20 18:05:29 upgrade debianutils:amd64 5.23.2build1 5.23.2build1
2026-04-20 18:05:29 status half-configured debianutils:amd64 5.23.2build1
2026-04-20 18:05:29 status unpacked debianutils:amd64 5.23.2build1
2026-04-20 18:05:29 status half-installed debianutils:amd64 5.23.2build1
2026-04-20 18:05:29 status unpacked debianutils:amd64 5.23.2build1
2026-04-20 18:05:29 startup packages configure
2026-04-20 18:05:29 configure debianutils:amd64 5.23.2build1 <none>
2026-04-20 18:05:29 status unpacked debianutils:amd64 5.23.2build1
2026-04-20 18:05:29 status half-configured debianutils:amd64 5.23.2build1
2026-04-20 18:05:30 status installed debianutils:amd64 5.23.2build1
2026-04-20 18:05:30 startup packages configure
2026-04-20 18:05:30 startup archives unpack
2026-04-20 18:05:30 upgrade diffutils:amd64 1:3.12-1 1:3.12-1
2026-04-20 18:05:30 status half-configured diffutils:amd64 1:3.12-1
2026-04-20 18:05:30 status unpacked diffutils:amd64 1:3.12-1
2026-04-20 18:05:30 status half-installed diffutils:amd64 1:3.12-1
2026-04-20 18:05:30 status unpacked diffutils:amd64 1:3.12-1
2026-04-20 18:05:30 startup packages configure
2026-04-20 18:05:30 configure diffutils:amd64 1:3.12-1 <none>
2026-04-20 18:05:30 status unpacked diffutils:amd64 1:3.12-1
2026-04-20 18:05:30 status half-configured diffutils:amd64 1:3.12-1
2026-04-20 18:05:30 status installed diffutils:amd64 1:3.12-1
2026-04-20 18:05:30 startup packages configure
2026-04-20 18:05:30 startup archives unpack
2026-04-20 18:05:30 upgrade dpkg:amd64 1.23.7ubuntu1 1.23.7ubuntu1
2026-04-20 18:05:30 status half-configured dpkg:amd64 1.23.7ubuntu1
2026-04-20 18:05:30 status unpacked dpkg:amd64 1.23.7ubuntu1
2026-04-20 18:05:30 status half-installed dpkg:amd64 1.23.7ubuntu1
2026-04-20 18:05:30 status unpacked dpkg:amd64 1.23.7ubuntu1
2026-04-20 18:05:30 startup packages configure
2026-04-20 18:05:30 configure dpkg:amd64 1.23.7ubuntu1 <none>
2026-04-20 18:05:30 status unpacked dpkg:amd64 1.23.7ubuntu1
2026-04-20 18:05:30 status half-configured dpkg:amd64 1.23.7ubuntu1
2026-04-20 18:05:30 status installed dpkg:amd64 1.23.7ubuntu1
2026-04-20 18:05:30 startup packages configure
2026-04-20 18:05:31 startup archives unpack
2026-04-20 18:05:31 upgrade e2fsprogs:amd64 1.47.2-3ubuntu4 1.47.2-3ubuntu4
2026-04-20 18:05:31 status half-configured e2fsprogs:amd64 1.47.2-3ubuntu4
2026-04-20 18:05:31 status unpacked e2fsprogs:amd64 1.47.2-3ubuntu4
2026-04-20 18:05:31 status half-installed e2fsprogs:amd64 1.47.2-3ubuntu4
2026-04-20 18:05:31 status unpacked e2fsprogs:amd64 1.47.2-3ubuntu4
2026-04-20 18:05:31 startup packages configure
2026-04-20 18:05:31 configure e2fsprogs:amd64 1.47.2-3ubuntu4 <none>
2026-04-20 18:05:31 status unpacked e2fsprogs:amd64 1.47.2-3ubuntu4
2026-04-20 18:05:31 status half-configured e2fsprogs:amd64 1.47.2-3ubuntu4
2026-04-20 18:05:31 status installed e2fsprogs:amd64 1.47.2-3ubuntu4
2026-04-20 18:05:31 startup archives unpack
2026-04-20 18:05:31 upgrade findutils:amd64 4.10.0-3build2 4.10.0-3build2
2026-04-20 18:05:31 status half-configured findutils:amd64 4.10.0-3build2
2026-04-20 18:05:31 status unpacked findutils:amd64 4.10.0-3build2
2026-04-20 18:05:31 status half-installed findutils:amd64 4.10.0-3build2
2026-04-20 18:05:31 status unpacked findutils:amd64 4.10.0-3build2
2026-04-20 18:05:31 startup packages configure
2026-04-20 18:05:31 configure findutils:amd64 4.10.0-3build2 <none>
2026-04-20 18:05:31 status unpacked findutils:amd64 4.10.0-3build2
2026-04-20 18:05:31 status half-configured findutils:amd64 4.10.0-3build2
2026-04-20 18:05:31 status installed findutils:amd64 4.10.0-3build2
2026-04-20 18:05:31 startup packages configure
2026-04-20 18:05:32 startup archives unpack
2026-04-20 18:05:32 upgrade gcc-16-base:amd64 16-20260322-1ubuntu1 16-20260322-1ubuntu1
2026-04-20 18:05:32 status half-configured gcc-16-base:amd64 16-20260322-1ubuntu1
2026-04-20 18:05:32 status unpacked gcc-16-base:amd64 16-20260322-1ubuntu1
2026-04-20 18:05:32 status half-installed gcc-16-base:amd64 16-20260322-1ubuntu1
2026-04-20 18:05:32 status unpacked gcc-16-base:amd64 16-20260322-1ubuntu1
2026-04-20 18:05:32 startup packages configure
2026-04-20 18:05:32 configure gcc-16-base:amd64 16-20260322-1ubuntu1 <none>
2026-04-20 18:05:32 status unpacked gcc-16-base:amd64 16-20260322-1ubuntu1
2026-04-20 18:05:32 status half-configured gcc-16-base:amd64 16-20260322-1ubuntu1
2026-04-20 18:05:32 status installed gcc-16-base:amd64 16-20260322-1ubuntu1
2026-04-20 18:05:32 startup packages configure
2026-04-20 18:05:32 startup archives unpack
2026-04-20 18:05:32 upgrade gnu-coreutils:amd64 9.7-3ubuntu2 9.7-3ubuntu2
2026-04-20 18:05:32 status half-configured gnu-coreutils:amd64 9.7-3ubuntu2
2026-04-20 18:05:32 status unpacked gnu-coreutils:amd64 9.7-3ubuntu2
2026-04-20 18:05:32 status half-installed gnu-coreutils:amd64 9.7-3ubuntu2
2026-04-20 18:05:32 status unpacked gnu-coreutils:amd64 9.7-3ubuntu2
2026-04-20 18:05:32 startup packages configure
2026-04-20 18:05:32 configure gnu-coreutils:amd64 9.7-3ubuntu2 <none>
2026-04-20 18:05:32 status unpacked gnu-coreutils:amd64 9.7-3ubuntu2
2026-04-20 18:05:32 status half-configured gnu-coreutils:amd64 9.7-3ubuntu2
2026-04-20 18:05:32 status installed gnu-coreutils:amd64 9.7-3ubuntu2
2026-04-20 18:05:32 startup packages configure
2026-04-20 18:05:32 startup archives unpack
2026-04-20 18:05:32 upgrade gpgv:amd64 2.4.8-4ubuntu3 2.4.8-4ubuntu3
2026-04-20 18:05:32 status half-configured gpgv:amd64 2.4.8-4ubuntu3
2026-04-20 18:05:32 status unpacked gpgv:amd64 2.4.8-4ubuntu3
2026-04-20 18:05:32 status half-installed gpgv:amd64 2.4.8-4ubuntu3
2026-04-20 18:05:32 status unpacked gpgv:amd64 2.4.8-4ubuntu3
2026-04-20 18:05:32 startup packages configure
2026-04-20 18:05:32 configure gpgv:amd64 2.4.8-4ubuntu3 <none>
2026-04-20 18:05:32 status unpacked gpgv:amd64 2.4.8-4ubuntu3
2026-04-20 18:05:32 status half-configured gpgv:amd64 2.4.8-4ubuntu3
2026-04-20 18:05:32 status installed gpgv:amd64 2.4.8-4ubuntu3
2026-04-20 18:05:32 startup packages configure
2026-04-20 18:05:33 startup archives unpack
2026-04-20 18:05:33 upgrade grep:amd64 3.12-1 3.12-1
2026-04-20 18:05:33 status half-configured grep:amd64 3.12-1
2026-04-20 18:05:33 status unpacked grep:amd64 3.12-1
2026-04-20 18:05:33 status half-installed grep:amd64 3.12-1
2026-04-20 18:05:33 status unpacked grep:amd64 3.12-1
2026-04-20 18:05:33 startup packages configure
2026-04-20 18:05:33 configure grep:amd64 3.12-1 <none>
2026-04-20 18:05:33 status unpacked grep:amd64 3.12-1
2026-04-20 18:05:33 status half-configured grep:amd64 3.12-1
2026-04-20 18:05:33 status installed grep:amd64 3.12-1
2026-04-20 18:05:33 startup packages configure
2026-04-20 18:05:33 startup archives unpack
2026-04-20 18:05:33 upgrade gzip:amd64 1.14-1~exp2ubuntu1 1.14-1~exp2ubuntu1
2026-04-20 18:05:33 status half-configured gzip:amd64 1.14-1~exp2ubuntu1
2026-04-20 18:05:33 status unpacked gzip:amd64 1.14-1~exp2ubuntu1
2026-04-20 18:05:33 status half-installed gzip:amd64 1.14-1~exp2ubuntu1
2026-04-20 18:05:33 status unpacked gzip:amd64 1.14-1~exp2ubuntu1
2026-04-20 18:05:33 startup packages configure
2026-04-20 18:05:33 configure gzip:amd64 1.14-1~exp2ubuntu1 <none>
2026-04-20 18:05:33 status unpacked gzip:amd64 1.14-1~exp2ubuntu1
2026-04-20 18:05:33 status half-configured gzip:amd64 1.14-1~exp2ubuntu1
2026-04-20 18:05:33 status installed gzip:amd64 1.14-1~exp2ubuntu1
2026-04-20 18:05:33 startup packages configure
2026-04-20 18:05:33 startup archives unpack
2026-04-20 18:05:33 upgrade hostname:amd64 3.25build1 3.25build1
2026-04-20 18:05:33 status half-configured hostname:amd64 3.25build1
2026-04-20 18:05:33 status unpacked hostname:amd64 3.25build1
2026-04-20 18:05:33 status half-installed hostname:amd64 3.25build1
2026-04-20 18:05:33 status unpacked hostname:amd64 3.25build1
2026-04-20 18:05:33 startup packages configure
2026-04-20 18:05:33 configure hostname:amd64 3.25build1 <none>
2026-04-20 18:05:33 status unpacked hostname:amd64 3.25build1
2026-04-20 18:05:33 status half-configured hostname:amd64 3.25build1
2026-04-20 18:05:33 status installed hostname:amd64 3.25build1
2026-04-20 18:05:33 startup packages configure
2026-04-20 18:05:34 startup archives unpack
2026-04-20 18:05:34 upgrade init-system-helpers:all 1.69 1.69
2026-04-20 18:05:34 status half-configured init-system-helpers:all 1.69
2026-04-20 18:05:34 status unpacked init-system-helpers:all 1.69
2026-04-20 18:05:34 status half-installed init-system-helpers:all 1.69
2026-04-20 18:05:34 status unpacked init-system-helpers:all 1.69
2026-04-20 18:05:34 startup packages configure
2026-04-20 18:05:34 configure init-system-helpers:all 1.69 <none>
2026-04-20 18:05:34 status unpacked init-system-helpers:all 1.69
2026-04-20 18:05:34 status half-configured init-system-helpers:all 1.69
2026-04-20 18:05:34 status installed init-system-helpers:all 1.69
2026-04-20 18:05:34 startup packages configure
2026-04-20 18:05:34 startup archives unpack
2026-04-20 18:05:34 upgrade libacl1:amd64 2.3.2-2 2.3.2-2
2026-04-20 18:05:34 status triggers-pending libc-bin:amd64 2.43-2ubuntu2
2026-04-20 18:05:34 status half-configured libacl1:amd64 2.3.2-2
2026-04-20 18:05:34 status unpacked libacl1:amd64 2.3.2-2
2026-04-20 18:05:34 status half-installed libacl1:amd64 2.3.2-2
2026-04-20 18:05:34 status unpacked libacl1:amd64 2.3.2-2
2026-04-20 18:05:34 startup packages configure
2026-04-20 18:05:34 configure libacl1:amd64 2.3.2-2 <none>
2026-04-20 18:05:34 status unpacked libacl1:amd64 2.3.2-2
2026-04-20 18:05:34 status half-configured libacl1:amd64 2.3.2-2
2026-04-20 18:05:34 status installed libacl1:amd64 2.3.2-2
2026-04-20 18:05:34 startup packages configure
2026-04-20 18:05:34 trigproc libc-bin:amd64 2.43-2ubuntu2 <none>
2026-04-20 18:05:34 status half-configured libc-bin:amd64 2.43-2ubuntu2
2026-04-20 18:05:34 status installed libc-bin:amd64 2.43-2ubuntu2
2026-04-20 18:05:34 startup archives unpack
2026-04-20 18:05:34 upgrade libapt-pkg7.0:amd64 3.2.0 3.2.0
2026-04-20 18:05:34 status triggers-pending libc-bin:amd64 2.43-2ubuntu2
2026-04-20 18:05:34 status half-configured libapt-pkg7.0:amd64 3.2.0
2026-04-20 18:05:34 status unpacked libapt-pkg7.0:amd64 3.2.0
2026-04-20 18:05:34 status half-installed libapt-pkg7.0:amd64 3.2.0
2026-04-20 18:05:34 status unpacked libapt-pkg7.0:amd64 3.2.0
2026-04-20 18:05:34 startup packages configure
2026-04-20 18:05:34 configure libapt-pkg7.0:amd64 3.2.0 <none>
2026-04-20 18:05:34 status unpacked libapt-pkg7.0:amd64 3.2.0
2026-04-20 18:05:34 status half-configured libapt-pkg7.0:amd64 3.2.0
2026-04-20 18:05:34 status installed libapt-pkg7.0:amd64 3.2.0
2026-04-20 18:05:34 startup packages configure
2026-04-20 18:05:34 trigproc libc-bin:amd64 2.43-2ubuntu2 <none>
2026-04-20 18:05:34 status half-configured libc-bin:amd64 2.43-2ubuntu2
2026-04-20 18:05:34 status installed libc-bin:amd64 2.43-2ubuntu2
2026-04-20 18:05:35 startup archives unpack
2026-04-20 18:05:35 upgrade libattr1:amd64 1:2.5.2-4 1:2.5.2-4
2026-04-20 18:05:35 status triggers-pending libc-bin:amd64 2.43-2ubuntu2
2026-04-20 18:05:35 status half-configured libattr1:amd64 1:2.5.2-4
2026-04-20 18:05:35 status unpacked libattr1:amd64 1:2.5.2-4
2026-04-20 18:05:35 status half-installed libattr1:amd64 1:2.5.2-4
2026-04-20 18:05:35 status unpacked libattr1:amd64 1:2.5.2-4
2026-04-20 18:05:35 startup packages configure
2026-04-20 18:05:35 configure libattr1:amd64 1:2.5.2-4 <none>
2026-04-20 18:05:35 status unpacked libattr1:amd64 1:2.5.2-4
2026-04-20 18:05:35 status half-configured libattr1:amd64 1:2.5.2-4
2026-04-20 18:05:35 status installed libattr1:amd64 1:2.5.2-4
2026-04-20 18:05:35 startup packages configure
2026-04-20 18:05:35 trigproc libc-bin:amd64 2.43-2ubuntu2 <none>
2026-04-20 18:05:35 status half-configured libc-bin:amd64 2.43-2ubuntu2
2026-04-20 18:05:35 status installed libc-bin:amd64 2.43-2ubuntu2
2026-04-20 18:05:35 startup archives unpack
2026-04-20 18:05:35 upgrade libaudit-common:all 1:4.1.2-1build1 1:4.1.2-1build1
2026-04-20 18:05:35 status half-configured libaudit-common:all 1:4.1.2-1build1
2026-04-20 18:05:35 status unpacked libaudit-common:all 1:4.1.2-1build1
2026-04-20 18:05:35 status half-installed libaudit-common:all 1:4.1.2-1build1
2026-04-20 18:05:35 status unpacked libaudit-common:all 1:4.1.2-1build1
2026-04-20 18:05:35 startup packages configure
2026-04-20 18:05:35 configure libaudit-common:all 1:4.1.2-1build1 <none>
2026-04-20 18:05:35 status unpacked libaudit-common:all 1:4.1.2-1build1
2026-04-20 18:05:35 status half-configured libaudit-common:all 1:4.1.2-1build1
2026-04-20 18:05:35 status installed libaudit-common:all 1:4.1.2-1build1
2026-04-20 18:05:35 startup packages configure
2026-04-20 18:05:35 startup archives unpack
2026-04-20 18:05:35 upgrade libaudit1:amd64 1:4.1.2-1build1 1:4.1.2-1build1
2026-04-20 18:05:35 status triggers-pending libc-bin:amd64 2.43-2ubuntu2
2026-04-20 18:05:35 status half-configured libaudit1:amd64 1:4.1.2-1build1
2026-04-20 18:05:35 status unpacked libaudit1:amd64 1:4.1.2-1build1
2026-04-20 18:05:35 status half-installed libaudit1:amd64 1:4.1.2-1build1
2026-04-20 18:05:35 status unpacked libaudit1:amd64 1:4.1.2-1build1
2026-04-20 18:05:35 startup packages configure
2026-04-20 18:05:35 configure libaudit1:amd64 1:4.1.2-1build1 <none>
2026-04-20 18:05:35 status unpacked libaudit1:amd64 1:4.1.2-1build1
2026-04-20 18:05:35 status half-configured libaudit1:amd64 1:4.1.2-1build1
2026-04-20 18:05:35 status installed libaudit1:amd64 1:4.1.2-1build1
2026-04-20 18:05:35 startup packages configure
2026-04-20 18:05:35 trigproc libc-bin:amd64 2.43-2ubuntu2 <none>
2026-04-20 18:05:35 status half-configured libc-bin:amd64 2.43-2ubuntu2
2026-04-20 18:05:35 status installed libc-bin:amd64 2.43-2ubuntu2
2026-04-20 18:05:36 startup archives unpack
2026-04-20 18:05:36 upgrade libblkid1:amd64 2.41.3-3ubuntu2 2.41.3-3ubuntu2
2026-04-20 18:05:36 status triggers-pending libc-bin:amd64 2.43-2ubuntu2
2026-04-20 18:05:36 status half-configured libblkid1:amd64 2.41.3-3ubuntu2
2026-04-20 18:05:36 status unpacked libblkid1:amd64 2.41.3-3ubuntu2
2026-04-20 18:05:36 status half-installed libblkid1:amd64 2.41.3-3ubuntu2
2026-04-20 18:05:36 status unpacked libblkid1:amd64 2.41.3-3ubuntu2
2026-04-20 18:05:36 startup packages configure
2026-04-20 18:05:36 configure libblkid1:amd64 2.41.3-3ubuntu2 <none>
2026-04-20 18:05:36 status unpacked libblkid1:amd64 2.41.3-3ubuntu2
2026-04-20 18:05:36 status half-configured libblkid1:amd64 2.41.3-3ubuntu2
2026-04-20 18:05:36 status installed libblkid1:amd64 2.41.3-3ubuntu2
2026-04-20 18:05:36 startup packages configure
2026-04-20 18:05:36 trigproc libc-bin:amd64 2.43-2ubuntu2 <none>
2026-04-20 18:05:36 status half-configured libc-bin:amd64 2.43-2ubuntu2
2026-04-20 18:05:36 status installed libc-bin:amd64 2.43-2ubuntu2
2026-04-20 18:05:36 startup archives unpack
2026-04-20 18:05:36 upgrade libbsd0:amd64 0.12.2-2build2 0.12.2-2build2
2026-04-20 18:05:36 status triggers-pending libc-bin:amd64 2.43-2ubuntu2
2026-04-20 18:05:36 status half-configured libbsd0:amd64 0.12.2-2build2
2026-04-20 18:05:36 status unpacked libbsd0:amd64 0.12.2-2build2
2026-04-20 18:05:36 status half-installed libbsd0:amd64 0.12.2-2build2
2026-04-20 18:05:36 status unpacked libbsd0:amd64 0.12.2-2build2
2026-04-20 18:05:36 startup packages configure
2026-04-20 18:05:36 configure libbsd0:amd64 0.12.2-2build2 <none>
2026-04-20 18:05:36 status unpacked libbsd0:amd64 0.12.2-2build2
2026-04-20 18:05:36 status half-configured libbsd0:amd64 0.12.2-2build2
2026-04-20 18:05:36 status installed libbsd0:amd64 0.12.2-2build2
2026-04-20 18:05:36 trigproc libc-bin:amd64 2.43-2ubuntu2 <none>
2026-04-20 18:05:36 status half-configured libc-bin:amd64 2.43-2ubuntu2
2026-04-20 18:05:36 status installed libc-bin:amd64 2.43-2ubuntu2
2026-04-20 18:05:36 startup archives unpack
2026-04-20 18:05:36 upgrade libbz2-1.0:amd64 1.0.8-6build2 1.0.8-6build2
2026-04-20 18:05:36 status triggers-pending libc-bin:amd64 2.43-2ubuntu2
2026-04-20 18:05:36 status half-configured libbz2-1.0:amd64 1.0.8-6build2
2026-04-20 18:05:36 status unpacked libbz2-1.0:amd64 1.0.8-6build2
2026-04-20 18:05:36 status half-installed libbz2-1.0:amd64 1.0.8-6build2
2026-04-20 18:05:36 status unpacked libbz2-1.0:amd64 1.0.8-6build2
2026-04-20 18:05:36 startup packages configure
2026-04-20 18:05:36 configure libbz2-1.0:amd64 1.0.8-6build2 <none>
2026-04-20 18:05:36 status unpacked libbz2-1.0:amd64 1.0.8-6build2
2026-04-20 18:05:36 status half-configured libbz2-1.0:amd64 1.0.8-6build2
2026-04-20 18:05:36 status installed libbz2-1.0:amd64 1.0.8-6build2
2026-04-20 18:05:36 startup packages configure
2026-04-20 18:05:36 trigproc libc-bin:amd64 2.43-2ubuntu2 <none>
2026-04-20 18:05:36 status half-configured libc-bin:amd64 2.43-2ubuntu2
2026-04-20 18:05:36 status installed libc-bin:amd64 2.43-2ubuntu2
2026-04-20 18:05:37 startup archives unpack
2026-04-20 18:05:37 upgrade libc-bin:amd64 2.43-2ubuntu2 2.43-2ubuntu2
2026-04-20 18:05:37 status half-configured libc-bin:amd64 2.43-2ubuntu2
2026-04-20 18:05:37 status unpacked libc-bin:amd64 2.43-2ubuntu2
2026-04-20 18:05:37 status half-installed libc-bin:amd64 2.43-2ubuntu2
2026-04-20 18:05:37 status unpacked libc-bin:amd64 2.43-2ubuntu2
2026-04-20 18:05:37 startup packages configure
2026-04-20 18:05:37 configure libc-bin:amd64 2.43-2ubuntu2 <none>
2026-04-20 18:05:37 status unpacked libc-bin:amd64 2.43-2ubuntu2
2026-04-20 18:05:37 status half-configured libc-bin:amd64 2.43-2ubuntu2
2026-04-20 18:05:37 status installed libc-bin:amd64 2.43-2ubuntu2
2026-04-20 18:05:37 startup packages configure
2026-04-20 18:05:37 startup archives unpack
2026-04-20 18:05:37 upgrade libc-gconv-modules-extra:amd64 2.43-2ubuntu2 2.43-2ubuntu2
2026-04-20 18:05:37 status half-configured libc-gconv-modules-extra:amd64 2.43-2ubuntu2
2026-04-20 18:05:37 status unpacked libc-gconv-modules-extra:amd64 2.43-2ubuntu2
2026-04-20 18:05:37 status half-installed libc-gconv-modules-extra:amd64 2.43-2ubuntu2
2026-04-20 18:05:37 status unpacked libc-gconv-modules-extra:amd64 2.43-2ubuntu2
2026-04-20 18:05:37 startup packages configure
2026-04-20 18:05:37 configure libc-gconv-modules-extra:amd64 2.43-2ubuntu2 <none>
2026-04-20 18:05:37 status unpacked libc-gconv-modules-extra:amd64 2.43-2ubuntu2
2026-04-20 18:05:37 status half-configured libc-gconv-modules-extra:amd64 2.43-2ubuntu2
2026-04-20 18:05:37 status installed libc-gconv-modules-extra:amd64 2.43-2ubuntu2
2026-04-20 18:05:37 startup packages configure
2026-04-20 18:05:38 startup archives unpack
2026-04-20 18:05:38 upgrade libc6:amd64 2.43-2ubuntu2 2.43-2ubuntu2
2026-04-20 18:05:38 status triggers-pending libc-bin:amd64 2.43-2ubuntu2
2026-04-20 18:05:38 status half-configured libc6:amd64 2.43-2ubuntu2
2026-04-20 18:05:38 status unpacked libc6:amd64 2.43-2ubuntu2
2026-04-20 18:05:38 status half-installed libc6:amd64 2.43-2ubuntu2
2026-04-20 18:05:38 status unpacked libc6:amd64 2.43-2ubuntu2
2026-04-20 18:05:38 startup packages configure
2026-04-20 18:05:38 configure libc6:amd64 2.43-2ubuntu2 <none>
2026-04-20 18:05:38 status unpacked libc6:amd64 2.43-2ubuntu2
2026-04-20 18:05:38 status half-configured libc6:amd64 2.43-2ubuntu2
2026-04-20 18:05:38 status installed libc6:amd64 2.43-2ubuntu2
2026-04-20 18:05:38 startup packages configure
2026-04-20 18:05:38 trigproc libc-bin:amd64 2.43-2ubuntu2 <none>
2026-04-20 18:05:38 status half-configured libc-bin:amd64 2.43-2ubuntu2
2026-04-20 18:05:38 status installed libc-bin:amd64 2.43-2ubuntu2
2026-04-20 18:05:38 startup archives unpack
2026-04-20 18:05:38 upgrade libcap-ng0:amd64 0.8.5-4build5 0.8.5-4build5
2026-04-20 18:05:38 status triggers-pending libc-bin:amd64 2.43-2ubuntu2
2026-04-20 18:05:38 status half-configured libcap-ng0:amd64 0.8.5-4build5
2026-04-20 18:05:38 status unpacked libcap-ng0:amd64 0.8.5-4build5
2026-04-20 18:05:38 status half-installed libcap-ng0:amd64 0.8.5-4build5
2026-04-20 18:05:38 status unpacked libcap-ng0:amd64 0.8.5-4build5
2026-04-20 18:05:38 startup packages configure
2026-04-20 18:05:38 configure libcap-ng0:amd64 0.8.5-4build5 <none>
2026-04-20 18:05:38 status unpacked libcap-ng0:amd64 0.8.5-4build5
2026-04-20 18:05:38 status half-configured libcap-ng0:amd64 0.8.5-4build5
2026-04-20 18:05:38 status installed libcap-ng0:amd64 0.8.5-4build5
2026-04-20 18:05:38 startup packages configure
2026-04-20 18:05:38 trigproc libc-bin:amd64 2.43-2ubuntu2 <none>
2026-04-20 18:05:38 status half-configured libc-bin:amd64 2.43-2ubuntu2
2026-04-20 18:05:38 status installed libc-bin:amd64 2.43-2ubuntu2
2026-04-20 18:05:39 startup archives unpack
2026-04-20 18:05:39 upgrade libcom-err2:amd64 1.47.2-3ubuntu4 1.47.2-3ubuntu4
2026-04-20 18:05:39 status triggers-pending libc-bin:amd64 2.43-2ubuntu2
2026-04-20 18:05:39 status half-configured libcom-err2:amd64 1.47.2-3ubuntu4
2026-04-20 18:05:39 status unpacked libcom-err2:amd64 1.47.2-3ubuntu4
2026-04-20 18:05:39 status half-installed libcom-err2:amd64 1.47.2-3ubuntu4
2026-04-20 18:05:39 status unpacked libcom-err2:amd64 1.47.2-3ubuntu4
2026-04-20 18:05:39 startup packages configure
2026-04-20 18:05:39 configure libcom-err2:amd64 1.47.2-3ubuntu4 <none>
2026-04-20 18:05:39 status unpacked libcom-err2:amd64 1.47.2-3ubuntu4
2026-04-20 18:05:39 status half-configured libcom-err2:amd64 1.47.2-3ubuntu4
2026-04-20 18:05:39 status installed libcom-err2:amd64 1.47.2-3ubuntu4
2026-04-20 18:05:39 trigproc libc-bin:amd64 2.43-2ubuntu2 <none>
2026-04-20 18:05:39 status half-configured libc-bin:amd64 2.43-2ubuntu2
2026-04-20 18:05:39 status installed libc-bin:amd64 2.43-2ubuntu2
2026-04-20 18:05:39 startup archives unpack
2026-04-20 18:05:39 upgrade libcrypt1:amd64 1:4.5.1-1 1:4.5.1-1
2026-04-20 18:05:39 status triggers-pending libc-bin:amd64 2.43-2ubuntu2
2026-04-20 18:05:39 status half-configured libcrypt1:amd64 1:4.5.1-1
2026-04-20 18:05:39 status unpacked libcrypt1:amd64 1:4.5.1-1
2026-04-20 18:05:39 status half-installed libcrypt1:amd64 1:4.5.1-1
2026-04-20 18:05:39 status unpacked libcrypt1:amd64 1:4.5.1-1
2026-04-20 18:05:39 startup packages configure
2026-04-20 18:05:39 configure libcrypt1:amd64 1:4.5.1-1 <none>
2026-04-20 18:05:39 status unpacked libcrypt1:amd64 1:4.5.1-1
2026-04-20 18:05:39 status half-configured libcrypt1:amd64 1:4.5.1-1
2026-04-20 18:05:39 status installed libcrypt1:amd64 1:4.5.1-1
2026-04-20 18:05:39 startup packages configure
2026-04-20 18:05:39 trigproc libc-bin:amd64 2.43-2ubuntu2 <none>
2026-04-20 18:05:39 status half-configured libc-bin:amd64 2.43-2ubuntu2
2026-04-20 18:05:39 status installed libc-bin:amd64 2.43-2ubuntu2
2026-04-20 18:05:39 startup archives unpack
2026-04-20 18:05:39 upgrade libdb5.3t64:amd64 5.3.28+dfsg2-10ubuntu1 5.3.28+dfsg2-10ubuntu1
2026-04-20 18:05:39 status triggers-pending libc-bin:amd64 2.43-2ubuntu2
2026-04-20 18:05:39 status half-configured libdb5.3t64:amd64 5.3.28+dfsg2-10ubuntu1
2026-04-20 18:05:39 status unpacked libdb5.3t64:amd64 5.3.28+dfsg2-10ubuntu1
2026-04-20 18:05:39 status half-installed libdb5.3t64:amd64 5.3.28+dfsg2-10ubuntu1
2026-04-20 18:05:39 status unpacked libdb5.3t64:amd64 5.3.28+dfsg2-10ubuntu1
2026-04-20 18:05:39 startup packages configure
2026-04-20 18:05:39 configure libdb5.3t64:amd64 5.3.28+dfsg2-10ubuntu1 <none>
2026-04-20 18:05:39 status unpacked libdb5.3t64:amd64 5.3.28+dfsg2-10ubuntu1
2026-04-20 18:05:39 status half-configured libdb5.3t64:amd64 5.3.28+dfsg2-10ubuntu1
2026-04-20 18:05:39 status installed libdb5.3t64:amd64 5.3.28+dfsg2-10ubuntu1
2026-04-20 18:05:39 startup packages configure
2026-04-20 18:05:39 trigproc libc-bin:amd64 2.43-2ubuntu2 <none>
2026-04-20 18:05:39 status half-configured libc-bin:amd64 2.43-2ubuntu2
2026-04-20 18:05:39 status installed libc-bin:amd64 2.43-2ubuntu2
2026-04-20 18:05:40 startup archives unpack
2026-04-20 18:05:40 upgrade libdebconfclient0:amd64 0.280ubuntu1 0.280ubuntu1
2026-04-20 18:05:40 status triggers-pending libc-bin:amd64 2.43-2ubuntu2
2026-04-20 18:05:40 status half-configured libdebconfclient0:amd64 0.280ubuntu1
2026-04-20 18:05:40 status unpacked libdebconfclient0:amd64 0.280ubuntu1
2026-04-20 18:05:40 status half-installed libdebconfclient0:amd64 0.280ubuntu1
2026-04-20 18:05:40 status unpacked libdebconfclient0:amd64 0.280ubuntu1
2026-04-20 18:05:40 startup packages configure
2026-04-20 18:05:40 configure libdebconfclient0:amd64 0.280ubuntu1 <none>
2026-04-20 18:05:40 status unpacked libdebconfclient0:amd64 0.280ubuntu1
2026-04-20 18:05:40 status half-configured libdebconfclient0:amd64 0.280ubuntu1
2026-04-20 18:05:40 status installed libdebconfclient0:amd64 0.280ubuntu1
2026-04-20 18:05:40 startup packages configure
2026-04-20 18:05:40 trigproc libc-bin:amd64 2.43-2ubuntu2 <none>
2026-04-20 18:05:40 status half-configured libc-bin:amd64 2.43-2ubuntu2
2026-04-20 18:05:40 status installed libc-bin:amd64 2.43-2ubuntu2
2026-04-20 18:05:40 startup archives unpack
2026-04-20 18:05:40 upgrade libext2fs2t64:amd64 1.47.2-3ubuntu4 1.47.2-3ubuntu4
2026-04-20 18:05:40 status triggers-pending libc-bin:amd64 2.43-2ubuntu2
2026-04-20 18:05:40 status half-configured libext2fs2t64:amd64 1.47.2-3ubuntu4
2026-04-20 18:05:40 status unpacked libext2fs2t64:amd64 1.47.2-3ubuntu4
2026-04-20 18:05:40 status half-installed libext2fs2t64:amd64 1.47.2-3ubuntu4
2026-04-20 18:05:40 status unpacked libext2fs2t64:amd64 1.47.2-3ubuntu4
2026-04-20 18:05:40 startup packages configure
2026-04-20 18:05:40 configure libext2fs2t64:amd64 1.47.2-3ubuntu4 <none>
2026-04-20 18:05:40 status unpacked libext2fs2t64:amd64 1.47.2-3ubuntu4
2026-04-20 18:05:40 status half-configured libext2fs2t64:amd64 1.47.2-3ubuntu4
2026-04-20 18:05:40 status installed libext2fs2t64:amd64 1.47.2-3ubuntu4
2026-04-20 18:05:40 trigproc libc-bin:amd64 2.43-2ubuntu2 <none>
2026-04-20 18:05:40 status half-configured libc-bin:amd64 2.43-2ubuntu2
2026-04-20 18:05:40 status installed libc-bin:amd64 2.43-2ubuntu2
2026-04-20 18:05:40 startup archives unpack
2026-04-20 18:05:40 upgrade libgcc-s1:amd64 16-20260322-1ubuntu1 16-20260322-1ubuntu1
2026-04-20 18:05:40 status triggers-pending libc-bin:amd64 2.43-2ubuntu2
2026-04-20 18:05:40 status half-configured libgcc-s1:amd64 16-20260322-1ubuntu1
2026-04-20 18:05:40 status unpacked libgcc-s1:amd64 16-20260322-1ubuntu1
2026-04-20 18:05:40 status half-installed libgcc-s1:amd64 16-20260322-1ubuntu1
2026-04-20 18:05:40 status unpacked libgcc-s1:amd64 16-20260322-1ubuntu1
2026-04-20 18:05:40 startup packages configure
2026-04-20 18:05:40 configure libgcc-s1:amd64 16-20260322-1ubuntu1 <none>
2026-04-20 18:05:40 status unpacked libgcc-s1:amd64 16-20260322-1ubuntu1
2026-04-20 18:05:40 status half-configured libgcc-s1:amd64 16-20260322-1ubuntu1
2026-04-20 18:05:40 status installed libgcc-s1:amd64 16-20260322-1ubuntu1
2026-04-20 18:05:40 startup packages configure
2026-04-20 18:05:40 trigproc libc-bin:amd64 2.43-2ubuntu2 <none>
2026-04-20 18:05:40 status half-configured libc-bin:amd64 2.43-2ubuntu2
2026-04-20 18:05:40 status installed libc-bin:amd64 2.43-2ubuntu2
2026-04-20 18:05:41 startup archives unpack
2026-04-20 18:05:41 upgrade libgcrypt20:amd64 1.12.0-2 1.12.0-2
2026-04-20 18:05:41 status triggers-pending libc-bin:amd64 2.43-2ubuntu2
2026-04-20 18:05:41 status half-configured libgcrypt20:amd64 1.12.0-2
2026-04-20 18:05:41 status unpacked libgcrypt20:amd64 1.12.0-2
2026-04-20 18:05:41 status half-installed libgcrypt20:amd64 1.12.0-2
2026-04-20 18:05:41 status unpacked libgcrypt20:amd64 1.12.0-2
2026-04-20 18:05:41 startup packages configure
2026-04-20 18:05:41 configure libgcrypt20:amd64 1.12.0-2 <none>
2026-04-20 18:05:41 status unpacked libgcrypt20:amd64 1.12.0-2
2026-04-20 18:05:41 status half-configured libgcrypt20:amd64 1.12.0-2
2026-04-20 18:05:41 status installed libgcrypt20:amd64 1.12.0-2
2026-04-20 18:05:41 startup packages configure
2026-04-20 18:05:41 trigproc libc-bin:amd64 2.43-2ubuntu2 <none>
2026-04-20 18:05:41 status half-configured libc-bin:amd64 2.43-2ubuntu2
2026-04-20 18:05:41 status installed libc-bin:amd64 2.43-2ubuntu2
2026-04-20 18:05:41 startup archives unpack
2026-04-20 18:05:41 upgrade libgmp10:amd64 2:6.3.0+dfsg-5ubuntu2 2:6.3.0+dfsg-5ubuntu2
2026-04-20 18:05:41 status triggers-pending libc-bin:amd64 2.43-2ubuntu2
2026-04-20 18:05:41 status half-configured libgmp10:amd64 2:6.3.0+dfsg-5ubuntu2
2026-04-20 18:05:41 status unpacked libgmp10:amd64 2:6.3.0+dfsg-5ubuntu2
2026-04-20 18:05:41 status half-installed libgmp10:amd64 2:6.3.0+dfsg-5ubuntu2
2026-04-20 18:05:41 status unpacked libgmp10:amd64 2:6.3.0+dfsg-5ubuntu2
2026-04-20 18:05:41 startup packages configure
2026-04-20 18:05:41 configure libgmp10:amd64 2:6.3.0+dfsg-5ubuntu2 <none>
2026-04-20 18:05:41 status unpacked libgmp10:amd64 2:6.3.0+dfsg-5ubuntu2
2026-04-20 18:05:41 status half-configured libgmp10:amd64 2:6.3.0+dfsg-5ubuntu2
2026-04-20 18:05:41 status installed libgmp10:amd64 2:6.3.0+dfsg-5ubuntu2
2026-04-20 18:05:41 startup packages configure
2026-04-20 18:05:41 trigproc libc-bin:amd64 2.43-2ubuntu2 <none>
2026-04-20 18:05:41 status half-configured libc-bin:amd64 2.43-2ubuntu2
2026-04-20 18:05:41 status installed libc-bin:amd64 2.43-2ubuntu2
2026-04-20 18:05:41 startup archives unpack
2026-04-20 18:05:41 upgrade libgpg-error0:amd64 1.58-2 1.58-2
2026-04-20 18:05:41 status triggers-pending libc-bin:amd64 2.43-2ubuntu2
2026-04-20 18:05:41 status half-configured libgpg-error0:amd64 1.58-2
2026-04-20 18:05:41 status unpacked libgpg-error0:amd64 1.58-2
2026-04-20 18:05:41 status half-installed libgpg-error0:amd64 1.58-2
2026-04-20 18:05:41 status unpacked libgpg-error0:amd64 1.58-2
2026-04-20 18:05:41 startup packages configure
2026-04-20 18:05:41 configure libgpg-error0:amd64 1.58-2 <none>
2026-04-20 18:05:41 status unpacked libgpg-error0:amd64 1.58-2
2026-04-20 18:05:41 status half-configured libgpg-error0:amd64 1.58-2
2026-04-20 18:05:41 status installed libgpg-error0:amd64 1.58-2
2026-04-20 18:05:41 startup packages configure
2026-04-20 18:05:41 trigproc libc-bin:amd64 2.43-2ubuntu2 <none>
2026-04-20 18:05:41 status half-configured libc-bin:amd64 2.43-2ubuntu2
2026-04-20 18:05:41 status installed libc-bin:amd64 2.43-2ubuntu2
2026-04-20 18:05:42 startup archives unpack
2026-04-20 18:05:42 upgrade liblz4-1:amd64 1.10.0-8 1.10.0-8
2026-04-20 18:05:42 status triggers-pending libc-bin:amd64 2.43-2ubuntu2
2026-04-20 18:05:42 status half-configured liblz4-1:amd64 1.10.0-8
2026-04-20 18:05:42 status unpacked liblz4-1:amd64 1.10.0-8
2026-04-20 18:05:42 status half-installed liblz4-1:amd64 1.10.0-8
2026-04-20 18:05:42 status unpacked liblz4-1:amd64 1.10.0-8
2026-04-20 18:05:42 startup packages configure
2026-04-20 18:05:42 configure liblz4-1:amd64 1.10.0-8 <none>
2026-04-20 18:05:42 status unpacked liblz4-1:amd64 1.10.0-8
2026-04-20 18:05:42 status half-configured liblz4-1:amd64 1.10.0-8
2026-04-20 18:05:42 status installed liblz4-1:amd64 1.10.0-8
2026-04-20 18:05:42 startup packages configure
2026-04-20 18:05:42 trigproc libc-bin:amd64 2.43-2ubuntu2 <none>
2026-04-20 18:05:42 status half-configured libc-bin:amd64 2.43-2ubuntu2
2026-04-20 18:05:42 status installed libc-bin:amd64 2.43-2ubuntu2
2026-04-20 18:05:42 startup archives unpack
2026-04-20 18:05:42 upgrade liblzma5:amd64 5.8.3-1 5.8.3-1
2026-04-20 18:05:42 status triggers-pending libc-bin:amd64 2.43-2ubuntu2
2026-04-20 18:05:42 status half-configured liblzma5:amd64 5.8.3-1
2026-04-20 18:05:42 status unpacked liblzma5:amd64 5.8.3-1
2026-04-20 18:05:42 status half-installed liblzma5:amd64 5.8.3-1
2026-04-20 18:05:42 status unpacked liblzma5:amd64 5.8.3-1
2026-04-20 18:05:42 startup packages configure
2026-04-20 18:05:42 configure liblzma5:amd64 5.8.3-1 <none>
2026-04-20 18:05:42 status unpacked liblzma5:amd64 5.8.3-1
2026-04-20 18:05:42 status half-configured liblzma5:amd64 5.8.3-1
2026-04-20 18:05:42 status installed liblzma5:amd64 5.8.3-1
2026-04-20 18:05:42 startup packages configure
2026-04-20 18:05:42 trigproc libc-bin:amd64 2.43-2ubuntu2 <none>
2026-04-20 18:05:42 status half-configured libc-bin:amd64 2.43-2ubuntu2
2026-04-20 18:05:42 status installed libc-bin:amd64 2.43-2ubuntu2
2026-04-20 18:05:42 startup archives unpack
2026-04-20 18:05:42 upgrade libmd0:amd64 1.1.0-2build4 1.1.0-2build4
2026-04-20 18:05:42 status triggers-pending libc-bin:amd64 2.43-2ubuntu2
2026-04-20 18:05:42 status half-configured libmd0:amd64 1.1.0-2build4
2026-04-20 18:05:42 status unpacked libmd0:amd64 1.1.0-2build4
2026-04-20 18:05:42 status half-installed libmd0:amd64 1.1.0-2build4
2026-04-20 18:05:42 status unpacked libmd0:amd64 1.1.0-2build4
2026-04-20 18:05:42 startup packages configure
2026-04-20 18:05:42 configure libmd0:amd64 1.1.0-2build4 <none>
2026-04-20 18:05:42 status unpacked libmd0:amd64 1.1.0-2build4
2026-04-20 18:05:42 status half-configured libmd0:amd64 1.1.0-2build4
2026-04-20 18:05:42 status installed libmd0:amd64 1.1.0-2build4
2026-04-20 18:05:42 startup packages configure
2026-04-20 18:05:42 trigproc libc-bin:amd64 2.43-2ubuntu2 <none>
2026-04-20 18:05:42 status half-configured libc-bin:amd64 2.43-2ubuntu2
2026-04-20 18:05:42 status installed libc-bin:amd64 2.43-2ubuntu2
2026-04-20 18:05:43 startup archives unpack
2026-04-20 18:05:43 upgrade libmount1:amd64 2.41.3-3ubuntu2 2.41.3-3ubuntu2
2026-04-20 18:05:43 status triggers-pending libc-bin:amd64 2.43-2ubuntu2
2026-04-20 18:05:43 status half-configured libmount1:amd64 2.41.3-3ubuntu2
2026-04-20 18:05:43 status unpacked libmount1:amd64 2.41.3-3ubuntu2
2026-04-20 18:05:43 status half-installed libmount1:amd64 2.41.3-3ubuntu2
2026-04-20 18:05:43 status unpacked libmount1:amd64 2.41.3-3ubuntu2
2026-04-20 18:05:43 startup packages configure
2026-04-20 18:05:43 configure libmount1:amd64 2.41.3-3ubuntu2 <none>
2026-04-20 18:05:43 status unpacked libmount1:amd64 2.41.3-3ubuntu2
2026-04-20 18:05:43 status half-configured libmount1:amd64 2.41.3-3ubuntu2
2026-04-20 18:05:43 status installed libmount1:amd64 2.41.3-3ubuntu2
2026-04-20 18:05:43 startup packages configure
2026-04-20 18:05:43 trigproc libc-bin:amd64 2.43-2ubuntu2 <none>
2026-04-20 18:05:43 status half-configured libc-bin:amd64 2.43-2ubuntu2
2026-04-20 18:05:43 status installed libc-bin:amd64 2.43-2ubuntu2
2026-04-20 18:05:43 startup archives unpack
2026-04-20 18:05:43 upgrade libncursesw6:amd64 6.6+20251231-1 6.6+20251231-1
2026-04-20 18:05:43 status triggers-pending libc-bin:amd64 2.43-2ubuntu2
2026-04-20 18:05:43 status half-configured libncursesw6:amd64 6.6+20251231-1
2026-04-20 18:05:43 status unpacked libncursesw6:amd64 6.6+20251231-1
2026-04-20 18:05:43 status half-installed libncursesw6:amd64 6.6+20251231-1
2026-04-20 18:05:43 status unpacked libncursesw6:amd64 6.6+20251231-1
2026-04-20 18:05:43 startup packages configure
2026-04-20 18:05:43 configure libncursesw6:amd64 6.6+20251231-1 <none>
2026-04-20 18:05:43 status unpacked libncursesw6:amd64 6.6+20251231-1
2026-04-20 18:05:43 status half-configured libncursesw6:amd64 6.6+20251231-1
2026-04-20 18:05:43 status installed libncursesw6:amd64 6.6+20251231-1
2026-04-20 18:05:43 trigproc libc-bin:amd64 2.43-2ubuntu2 <none>
2026-04-20 18:05:43 status half-configured libc-bin:amd64 2.43-2ubuntu2
2026-04-20 18:05:43 status installed libc-bin:amd64 2.43-2ubuntu2
2026-04-20 18:05:44 startup archives unpack
2026-04-20 18:05:44 upgrade libpam-modules:amd64 1.7.0-5ubuntu3 1.7.0-5ubuntu3
2026-04-20 18:05:44 status half-configured libpam-modules:amd64 1.7.0-5ubuntu3
2026-04-20 18:05:44 status unpacked libpam-modules:amd64 1.7.0-5ubuntu3
2026-04-20 18:05:44 status half-installed libpam-modules:amd64 1.7.0-5ubuntu3
2026-04-20 18:05:44 status unpacked libpam-modules:amd64 1.7.0-5ubuntu3
2026-04-20 18:05:44 startup packages configure
2026-04-20 18:05:44 configure libpam-modules:amd64 1.7.0-5ubuntu3 <none>
2026-04-20 18:05:44 status unpacked libpam-modules:amd64 1.7.0-5ubuntu3
2026-04-20 18:05:44 status half-configured libpam-modules:amd64 1.7.0-5ubuntu3
2026-04-20 18:05:44 status installed libpam-modules:amd64 1.7.0-5ubuntu3
2026-04-20 18:05:44 startup packages configure
2026-04-20 18:05:44 startup archives unpack
2026-04-20 18:05:44 upgrade libpam-modules-bin:amd64 1.7.0-5ubuntu3 1.7.0-5ubuntu3
2026-04-20 18:05:44 status half-configured libpam-modules-bin:amd64 1.7.0-5ubuntu3
2026-04-20 18:05:44 status unpacked libpam-modules-bin:amd64 1.7.0-5ubuntu3
2026-04-20 18:05:44 status half-installed libpam-modules-bin:amd64 1.7.0-5ubuntu3
2026-04-20 18:05:44 status unpacked libpam-modules-bin:amd64 1.7.0-5ubuntu3
2026-04-20 18:05:44 startup packages configure
2026-04-20 18:05:44 configure libpam-modules-bin:amd64 1.7.0-5ubuntu3 <none>
2026-04-20 18:05:44 status unpacked libpam-modules-bin:amd64 1.7.0-5ubuntu3
2026-04-20 18:05:44 status half-configured libpam-modules-bin:amd64 1.7.0-5ubuntu3
2026-04-20 18:05:44 status installed libpam-modules-bin:amd64 1.7.0-5ubuntu3
2026-04-20 18:05:44 startup packages configure
2026-04-20 18:05:44 startup archives unpack
2026-04-20 18:05:45 upgrade libpam-runtime:all 1.7.0-5ubuntu3 1.7.0-5ubuntu3
2026-04-20 18:05:45 status half-configured libpam-runtime:all 1.7.0-5ubuntu3
2026-04-20 18:05:45 status unpacked libpam-runtime:all 1.7.0-5ubuntu3
2026-04-20 18:05:45 status half-installed libpam-runtime:all 1.7.0-5ubuntu3
2026-04-20 18:05:45 status unpacked libpam-runtime:all 1.7.0-5ubuntu3
2026-04-20 18:05:45 startup packages configure
2026-04-20 18:05:45 configure libpam-runtime:all 1.7.0-5ubuntu3 <none>
2026-04-20 18:05:45 status unpacked libpam-runtime:all 1.7.0-5ubuntu3
2026-04-20 18:05:45 status half-configured libpam-runtime:all 1.7.0-5ubuntu3
2026-04-20 18:05:45 status installed libpam-runtime:all 1.7.0-5ubuntu3
2026-04-20 18:05:45 startup packages configure
2026-04-20 18:05:45 startup archives unpack
2026-04-20 18:05:45 upgrade libpam0g:amd64 1.7.0-5ubuntu3 1.7.0-5ubuntu3
2026-04-20 18:05:45 status triggers-pending libc-bin:amd64 2.43-2ubuntu2
2026-04-20 18:05:45 status half-configured libpam0g:amd64 1.7.0-5ubuntu3
2026-04-20 18:05:45 status unpacked libpam0g:amd64 1.7.0-5ubuntu3
2026-04-20 18:05:45 status half-installed libpam0g:amd64 1.7.0-5ubuntu3
2026-04-20 18:05:45 status unpacked libpam0g:amd64 1.7.0-5ubuntu3
2026-04-20 18:05:45 startup packages configure
2026-04-20 18:05:45 configure libpam0g:amd64 1.7.0-5ubuntu3 <none>
2026-04-20 18:05:45 status unpacked libpam0g:amd64 1.7.0-5ubuntu3
2026-04-20 18:05:45 status half-configured libpam0g:amd64 1.7.0-5ubuntu3
2026-04-20 18:05:45 status installed libpam0g:amd64 1.7.0-5ubuntu3
2026-04-20 18:05:45 startup packages configure
2026-04-20 18:05:45 trigproc libc-bin:amd64 2.43-2ubuntu2 <none>
2026-04-20 18:05:45 status half-configured libc-bin:amd64 2.43-2ubuntu2
2026-04-20 18:05:45 status installed libc-bin:amd64 2.43-2ubuntu2
2026-04-20 18:05:45 startup archives unpack
2026-04-20 18:05:46 upgrade libpcre2-8-0:amd64 10.46-1build1 10.46-1build1
2026-04-20 18:05:46 status triggers-pending libc-bin:amd64 2.43-2ubuntu2
2026-04-20 18:05:46 status half-configured libpcre2-8-0:amd64 10.46-1build1
2026-04-20 18:05:46 status unpacked libpcre2-8-0:amd64 10.46-1build1
2026-04-20 18:05:46 status half-installed libpcre2-8-0:amd64 10.46-1build1
2026-04-20 18:05:46 status triggers-pending libselinux1:amd64 3.9-4build1
2026-04-20 18:05:46 status unpacked libpcre2-8-0:amd64 10.46-1build1
2026-04-20 18:05:46 startup packages configure
2026-04-20 18:05:46 configure libpcre2-8-0:amd64 10.46-1build1 <none>
2026-04-20 18:05:46 status unpacked libpcre2-8-0:amd64 10.46-1build1
2026-04-20 18:05:46 status half-configured libpcre2-8-0:amd64 10.46-1build1
2026-04-20 18:05:46 status installed libpcre2-8-0:amd64 10.46-1build1
2026-04-20 18:05:46 startup packages configure
2026-04-20 18:05:46 trigproc libselinux1:amd64 3.9-4build1 <none>
2026-04-20 18:05:46 status half-configured libselinux1:amd64 3.9-4build1
2026-04-20 18:05:46 status installed libselinux1:amd64 3.9-4build1
2026-04-20 18:05:46 trigproc libc-bin:amd64 2.43-2ubuntu2 <none>
2026-04-20 18:05:46 status half-configured libc-bin:amd64 2.43-2ubuntu2
2026-04-20 18:05:46 status installed libc-bin:amd64 2.43-2ubuntu2
2026-04-20 18:05:46 startup archives unpack
2026-04-20 18:05:46 upgrade libproc2-0:amd64 2:4.0.4-9ubuntu1 2:4.0.4-9ubuntu1
2026-04-20 18:05:46 status triggers-pending libc-bin:amd64 2.43-2ubuntu2
2026-04-20 18:05:46 status half-configured libproc2-0:amd64 2:4.0.4-9ubuntu1
2026-04-20 18:05:46 status unpacked libproc2-0:amd64 2:4.0.4-9ubuntu1
2026-04-20 18:05:46 status half-installed libproc2-0:amd64 2:4.0.4-9ubuntu1
2026-04-20 18:05:46 status unpacked libproc2-0:amd64 2:4.0.4-9ubuntu1
2026-04-20 18:05:46 startup packages configure
2026-04-20 18:05:46 configure libproc2-0:amd64 2:4.0.4-9ubuntu1 <none>
2026-04-20 18:05:46 status unpacked libproc2-0:amd64 2:4.0.4-9ubuntu1
2026-04-20 18:05:46 status half-configured libproc2-0:amd64 2:4.0.4-9ubuntu1
2026-04-20 18:05:46 status installed libproc2-0:amd64 2:4.0.4-9ubuntu1
2026-04-20 18:05:46 trigproc libc-bin:amd64 2.43-2ubuntu2 <none>
2026-04-20 18:05:46 status half-configured libc-bin:amd64 2.43-2ubuntu2
2026-04-20 18:05:46 status installed libc-bin:amd64 2.43-2ubuntu2
2026-04-20 18:05:46 startup archives unpack
2026-04-20 18:05:46 upgrade libseccomp2:amd64 2.6.0-2ubuntu5 2.6.0-2ubuntu5
2026-04-20 18:05:46 status triggers-pending libc-bin:amd64 2.43-2ubuntu2
2026-04-20 18:05:46 status half-configured libseccomp2:amd64 2.6.0-2ubuntu5
2026-04-20 18:05:46 status unpacked libseccomp2:amd64 2.6.0-2ubuntu5
2026-04-20 18:05:46 status half-installed libseccomp2:amd64 2.6.0-2ubuntu5
2026-04-20 18:05:46 status unpacked libseccomp2:amd64 2.6.0-2ubuntu5
2026-04-20 18:05:46 startup packages configure
2026-04-20 18:05:46 configure libseccomp2:amd64 2.6.0-2ubuntu5 <none>
2026-04-20 18:05:46 status unpacked libseccomp2:amd64 2.6.0-2ubuntu5
2026-04-20 18:05:46 status half-configured libseccomp2:amd64 2.6.0-2ubuntu5
2026-04-20 18:05:46 status installed libseccomp2:amd64 2.6.0-2ubuntu5
2026-04-20 18:05:46 startup packages configure
2026-04-20 18:05:46 trigproc libc-bin:amd64 2.43-2ubuntu2 <none>
2026-04-20 18:05:46 status half-configured libc-bin:amd64 2.43-2ubuntu2
2026-04-20 18:05:46 status installed libc-bin:amd64 2.43-2ubuntu2
2026-04-20 18:05:47 startup archives unpack
2026-04-20 18:05:47 upgrade libselinux1:amd64 3.9-4build1 3.9-4build1
2026-04-20 18:05:47 status triggers-pending libc-bin:amd64 2.43-2ubuntu2
2026-04-20 18:05:47 status half-configured libselinux1:amd64 3.9-4build1
2026-04-20 18:05:47 status unpacked libselinux1:amd64 3.9-4build1
2026-04-20 18:05:47 status half-installed libselinux1:amd64 3.9-4build1
2026-04-20 18:05:47 status unpacked libselinux1:amd64 3.9-4build1
2026-04-20 18:05:47 startup packages configure
2026-04-20 18:05:47 configure libselinux1:amd64 3.9-4build1 <none>
2026-04-20 18:05:47 status unpacked libselinux1:amd64 3.9-4build1
2026-04-20 18:05:47 status half-configured libselinux1:amd64 3.9-4build1
2026-04-20 18:05:47 status installed libselinux1:amd64 3.9-4build1
2026-04-20 18:05:47 startup packages configure
2026-04-20 18:05:47 trigproc libc-bin:amd64 2.43-2ubuntu2 <none>
2026-04-20 18:05:47 status half-configured libc-bin:amd64 2.43-2ubuntu2
2026-04-20 18:05:47 status installed libc-bin:amd64 2.43-2ubuntu2
2026-04-20 18:05:47 startup archives unpack
2026-04-20 18:05:47 upgrade libsemanage-common:all 3.9-1build1 3.9-1build1
2026-04-20 18:05:47 status half-configured libsemanage-common:all 3.9-1build1
2026-04-20 18:05:47 status unpacked libsemanage-common:all 3.9-1build1
2026-04-20 18:05:47 status half-installed libsemanage-common:all 3.9-1build1
2026-04-20 18:05:47 status unpacked libsemanage-common:all 3.9-1build1
2026-04-20 18:05:47 startup packages configure
2026-04-20 18:05:47 configure libsemanage-common:all 3.9-1build1 <none>
2026-04-20 18:05:47 status unpacked libsemanage-common:all 3.9-1build1
2026-04-20 18:05:47 status half-configured libsemanage-common:all 3.9-1build1
2026-04-20 18:05:47 status installed libsemanage-common:all 3.9-1build1
2026-04-20 18:05:47 startup archives unpack
2026-04-20 18:05:47 upgrade libsemanage2:amd64 3.9-1build1 3.9-1build1
2026-04-20 18:05:47 status triggers-pending libc-bin:amd64 2.43-2ubuntu2
2026-04-20 18:05:47 status half-configured libsemanage2:amd64 3.9-1build1
2026-04-20 18:05:47 status unpacked libsemanage2:amd64 3.9-1build1
2026-04-20 18:05:47 status half-installed libsemanage2:amd64 3.9-1build1
2026-04-20 18:05:47 status unpacked libsemanage2:amd64 3.9-1build1
2026-04-20 18:05:47 startup packages configure
2026-04-20 18:05:47 configure libsemanage2:amd64 3.9-1build1 <none>
2026-04-20 18:05:47 status unpacked libsemanage2:amd64 3.9-1build1
2026-04-20 18:05:47 status half-configured libsemanage2:amd64 3.9-1build1
2026-04-20 18:05:47 status installed libsemanage2:amd64 3.9-1build1
2026-04-20 18:05:47 trigproc libc-bin:amd64 2.43-2ubuntu2 <none>
2026-04-20 18:05:47 status half-configured libc-bin:amd64 2.43-2ubuntu2
2026-04-20 18:05:47 status installed libc-bin:amd64 2.43-2ubuntu2
2026-04-20 18:05:48 startup archives unpack
2026-04-20 18:05:48 upgrade libsepol2:amd64 3.9-2 3.9-2
2026-04-20 18:05:48 status triggers-pending libc-bin:amd64 2.43-2ubuntu2
2026-04-20 18:05:48 status half-configured libsepol2:amd64 3.9-2
2026-04-20 18:05:48 status unpacked libsepol2:amd64 3.9-2
2026-04-20 18:05:48 status half-installed libsepol2:amd64 3.9-2
2026-04-20 18:05:48 status unpacked libsepol2:amd64 3.9-2
2026-04-20 18:05:48 startup packages configure
2026-04-20 18:05:48 configure libsepol2:amd64 3.9-2 <none>
2026-04-20 18:05:48 status unpacked libsepol2:amd64 3.9-2
2026-04-20 18:05:48 status half-configured libsepol2:amd64 3.9-2
2026-04-20 18:05:48 status installed libsepol2:amd64 3.9-2
2026-04-20 18:05:48 trigproc libc-bin:amd64 2.43-2ubuntu2 <none>
2026-04-20 18:05:48 status half-configured libc-bin:amd64 2.43-2ubuntu2
2026-04-20 18:05:48 status installed libc-bin:amd64 2.43-2ubuntu2
2026-04-20 18:05:48 startup archives unpack
2026-04-20 18:05:48 upgrade libsmartcols1:amd64 2.41.3-3ubuntu2 2.41.3-3ubuntu2
2026-04-20 18:05:48 status triggers-pending libc-bin:amd64 2.43-2ubuntu2
2026-04-20 18:05:48 status half-configured libsmartcols1:amd64 2.41.3-3ubuntu2
2026-04-20 18:05:48 status unpacked libsmartcols1:amd64 2.41.3-3ubuntu2
2026-04-20 18:05:48 status half-installed libsmartcols1:amd64 2.41.3-3ubuntu2
2026-04-20 18:05:48 status unpacked libsmartcols1:amd64 2.41.3-3ubuntu2
2026-04-20 18:05:48 startup packages configure
2026-04-20 18:05:48 configure libsmartcols1:amd64 2.41.3-3ubuntu2 <none>
2026-04-20 18:05:48 status unpacked libsmartcols1:amd64 2.41.3-3ubuntu2
2026-04-20 18:05:48 status half-configured libsmartcols1:amd64 2.41.3-3ubuntu2
2026-04-20 18:05:48 status installed libsmartcols1:amd64 2.41.3-3ubuntu2
2026-04-20 18:05:48 startup packages configure
2026-04-20 18:05:48 trigproc libc-bin:amd64 2.43-2ubuntu2 <none>
2026-04-20 18:05:48 status half-configured libc-bin:amd64 2.43-2ubuntu2
2026-04-20 18:05:48 status installed libc-bin:amd64 2.43-2ubuntu2
2026-04-20 18:05:48 startup archives unpack
2026-04-20 18:05:48 upgrade libss2:amd64 1.47.2-3ubuntu4 1.47.2-3ubuntu4
2026-04-20 18:05:48 status triggers-pending libc-bin:amd64 2.43-2ubuntu2
2026-04-20 18:05:48 status half-configured libss2:amd64 1.47.2-3ubuntu4
2026-04-20 18:05:48 status unpacked libss2:amd64 1.47.2-3ubuntu4
2026-04-20 18:05:48 status half-installed libss2:amd64 1.47.2-3ubuntu4
2026-04-20 18:05:48 status unpacked libss2:amd64 1.47.2-3ubuntu4
2026-04-20 18:05:48 startup packages configure
2026-04-20 18:05:48 configure libss2:amd64 1.47.2-3ubuntu4 <none>
2026-04-20 18:05:48 status unpacked libss2:amd64 1.47.2-3ubuntu4
2026-04-20 18:05:48 status half-configured libss2:amd64 1.47.2-3ubuntu4
2026-04-20 18:05:48 status installed libss2:amd64 1.47.2-3ubuntu4
2026-04-20 18:05:48 trigproc libc-bin:amd64 2.43-2ubuntu2 <none>
2026-04-20 18:05:48 status half-configured libc-bin:amd64 2.43-2ubuntu2
2026-04-20 18:05:48 status installed libc-bin:amd64 2.43-2ubuntu2
2026-04-20 18:05:49 startup archives unpack
2026-04-20 18:05:49 upgrade libssl3t64:amd64 3.5.5-1ubuntu3 3.5.5-1ubuntu3
2026-04-20 18:05:49 status triggers-pending libc-bin:amd64 2.43-2ubuntu2
2026-04-20 18:05:49 status half-configured libssl3t64:amd64 3.5.5-1ubuntu3
2026-04-20 18:05:49 status unpacked libssl3t64:amd64 3.5.5-1ubuntu3
2026-04-20 18:05:49 status half-installed libssl3t64:amd64 3.5.5-1ubuntu3
2026-04-20 18:05:49 status unpacked libssl3t64:amd64 3.5.5-1ubuntu3
2026-04-20 18:05:49 startup packages configure
2026-04-20 18:05:49 configure libssl3t64:amd64 3.5.5-1ubuntu3 <none>
2026-04-20 18:05:49 status unpacked libssl3t64:amd64 3.5.5-1ubuntu3
2026-04-20 18:05:49 status half-configured libssl3t64:amd64 3.5.5-1ubuntu3
2026-04-20 18:05:49 status installed libssl3t64:amd64 3.5.5-1ubuntu3
2026-04-20 18:05:49 startup packages configure
2026-04-20 18:05:49 trigproc libc-bin:amd64 2.43-2ubuntu2 <none>
2026-04-20 18:05:49 status half-configured libc-bin:amd64 2.43-2ubuntu2
2026-04-20 18:05:49 status installed libc-bin:amd64 2.43-2ubuntu2
2026-04-20 18:05:49 startup archives unpack
2026-04-20 18:05:49 upgrade libstdc++6:amd64 16-20260322-1ubuntu1 16-20260322-1ubuntu1
2026-04-20 18:05:49 status triggers-pending libc-bin:amd64 2.43-2ubuntu2
2026-04-20 18:05:49 status half-configured libstdc++6:amd64 16-20260322-1ubuntu1
2026-04-20 18:05:49 status unpacked libstdc++6:amd64 16-20260322-1ubuntu1
2026-04-20 18:05:49 status half-installed libstdc++6:amd64 16-20260322-1ubuntu1
2026-04-20 18:05:49 status unpacked libstdc++6:amd64 16-20260322-1ubuntu1
2026-04-20 18:05:49 startup packages configure
2026-04-20 18:05:49 configure libstdc++6:amd64 16-20260322-1ubuntu1 <none>
2026-04-20 18:05:49 status unpacked libstdc++6:amd64 16-20260322-1ubuntu1
2026-04-20 18:05:49 status half-configured libstdc++6:amd64 16-20260322-1ubuntu1
2026-04-20 18:05:49 status installed libstdc++6:amd64 16-20260322-1ubuntu1
2026-04-20 18:05:49 startup packages configure
2026-04-20 18:05:49 trigproc libc-bin:amd64 2.43-2ubuntu2 <none>
2026-04-20 18:05:49 status half-configured libc-bin:amd64 2.43-2ubuntu2
2026-04-20 18:05:49 status installed libc-bin:amd64 2.43-2ubuntu2
2026-04-20 18:05:50 startup archives unpack
2026-04-20 18:05:50 upgrade libsystemd0:amd64 259.5-0ubuntu3 259.5-0ubuntu3
2026-04-20 18:05:50 status triggers-pending libc-bin:amd64 2.43-2ubuntu2
2026-04-20 18:05:50 status half-configured libsystemd0:amd64 259.5-0ubuntu3
2026-04-20 18:05:50 status unpacked libsystemd0:amd64 259.5-0ubuntu3
2026-04-20 18:05:50 status half-installed libsystemd0:amd64 259.5-0ubuntu3
2026-04-20 18:05:50 status unpacked libsystemd0:amd64 259.5-0ubuntu3
2026-04-20 18:05:50 startup packages configure
2026-04-20 18:05:50 configure libsystemd0:amd64 259.5-0ubuntu3 <none>
2026-04-20 18:05:50 status unpacked libsystemd0:amd64 259.5-0ubuntu3
2026-04-20 18:05:50 status half-configured libsystemd0:amd64 259.5-0ubuntu3
2026-04-20 18:05:50 status installed libsystemd0:amd64 259.5-0ubuntu3
2026-04-20 18:05:50 startup packages configure
2026-04-20 18:05:50 trigproc libc-bin:amd64 2.43-2ubuntu2 <none>
2026-04-20 18:05:50 status half-configured libc-bin:amd64 2.43-2ubuntu2
2026-04-20 18:05:50 status installed libc-bin:amd64 2.43-2ubuntu2
2026-04-20 18:05:50 startup archives unpack
2026-04-20 18:05:50 upgrade libtinfo6:amd64 6.6+20251231-1 6.6+20251231-1
2026-04-20 18:05:50 status triggers-pending libc-bin:amd64 2.43-2ubuntu2
2026-04-20 18:05:50 status half-configured libtinfo6:amd64 6.6+20251231-1
2026-04-20 18:05:50 status unpacked libtinfo6:amd64 6.6+20251231-1
2026-04-20 18:05:50 status half-installed libtinfo6:amd64 6.6+20251231-1
2026-04-20 18:05:50 status unpacked libtinfo6:amd64 6.6+20251231-1
2026-04-20 18:05:50 startup packages configure
2026-04-20 18:05:50 configure libtinfo6:amd64 6.6+20251231-1 <none>
2026-04-20 18:05:50 status unpacked libtinfo6:amd64 6.6+20251231-1
2026-04-20 18:05:50 status half-configured libtinfo6:amd64 6.6+20251231-1
2026-04-20 18:05:50 status installed libtinfo6:amd64 6.6+20251231-1
2026-04-20 18:05:50 startup packages configure
2026-04-20 18:05:50 trigproc libc-bin:amd64 2.43-2ubuntu2 <none>
2026-04-20 18:05:50 status half-configured libc-bin:amd64 2.43-2ubuntu2
2026-04-20 18:05:50 status installed libc-bin:amd64 2.43-2ubuntu2
2026-04-20 18:05:50 startup archives unpack
2026-04-20 18:05:50 upgrade libudev1:amd64 259.5-0ubuntu3 259.5-0ubuntu3
2026-04-20 18:05:50 status triggers-pending libc-bin:amd64 2.43-2ubuntu2
2026-04-20 18:05:50 status half-configured libudev1:amd64 259.5-0ubuntu3
2026-04-20 18:05:50 status unpacked libudev1:amd64 259.5-0ubuntu3
2026-04-20 18:05:50 status half-installed libudev1:amd64 259.5-0ubuntu3
2026-04-20 18:05:50 status unpacked libudev1:amd64 259.5-0ubuntu3
2026-04-20 18:05:50 startup packages configure
2026-04-20 18:05:50 configure libudev1:amd64 259.5-0ubuntu3 <none>
2026-04-20 18:05:50 status unpacked libudev1:amd64 259.5-0ubuntu3
2026-04-20 18:05:50 status half-configured libudev1:amd64 259.5-0ubuntu3
2026-04-20 18:05:50 status installed libudev1:amd64 259.5-0ubuntu3
2026-04-20 18:05:50 startup packages configure
2026-04-20 18:05:50 trigproc libc-bin:amd64 2.43-2ubuntu2 <none>
2026-04-20 18:05:50 status half-configured libc-bin:amd64 2.43-2ubuntu2
2026-04-20 18:05:50 status installed libc-bin:amd64 2.43-2ubuntu2
2026-04-20 18:05:51 startup archives unpack
2026-04-20 18:05:51 upgrade libuuid1:amd64 2.41.3-3ubuntu2 2.41.3-3ubuntu2
2026-04-20 18:05:51 status triggers-pending libc-bin:amd64 2.43-2ubuntu2
2026-04-20 18:05:51 status half-configured libuuid1:amd64 2.41.3-3ubuntu2
2026-04-20 18:05:51 status unpacked libuuid1:amd64 2.41.3-3ubuntu2
2026-04-20 18:05:51 status half-installed libuuid1:amd64 2.41.3-3ubuntu2
2026-04-20 18:05:51 status unpacked libuuid1:amd64 2.41.3-3ubuntu2
2026-04-20 18:05:51 startup packages configure
2026-04-20 18:05:51 configure libuuid1:amd64 2.41.3-3ubuntu2 <none>
2026-04-20 18:05:51 status unpacked libuuid1:amd64 2.41.3-3ubuntu2
2026-04-20 18:05:51 status half-configured libuuid1:amd64 2.41.3-3ubuntu2
2026-04-20 18:05:51 status installed libuuid1:amd64 2.41.3-3ubuntu2
2026-04-20 18:05:51 startup packages configure
2026-04-20 18:05:51 trigproc libc-bin:amd64 2.43-2ubuntu2 <none>
2026-04-20 18:05:51 status half-configured libc-bin:amd64 2.43-2ubuntu2
2026-04-20 18:05:51 status installed libc-bin:amd64 2.43-2ubuntu2
2026-04-20 18:05:51 startup archives unpack
2026-04-20 18:05:51 upgrade libxxhash0:amd64 0.8.3-2build1 0.8.3-2build1
2026-04-20 18:05:51 status triggers-pending libc-bin:amd64 2.43-2ubuntu2
2026-04-20 18:05:51 status half-configured libxxhash0:amd64 0.8.3-2build1
2026-04-20 18:05:51 status unpacked libxxhash0:amd64 0.8.3-2build1
2026-04-20 18:05:51 status half-installed libxxhash0:amd64 0.8.3-2build1
2026-04-20 18:05:51 status unpacked libxxhash0:amd64 0.8.3-2build1
2026-04-20 18:05:51 startup packages configure
2026-04-20 18:05:51 configure libxxhash0:amd64 0.8.3-2build1 <none>
2026-04-20 18:05:51 status unpacked libxxhash0:amd64 0.8.3-2build1
2026-04-20 18:05:51 status half-configured libxxhash0:amd64 0.8.3-2build1
2026-04-20 18:05:51 status installed libxxhash0:amd64 0.8.3-2build1
2026-04-20 18:05:51 startup packages configure
2026-04-20 18:05:51 trigproc libc-bin:amd64 2.43-2ubuntu2 <none>
2026-04-20 18:05:51 status half-configured libc-bin:amd64 2.43-2ubuntu2
2026-04-20 18:05:51 status installed libc-bin:amd64 2.43-2ubuntu2
2026-04-20 18:05:51 startup archives unpack
2026-04-20 18:05:51 upgrade libzstd1:amd64 1.5.7+dfsg-3 1.5.7+dfsg-3
2026-04-20 18:05:51 status triggers-pending libc-bin:amd64 2.43-2ubuntu2
2026-04-20 18:05:51 status half-configured libzstd1:amd64 1.5.7+dfsg-3
2026-04-20 18:05:51 status unpacked libzstd1:amd64 1.5.7+dfsg-3
2026-04-20 18:05:51 status half-installed libzstd1:amd64 1.5.7+dfsg-3
2026-04-20 18:05:51 status unpacked libzstd1:amd64 1.5.7+dfsg-3
2026-04-20 18:05:51 startup packages configure
2026-04-20 18:05:51 configure libzstd1:amd64 1.5.7+dfsg-3 <none>
2026-04-20 18:05:51 status unpacked libzstd1:amd64 1.5.7+dfsg-3
2026-04-20 18:05:51 status half-configured libzstd1:amd64 1.5.7+dfsg-3
2026-04-20 18:05:51 status installed libzstd1:amd64 1.5.7+dfsg-3
2026-04-20 18:05:51 startup packages configure
2026-04-20 18:05:51 trigproc libc-bin:amd64 2.43-2ubuntu2 <none>
2026-04-20 18:05:51 status half-configured libc-bin:amd64 2.43-2ubuntu2
2026-04-20 18:05:51 status installed libc-bin:amd64 2.43-2ubuntu2
2026-04-20 18:05:52 startup archives unpack
2026-04-20 18:05:52 upgrade login:amd64 1:4.16.0-2+really2.41.3-3ubuntu2 1:4.16.0-2+really2.41.3-3ubuntu2
2026-04-20 18:05:52 status half-configured login:amd64 1:4.16.0-2+really2.41.3-3ubuntu2
2026-04-20 18:05:52 status unpacked login:amd64 1:4.16.0-2+really2.41.3-3ubuntu2
2026-04-20 18:05:52 status half-installed login:amd64 1:4.16.0-2+really2.41.3-3ubuntu2
2026-04-20 18:05:52 status unpacked login:amd64 1:4.16.0-2+really2.41.3-3ubuntu2
2026-04-20 18:05:52 startup packages configure
2026-04-20 18:05:52 configure login:amd64 1:4.16.0-2+really2.41.3-3ubuntu2 <none>
2026-04-20 18:05:52 status unpacked login:amd64 1:4.16.0-2+really2.41.3-3ubuntu2
2026-04-20 18:05:52 status half-configured login:amd64 1:4.16.0-2+really2.41.3-3ubuntu2
2026-04-20 18:05:52 status installed login:amd64 1:4.16.0-2+really2.41.3-3ubuntu2
2026-04-20 18:05:52 startup archives unpack
2026-04-20 18:05:52 upgrade login.defs:all 1:4.17.4-2ubuntu3 1:4.17.4-2ubuntu3
2026-04-20 18:05:52 status half-configured login.defs:all 1:4.17.4-2ubuntu3
2026-04-20 18:05:52 status unpacked login.defs:all 1:4.17.4-2ubuntu3
2026-04-20 18:05:52 status half-installed login.defs:all 1:4.17.4-2ubuntu3
2026-04-20 18:05:52 status unpacked login.defs:all 1:4.17.4-2ubuntu3
2026-04-20 18:05:52 startup packages configure
2026-04-20 18:05:52 configure login.defs:all 1:4.17.4-2ubuntu3 <none>
2026-04-20 18:05:52 status unpacked login.defs:all 1:4.17.4-2ubuntu3
2026-04-20 18:05:52 status half-configured login.defs:all 1:4.17.4-2ubuntu3
2026-04-20 18:05:52 status installed login.defs:all 1:4.17.4-2ubuntu3
2026-04-20 18:05:52 startup archives unpack
2026-04-20 18:05:52 upgrade logsave:amd64 1.47.2-3ubuntu4 1.47.2-3ubuntu4
2026-04-20 18:05:52 status half-configured logsave:amd64 1.47.2-3ubuntu4
2026-04-20 18:05:52 status unpacked logsave:amd64 1.47.2-3ubuntu4
2026-04-20 18:05:52 status half-installed logsave:amd64 1.47.2-3ubuntu4
2026-04-20 18:05:52 status unpacked logsave:amd64 1.47.2-3ubuntu4
2026-04-20 18:05:52 startup packages configure
2026-04-20 18:05:52 configure logsave:amd64 1.47.2-3ubuntu4 <none>
2026-04-20 18:05:52 status unpacked logsave:amd64 1.47.2-3ubuntu4
2026-04-20 18:05:52 status half-configured logsave:amd64 1.47.2-3ubuntu4
2026-04-20 18:05:52 status installed logsave:amd64 1.47.2-3ubuntu4
2026-04-20 18:05:53 startup archives unpack
2026-04-20 18:05:53 upgrade mawk:amd64 1.3.4.20260129-1 1.3.4.20260129-1
2026-04-20 18:05:53 status half-configured mawk:amd64 1.3.4.20260129-1
2026-04-20 18:05:53 status unpacked mawk:amd64 1.3.4.20260129-1
2026-04-20 18:05:53 status half-installed mawk:amd64 1.3.4.20260129-1
2026-04-20 18:05:53 status unpacked mawk:amd64 1.3.4.20260129-1
2026-04-20 18:05:53 startup packages configure
2026-04-20 18:05:53 configure mawk:amd64 1.3.4.20260129-1 <none>
2026-04-20 18:05:53 status unpacked mawk:amd64 1.3.4.20260129-1
2026-04-20 18:05:53 status half-configured mawk:amd64 1.3.4.20260129-1
2026-04-20 18:05:53 status installed mawk:amd64 1.3.4.20260129-1
2026-04-20 18:05:53 startup archives unpack
2026-04-20 18:05:53 upgrade mount:amd64 2.41.3-3ubuntu2 2.41.3-3ubuntu2
2026-04-20 18:05:53 status half-configured mount:amd64 2.41.3-3ubuntu2
2026-04-20 18:05:53 status unpacked mount:amd64 2.41.3-3ubuntu2
2026-04-20 18:05:53 status half-installed mount:amd64 2.41.3-3ubuntu2
2026-04-20 18:05:53 status unpacked mount:amd64 2.41.3-3ubuntu2
2026-04-20 18:05:53 startup packages configure
2026-04-20 18:05:53 configure mount:amd64 2.41.3-3ubuntu2 <none>
2026-04-20 18:05:53 status unpacked mount:amd64 2.41.3-3ubuntu2
2026-04-20 18:05:53 status half-configured mount:amd64 2.41.3-3ubuntu2
2026-04-20 18:05:53 status installed mount:amd64 2.41.3-3ubuntu2
2026-04-20 18:05:53 startup archives unpack
2026-04-20 18:05:53 upgrade ncurses-base:all 6.6+20251231-1 6.6+20251231-1
2026-04-20 18:05:53 status half-configured ncurses-base:all 6.6+20251231-1
2026-04-20 18:05:53 status unpacked ncurses-base:all 6.6+20251231-1
2026-04-20 18:05:53 status half-installed ncurses-base:all 6.6+20251231-1
2026-04-20 18:05:53 status unpacked ncurses-base:all 6.6+20251231-1
2026-04-20 18:05:53 startup packages configure
2026-04-20 18:05:53 configure ncurses-base:all 6.6+20251231-1 <none>
2026-04-20 18:05:53 status unpacked ncurses-base:all 6.6+20251231-1
2026-04-20 18:05:53 status half-configured ncurses-base:all 6.6+20251231-1
2026-04-20 18:05:53 status installed ncurses-base:all 6.6+20251231-1
2026-04-20 18:05:53 startup packages configure
2026-04-20 18:05:54 startup archives unpack
2026-04-20 18:05:54 upgrade ncurses-bin:amd64 6.6+20251231-1 6.6+20251231-1
2026-04-20 18:05:54 status half-configured ncurses-bin:amd64 6.6+20251231-1
2026-04-20 18:05:54 status unpacked ncurses-bin:amd64 6.6+20251231-1
2026-04-20 18:05:54 status half-installed ncurses-bin:amd64 6.6+20251231-1
2026-04-20 18:05:54 status unpacked ncurses-bin:amd64 6.6+20251231-1
2026-04-20 18:05:54 startup packages configure
2026-04-20 18:05:54 configure ncurses-bin:amd64 6.6+20251231-1 <none>
2026-04-20 18:05:54 status unpacked ncurses-bin:amd64 6.6+20251231-1
2026-04-20 18:05:54 status half-configured ncurses-bin:amd64 6.6+20251231-1
2026-04-20 18:05:54 status installed ncurses-bin:amd64 6.6+20251231-1
2026-04-20 18:05:54 startup packages configure
2026-04-20 18:05:54 startup archives unpack
2026-04-20 18:05:54 upgrade openssl-provider-legacy:amd64 3.5.5-1ubuntu3 3.5.5-1ubuntu3
2026-04-20 18:05:54 status half-configured openssl-provider-legacy:amd64 3.5.5-1ubuntu3
2026-04-20 18:05:54 status unpacked openssl-provider-legacy:amd64 3.5.5-1ubuntu3
2026-04-20 18:05:54 status half-installed openssl-provider-legacy:amd64 3.5.5-1ubuntu3
2026-04-20 18:05:54 status unpacked openssl-provider-legacy:amd64 3.5.5-1ubuntu3
2026-04-20 18:05:54 startup packages configure
2026-04-20 18:05:54 configure openssl-provider-legacy:amd64 3.5.5-1ubuntu3 <none>
2026-04-20 18:05:54 status unpacked openssl-provider-legacy:amd64 3.5.5-1ubuntu3
2026-04-20 18:05:54 status half-configured openssl-provider-legacy:amd64 3.5.5-1ubuntu3
2026-04-20 18:05:54 status installed openssl-provider-legacy:amd64 3.5.5-1ubuntu3
2026-04-20 18:05:54 startup packages configure
2026-04-20 18:05:54 startup archives unpack
2026-04-20 18:05:54 upgrade passwd:amd64 1:4.17.4-2ubuntu3 1:4.17.4-2ubuntu3
2026-04-20 18:05:54 status half-configured passwd:amd64 1:4.17.4-2ubuntu3
2026-04-20 18:05:54 status unpacked passwd:amd64 1:4.17.4-2ubuntu3
2026-04-20 18:05:54 status half-installed passwd:amd64 1:4.17.4-2ubuntu3
2026-04-20 18:05:54 status unpacked passwd:amd64 1:4.17.4-2ubuntu3
2026-04-20 18:05:54 startup packages configure
2026-04-20 18:05:54 configure passwd:amd64 1:4.17.4-2ubuntu3 <none>
2026-04-20 18:05:54 status unpacked passwd:amd64 1:4.17.4-2ubuntu3
2026-04-20 18:05:54 status half-configured passwd:amd64 1:4.17.4-2ubuntu3
2026-04-20 18:05:54 status installed passwd:amd64 1:4.17.4-2ubuntu3
2026-04-20 18:05:55 startup archives unpack
2026-04-20 18:05:55 upgrade perl-base:amd64 5.40.1-7build1 5.40.1-7build1
2026-04-20 18:05:55 status half-configured perl-base:amd64 5.40.1-7build1
2026-04-20 18:05:55 status unpacked perl-base:amd64 5.40.1-7build1
2026-04-20 18:05:55 status half-installed perl-base:amd64 5.40.1-7build1
2026-04-20 18:05:55 status unpacked perl-base:amd64 5.40.1-7build1
2026-04-20 18:05:55 startup packages configure
2026-04-20 18:05:55 configure perl-base:amd64 5.40.1-7build1 <none>
2026-04-20 18:05:55 status unpacked perl-base:amd64 5.40.1-7build1
2026-04-20 18:05:55 status half-configured perl-base:amd64 5.40.1-7build1
2026-04-20 18:05:55 status installed perl-base:amd64 5.40.1-7build1
2026-04-20 18:05:55 startup packages configure
2026-04-20 18:05:55 startup archives unpack
2026-04-20 18:05:55 upgrade procps:amd64 2:4.0.4-9ubuntu1 2:4.0.4-9ubuntu1
2026-04-20 18:05:55 status half-configured procps:amd64 2:4.0.4-9ubuntu1
2026-04-20 18:05:55 status unpacked procps:amd64 2:4.0.4-9ubuntu1
2026-04-20 18:05:55 status half-installed procps:amd64 2:4.0.4-9ubuntu1
2026-04-20 18:05:56 status unpacked procps:amd64 2:4.0.4-9ubuntu1
2026-04-20 18:05:56 startup packages configure
2026-04-20 18:05:56 configure procps:amd64 2:4.0.4-9ubuntu1 <none>
2026-04-20 18:05:56 status unpacked procps:amd64 2:4.0.4-9ubuntu1
2026-04-20 18:05:56 status half-configured procps:amd64 2:4.0.4-9ubuntu1
2026-04-20 18:05:56 status installed procps:amd64 2:4.0.4-9ubuntu1
2026-04-20 18:05:56 startup archives unpack
2026-04-20 18:05:56 upgrade rust-coreutils:amd64 0.8.0-0ubuntu3 0.8.0-0ubuntu3
2026-04-20 18:05:56 status half-configured rust-coreutils:amd64 0.8.0-0ubuntu3
2026-04-20 18:05:56 status unpacked rust-coreutils:amd64 0.8.0-0ubuntu3
2026-04-20 18:05:56 status half-installed rust-coreutils:amd64 0.8.0-0ubuntu3
2026-04-20 18:05:57 status unpacked rust-coreutils:amd64 0.8.0-0ubuntu3
2026-04-20 18:05:57 startup packages configure
2026-04-20 18:05:57 configure rust-coreutils:amd64 0.8.0-0ubuntu3 <none>
2026-04-20 18:05:57 status unpacked rust-coreutils:amd64 0.8.0-0ubuntu3
2026-04-20 18:05:57 status half-configured rust-coreutils:amd64 0.8.0-0ubuntu3
2026-04-20 18:05:57 status installed rust-coreutils:amd64 0.8.0-0ubuntu3
2026-04-20 18:05:57 startup packages configure
2026-04-20 18:05:57 startup archives unpack
2026-04-20 18:05:57 upgrade sed:amd64 4.9-2build3 4.9-2build3
2026-04-20 18:05:57 status half-configured sed:amd64 4.9-2build3
2026-04-20 18:05:57 status unpacked sed:amd64 4.9-2build3
2026-04-20 18:05:57 status half-installed sed:amd64 4.9-2build3
2026-04-20 18:05:57 status unpacked sed:amd64 4.9-2build3
2026-04-20 18:05:57 startup packages configure
2026-04-20 18:05:57 configure sed:amd64 4.9-2build3 <none>
2026-04-20 18:05:57 status unpacked sed:amd64 4.9-2build3
2026-04-20 18:05:57 status half-configured sed:amd64 4.9-2build3
2026-04-20 18:05:57 status installed sed:amd64 4.9-2build3
2026-04-20 18:05:57 startup packages configure
2026-04-20 18:05:57 startup archives unpack
2026-04-20 18:05:57 upgrade sensible-utils:all 0.0.26build1 0.0.26build1
2026-04-20 18:05:57 status half-configured sensible-utils:all 0.0.26build1
2026-04-20 18:05:57 status unpacked sensible-utils:all 0.0.26build1
2026-04-20 18:05:57 status half-installed sensible-utils:all 0.0.26build1
2026-04-20 18:05:57 status unpacked sensible-utils:all 0.0.26build1
2026-04-20 18:05:57 startup packages configure
2026-04-20 18:05:57 configure sensible-utils:all 0.0.26build1 <none>
2026-04-20 18:05:57 status unpacked sensible-utils:all 0.0.26build1
2026-04-20 18:05:57 status half-configured sensible-utils:all 0.0.26build1
2026-04-20 18:05:57 status installed sensible-utils:all 0.0.26build1
2026-04-20 18:05:58 startup archives unpack
2026-04-20 18:05:58 upgrade sysvinit-utils:amd64 3.15-5ubuntu1 3.15-5ubuntu1
2026-04-20 18:05:58 status half-configured sysvinit-utils:amd64 3.15-5ubuntu1
2026-04-20 18:05:58 status unpacked sysvinit-utils:amd64 3.15-5ubuntu1
2026-04-20 18:05:58 status half-installed sysvinit-utils:amd64 3.15-5ubuntu1
2026-04-20 18:05:58 status unpacked sysvinit-utils:amd64 3.15-5ubuntu1
2026-04-20 18:05:58 startup packages configure
2026-04-20 18:05:58 configure sysvinit-utils:amd64 3.15-5ubuntu1 <none>
2026-04-20 18:05:58 status unpacked sysvinit-utils:amd64 3.15-5ubuntu1
2026-04-20 18:05:58 status half-configured sysvinit-utils:amd64 3.15-5ubuntu1
2026-04-20 18:05:58 status installed sysvinit-utils:amd64 3.15-5ubuntu1
2026-04-20 18:05:58 startup packages configure
2026-04-20 18:05:58 startup archives unpack
2026-04-20 18:05:58 upgrade tar:amd64 1.35+dfsg-4 1.35+dfsg-4
2026-04-20 18:05:58 status half-configured tar:amd64 1.35+dfsg-4
2026-04-20 18:05:58 status unpacked tar:amd64 1.35+dfsg-4
2026-04-20 18:05:58 status half-installed tar:amd64 1.35+dfsg-4
2026-04-20 18:05:58 status unpacked tar:amd64 1.35+dfsg-4
2026-04-20 18:05:58 startup packages configure
2026-04-20 18:05:58 configure tar:amd64 1.35+dfsg-4 <none>
2026-04-20 18:05:58 status unpacked tar:amd64 1.35+dfsg-4
2026-04-20 18:05:58 status half-configured tar:amd64 1.35+dfsg-4
2026-04-20 18:05:58 status installed tar:amd64 1.35+dfsg-4
2026-04-20 18:05:58 startup packages configure
2026-04-20 18:05:58 startup archives unpack
2026-04-20 18:05:58 upgrade ubuntu-keyring:all 2023.11.28.1build1 2023.11.28.1build1
2026-04-20 18:05:58 status half-configured ubuntu-keyring:all 2023.11.28.1build1
2026-04-20 18:05:58 status unpacked ubuntu-keyring:all 2023.11.28.1build1
2026-04-20 18:05:58 status half-installed ubuntu-keyring:all 2023.11.28.1build1
2026-04-20 18:05:58 status unpacked ubuntu-keyring:all 2023.11.28.1build1
2026-04-20 18:05:58 startup packages configure
2026-04-20 18:05:58 configure ubuntu-keyring:all 2023.11.28.1build1 <none>
2026-04-20 18:05:58 status unpacked ubuntu-keyring:all 2023.11.28.1build1
2026-04-20 18:05:58 status half-configured ubuntu-keyring:all 2023.11.28.1build1
2026-04-20 18:05:58 status installed ubuntu-keyring:all 2023.11.28.1build1
2026-04-20 18:05:58 startup packages configure
2026-04-20 18:05:59 startup archives unpack
2026-04-20 18:05:59 upgrade util-linux:amd64 2.41.3-3ubuntu2 2.41.3-3ubuntu2
2026-04-20 18:05:59 status half-configured util-linux:amd64 2.41.3-3ubuntu2
2026-04-20 18:05:59 status unpacked util-linux:amd64 2.41.3-3ubuntu2
2026-04-20 18:05:59 status half-installed util-linux:amd64 2.41.3-3ubuntu2
2026-04-20 18:05:59 status unpacked util-linux:amd64 2.41.3-3ubuntu2
2026-04-20 18:05:59 startup packages configure
2026-04-20 18:05:59 configure util-linux:amd64 2.41.3-3ubuntu2 <none>
2026-04-20 18:05:59 status unpacked util-linux:amd64 2.41.3-3ubuntu2
2026-04-20 18:05:59 status half-configured util-linux:amd64 2.41.3-3ubuntu2
2026-04-20 18:05:59 status installed util-linux:amd64 2.41.3-3ubuntu2
2026-04-20 18:05:59 startup packages configure
2026-04-20 18:05:59 startup archives unpack
2026-04-20 18:05:59 upgrade zlib1g:amd64 1:1.3.dfsg+really1.3.1-1ubuntu3 1:1.3.dfsg+really1.3.1-1ubuntu3
2026-04-20 18:05:59 status triggers-pending libc-bin:amd64 2.43-2ubuntu2
2026-04-20 18:05:59 status half-configured zlib1g:amd64 1:1.3.dfsg+really1.3.1-1ubuntu3
2026-04-20 18:05:59 status unpacked zlib1g:amd64 1:1.3.dfsg+really1.3.1-1ubuntu3
2026-04-20 18:05:59 status half-installed zlib1g:amd64 1:1.3.dfsg+really1.3.1-1ubuntu3
2026-04-20 18:05:59 status unpacked zlib1g:amd64 1:1.3.dfsg+really1.3.1-1ubuntu3
2026-04-20 18:05:59 startup packages configure
2026-04-20 18:05:59 configure zlib1g:amd64 1:1.3.dfsg+really1.3.1-1ubuntu3 <none>
2026-04-20 18:05:59 status unpacked zlib1g:amd64 1:1.3.dfsg+really1.3.1-1ubuntu3
2026-04-20 18:05:59 status half-configured zlib1g:amd64 1:1.3.dfsg+really1.3.1-1ubuntu3
2026-04-20 18:05:59 status installed zlib1g:amd64 1:1.3.dfsg+really1.3.1-1ubuntu3
2026-04-20 18:05:59 startup packages configure
2026-04-20 18:05:59 trigproc libc-bin:amd64 2.43-2ubuntu2 <none>
2026-04-20 18:05:59 status half-configured libc-bin:amd64 2.43-2ubuntu2
2026-04-20 18:05:59 status installed libc-bin:amd64 2.43-2ubuntu2
2026-08-31 17:23:31 startup archives unpack
2026-08-31 17:23:31 upgrade libc-gconv-modules-extra:amd64 2.43-2ubuntu2 2.43-2ubuntu2.3
2026-08-31 17:23:31 status half-configured libc-gconv-modules-extra:amd64 2.43-2ubuntu2
2026-08-31 17:23:31 status unpacked libc-gconv-modules-extra:amd64 2.43-2ubuntu2
2026-08-31 17:23:31 status half-installed libc-gconv-modules-extra:amd64 2.43-2ubuntu2
2026-08-31 17:23:31 status unpacked libc-gconv-modules-extra:amd64 2.43-2ubuntu2.3
2026-08-31 17:23:31 startup packages configure
2026-08-31 17:23:31 configure libc-gconv-modules-extra:amd64 2.43-2ubuntu2.3 <none>
2026-08-31 17:23:31 status unpacked libc-gconv-modules-extra:amd64 2.43-2ubuntu2.3
2026-08-31 17:23:31 status half-configured libc-gconv-modules-extra:amd64 2.43-2ubuntu2.3
2026-08-31 17:23:31 status installed libc-gconv-modules-extra:amd64 2.43-2ubuntu2.3
2026-08-31 17:23:31 startup archives unpack
2026-08-31 17:23:31 upgrade libc6:amd64 2.43-2ubuntu2 2.43-2ubuntu2.3
2026-08-31 17:23:31 status triggers-pending libc-bin:amd64 2.43-2ubuntu2
2026-08-31 17:23:31 status half-configured libc6:amd64 2.43-2ubuntu2
2026-08-31 17:23:31 status unpacked libc6:amd64 2.43-2ubuntu2
2026-08-31 17:23:31 status half-installed libc6:amd64 2.43-2ubuntu2
2026-08-31 17:23:31 status unpacked libc6:amd64 2.43-2ubuntu2.3
2026-08-31 17:23:31 startup packages configure
2026-08-31 17:23:31 configure libc6:amd64 2.43-2ubuntu2.3 <none>
2026-08-31 17:23:31 status unpacked libc6:amd64 2.43-2ubuntu2.3
2026-08-31 17:23:31 status half-configured libc6:amd64 2.43-2ubuntu2.3
2026-08-31 17:23:31 status installed libc6:amd64 2.43-2ubuntu2.3
2026-08-31 17:23:31 startup archives unpack
2026-08-31 17:23:31 upgrade libblkid1:amd64 2.41.3-3ubuntu2 2.41.3-3ubuntu2.2
2026-08-31 17:23:31 status half-configured libblkid1:amd64 2.41.3-3ubuntu2
2026-08-31 17:23:31 status unpacked libblkid1:amd64 2.41.3-3ubuntu2
2026-08-31 17:23:31 status half-installed libblkid1:amd64 2.41.3-3ubuntu2
2026-08-31 17:23:31 status unpacked libblkid1:amd64 2.41.3-3ubuntu2.2
2026-08-31 17:23:31 startup packages configure
2026-08-31 17:23:31 configure libblkid1:amd64 2.41.3-3ubuntu2.2 <none>
2026-08-31 17:23:31 status unpacked libblkid1:amd64 2.41.3-3ubuntu2.2
2026-08-31 17:23:31 status half-configured libblkid1:amd64 2.41.3-3ubuntu2.2
2026-08-31 17:23:31 status installed libblkid1:amd64 2.41.3-3ubuntu2.2
2026-08-31 17:23:31 startup archives unpack
2026-08-31 17:23:31 upgrade libmount1:amd64 2.41.3-3ubuntu2 2.41.3-3ubuntu2.2
2026-08-31 17:23:31 status half-configured libmount1:amd64 2.41.3-3ubuntu2
2026-08-31 17:23:31 status unpacked libmount1:amd64 2.41.3-3ubuntu2
2026-08-31 17:23:31 status half-installed libmount1:amd64 2.41.3-3ubuntu2
2026-08-31 17:23:31 status unpacked libmount1:amd64 2.41.3-3ubuntu2.2
2026-08-31 17:23:31 startup packages configure
2026-08-31 17:23:31 configure libmount1:amd64 2.41.3-3ubuntu2.2 <none>
2026-08-31 17:23:31 status unpacked libmount1:amd64 2.41.3-3ubuntu2.2
2026-08-31 17:23:31 status half-configured libmount1:amd64 2.41.3-3ubuntu2.2
2026-08-31 17:23:31 status installed libmount1:amd64 2.41.3-3ubuntu2.2
2026-08-31 17:23:31 startup archives unpack
2026-08-31 17:23:31 upgrade libsmartcols1:amd64 2.41.3-3ubuntu2 2.41.3-3ubuntu2.2
2026-08-31 17:23:31 status half-configured libsmartcols1:amd64 2.41.3-3ubuntu2
2026-08-31 17:23:31 status unpacked libsmartcols1:amd64 2.41.3-3ubuntu2
2026-08-31 17:23:31 status half-installed libsmartcols1:amd64 2.41.3-3ubuntu2
2026-08-31 17:23:31 status unpacked libsmartcols1:amd64 2.41.3-3ubuntu2.2
2026-08-31 17:23:31 startup packages configure
2026-08-31 17:23:31 configure libsmartcols1:amd64 2.41.3-3ubuntu2.2 <none>
2026-08-31 17:23:31 status unpacked libsmartcols1:amd64 2.41.3-3ubuntu2.2
2026-08-31 17:23:31 status half-configured libsmartcols1:amd64 2.41.3-3ubuntu2.2
2026-08-31 17:23:31 status installed libsmartcols1:amd64 2.41.3-3ubuntu2.2
2026-08-31 17:23:31 startup archives unpack
2026-08-31 17:23:31 upgrade mount:amd64 2.41.3-3ubuntu2 2.41.3-3ubuntu2.2
2026-08-31 17:23:31 status half-configured mount:amd64 2.41.3-3ubuntu2
2026-08-31 17:23:31 status unpacked mount:amd64 2.41.3-3ubuntu2
2026-08-31 17:23:31 status half-installed mount:amd64 2.41.3-3ubuntu2
2026-08-31 17:23:31 status unpacked mount:amd64 2.41.3-3ubuntu2.2
2026-08-31 17:23:31 upgrade libuuid1:amd64 2.41.3-3ubuntu2 2.41.3-3ubuntu2.2
2026-08-31 17:23:31 status half-configured libuuid1:amd64 2.41.3-3ubuntu2
2026-08-31 17:23:31 status unpacked libuuid1:amd64 2.41.3-3ubuntu2
2026-08-31 17:23:31 status half-installed libuuid1:amd64 2.41.3-3ubuntu2
2026-08-31 17:23:31 status unpacked libuuid1:amd64 2.41.3-3ubuntu2.2
2026-08-31 17:23:31 startup packages configure
2026-08-31 17:23:31 configure libuuid1:amd64 2.41.3-3ubuntu2.2 <none>
2026-08-31 17:23:31 status unpacked libuuid1:amd64 2.41.3-3ubuntu2.2
2026-08-31 17:23:31 status half-configured libuuid1:amd64 2.41.3-3ubuntu2.2
2026-08-31 17:23:31 status installed libuuid1:amd64 2.41.3-3ubuntu2.2
2026-08-31 17:23:31 startup archives unpack
2026-08-31 17:23:31 upgrade util-linux:amd64 2.41.3-3ubuntu2 2.41.3-3ubuntu2.2
2026-08-31 17:23:31 status half-configured util-linux:amd64 2.41.3-3ubuntu2
2026-08-31 17:23:31 status unpacked util-linux:amd64 2.41.3-3ubuntu2
2026-08-31 17:23:31 status half-installed util-linux:amd64 2.41.3-3ubuntu2
2026-08-31 17:23:31 status unpacked util-linux:amd64 2.41.3-3ubuntu2.2
2026-08-31 17:23:31 startup packages configure
2026-08-31 17:23:31 configure util-linux:amd64 2.41.3-3ubuntu2.2 <none>
2026-08-31 17:23:31 status unpacked util-linux:amd64 2.41.3-3ubuntu2.2
2026-08-31 17:23:31 status half-configured util-linux:amd64 2.41.3-3ubuntu2.2
2026-08-31 17:23:32 status installed util-linux:amd64 2.41.3-3ubuntu2.2
2026-08-31 17:23:32 startup archives unpack
2026-08-31 17:23:32 upgrade libc-bin:amd64 2.43-2ubuntu2 2.43-2ubuntu2.3
2026-08-31 17:23:32 status half-configured libc-bin:amd64 2.43-2ubuntu2
2026-08-31 17:23:32 status unpacked libc-bin:amd64 2.43-2ubuntu2
2026-08-31 17:23:32 status half-installed libc-bin:amd64 2.43-2ubuntu2
2026-08-31 17:23:32 status unpacked libc-bin:amd64 2.43-2ubuntu2.3
2026-08-31 17:23:32 startup packages configure
2026-08-31 17:23:32 configure libc-bin:amd64 2.43-2ubuntu2.3 <none>
2026-08-31 17:23:32 status unpacked libc-bin:amd64 2.43-2ubuntu2.3
2026-08-31 17:23:32 status half-configured libc-bin:amd64 2.43-2ubuntu2.3
2026-08-31 17:23:32 status installed libc-bin:amd64 2.43-2ubuntu2.3
2026-08-31 17:23:32 startup archives unpack
2026-08-31 17:23:32 upgrade login:amd64 1:4.16.0-2+really2.41.3-3ubuntu2 1:4.16.0-2+really2.41.3-3ubuntu2.2
2026-08-31 17:23:32 status half-configured login:amd64 1:4.16.0-2+really2.41.3-3ubuntu2
2026-08-31 17:23:32 status unpacked login:amd64 1:4.16.0-2+really2.41.3-3ubuntu2
2026-08-31 17:23:32 status half-installed login:amd64 1:4.16.0-2+really2.41.3-3ubuntu2
2026-08-31 17:23:32 status unpacked login:amd64 1:4.16.0-2+really2.41.3-3ubuntu2.2
2026-08-31 17:23:32 upgrade zlib1g:amd64 1:1.3.dfsg+really1.3.1-1ubuntu3 1:1.3.dfsg+really1.3.1-1ubuntu3.1
2026-08-31 17:23:32 status triggers-pending libc-bin:amd64 2.43-2ubuntu2.3
2026-08-31 17:23:32 status half-configured zlib1g:amd64 1:1.3.dfsg+really1.3.1-1ubuntu3
2026-08-31 17:23:32 status unpacked zlib1g:amd64 1:1.3.dfsg+really1.3.1-1ubuntu3
2026-08-31 17:23:32 status half-installed zlib1g:amd64 1:1.3.dfsg+really1.3.1-1ubuntu3
2026-08-31 17:23:32 status unpacked zlib1g:amd64 1:1.3.dfsg+really1.3.1-1ubuntu3.1
2026-08-31 17:23:32 startup packages configure
2026-08-31 17:23:32 configure zlib1g:amd64 1:1.3.dfsg+really1.3.1-1ubuntu3.1 <none>
2026-08-31 17:23:32 status unpacked zlib1g:amd64 1:1.3.dfsg+really1.3.1-1ubuntu3.1
2026-08-31 17:23:32 status half-configured zlib1g:amd64 1:1.3.dfsg+really1.3.1-1ubuntu3.1
2026-08-31 17:23:32 status installed zlib1g:amd64 1:1.3.dfsg+really1.3.1-1ubuntu3.1
2026-08-31 17:23:32 startup archives unpack
2026-08-31 17:23:32 install libelf1t64:amd64 <none> 0.194-4
2026-08-31 17:23:32 status half-installed libelf1t64:amd64 0.194-4
2026-08-31 17:23:32 status unpacked libelf1t64:amd64 0.194-4
2026-08-31 17:23:32 install libbpf1:amd64 <none> 1:1.6.3-1ubuntu1
2026-08-31 17:23:32 status half-installed libbpf1:amd64 1:1.6.3-1ubuntu1
2026-08-31 17:23:32 status unpacked libbpf1:amd64 1:1.6.3-1ubuntu1
2026-08-31 17:23:32 install libcap2:amd64 <none> 1:2.75-10ubuntu2
2026-08-31 17:23:32 status half-installed libcap2:amd64 1:2.75-10ubuntu2
2026-08-31 17:23:32 status unpacked libcap2:amd64 1:2.75-10ubuntu2
2026-08-31 17:23:32 install libmnl0:amd64 <none> 1.0.5-3build1
2026-08-31 17:23:32 status half-installed libmnl0:amd64 1.0.5-3build1
2026-08-31 17:23:32 status unpacked libmnl0:amd64 1.0.5-3build1
2026-08-31 17:23:32 install libkrb5support0:amd64 <none> 1.22.1-2ubuntu4.1
2026-08-31 17:23:32 status half-installed libkrb5support0:amd64 1.22.1-2ubuntu4.1
2026-08-31 17:23:32 status unpacked libkrb5support0:amd64 1.22.1-2ubuntu4.1
2026-08-31 17:23:32 install libk5crypto3:amd64 <none> 1.22.1-2ubuntu4.1
2026-08-31 17:23:32 status half-installed libk5crypto3:amd64 1.22.1-2ubuntu4.1
2026-08-31 17:23:32 status unpacked libk5crypto3:amd64 1.22.1-2ubuntu4.1
2026-08-31 17:23:32 install libkeyutils1:amd64 <none> 1.6.3-6ubuntu3
2026-08-31 17:23:32 status half-installed libkeyutils1:amd64 1.6.3-6ubuntu3
2026-08-31 17:23:32 status unpacked libkeyutils1:amd64 1.6.3-6ubuntu3
2026-08-31 17:23:32 upgrade openssl-provider-legacy:amd64 3.5.5-1ubuntu3 3.5.5-1ubuntu3.5
2026-08-31 17:23:32 status half-configured openssl-provider-legacy:amd64 3.5.5-1ubuntu3
2026-08-31 17:23:32 status unpacked openssl-provider-legacy:amd64 3.5.5-1ubuntu3
2026-08-31 17:23:32 status half-installed openssl-provider-legacy:amd64 3.5.5-1ubuntu3
2026-08-31 17:23:32 status unpacked openssl-provider-legacy:amd64 3.5.5-1ubuntu3.5
2026-08-31 17:23:32 startup packages configure
2026-08-31 17:23:32 configure openssl-provider-legacy:amd64 3.5.5-1ubuntu3.5 <none>
2026-08-31 17:23:32 status unpacked openssl-provider-legacy:amd64 3.5.5-1ubuntu3.5
2026-08-31 17:23:32 status half-configured openssl-provider-legacy:amd64 3.5.5-1ubuntu3.5
2026-08-31 17:23:32 status installed openssl-provider-legacy:amd64 3.5.5-1ubuntu3.5
2026-08-31 17:23:32 startup archives unpack
2026-08-31 17:23:32 upgrade libssl3t64:amd64 3.5.5-1ubuntu3 3.5.5-1ubuntu3.5
2026-08-31 17:23:32 status half-configured libssl3t64:amd64 3.5.5-1ubuntu3
2026-08-31 17:23:32 status unpacked libssl3t64:amd64 3.5.5-1ubuntu3
2026-08-31 17:23:32 status half-installed libssl3t64:amd64 3.5.5-1ubuntu3
2026-08-31 17:23:32 status unpacked libssl3t64:amd64 3.5.5-1ubuntu3.5
2026-08-31 17:23:32 startup packages configure
2026-08-31 17:23:32 configure libssl3t64:amd64 3.5.5-1ubuntu3.5 <none>
2026-08-31 17:23:32 status unpacked libssl3t64:amd64 3.5.5-1ubuntu3.5
2026-08-31 17:23:32 status half-configured libssl3t64:amd64 3.5.5-1ubuntu3.5
2026-08-31 17:23:32 status installed libssl3t64:amd64 3.5.5-1ubuntu3.5
2026-08-31 17:23:32 startup archives unpack
2026-08-31 17:23:32 install libkrb5-3:amd64 <none> 1.22.1-2ubuntu4.1
2026-08-31 17:23:32 status half-installed libkrb5-3:amd64 1.22.1-2ubuntu4.1
2026-08-31 17:23:32 status unpacked libkrb5-3:amd64 1.22.1-2ubuntu4.1
2026-08-31 17:23:32 install libgssapi-krb5-2:amd64 <none> 1.22.1-2ubuntu4.1
2026-08-31 17:23:32 status half-installed libgssapi-krb5-2:amd64 1.22.1-2ubuntu4.1
2026-08-31 17:23:32 status unpacked libgssapi-krb5-2:amd64 1.22.1-2ubuntu4.1
2026-08-31 17:23:32 install libtirpc-common:all <none> 1.3.7-0.1
2026-08-31 17:23:32 status half-installed libtirpc-common:all 1.3.7-0.1
2026-08-31 17:23:32 status unpacked libtirpc-common:all 1.3.7-0.1
2026-08-31 17:23:32 install libtirpc3t64:amd64 <none> 1.3.7-0.1
2026-08-31 17:23:32 status half-installed libtirpc3t64:amd64 1.3.7-0.1
2026-08-31 17:23:32 status unpacked libtirpc3t64:amd64 1.3.7-0.1
2026-08-31 17:23:32 install libxtables12:amd64 <none> 1.8.11-2ubuntu3
2026-08-31 17:23:32 status half-installed libxtables12:amd64 1.8.11-2ubuntu3
2026-08-31 17:23:32 status unpacked libxtables12:amd64 1.8.11-2ubuntu3
2026-08-31 17:23:32 install libcap2-bin:amd64 <none> 1:2.75-10ubuntu2
2026-08-31 17:23:32 status half-installed libcap2-bin:amd64 1:2.75-10ubuntu2
2026-08-31 17:23:32 status unpacked libcap2-bin:amd64 1:2.75-10ubuntu2
2026-08-31 17:23:32 install iproute2:amd64 <none> 6.19.0-1ubuntu1.1
2026-08-31 17:23:32 status half-installed iproute2:amd64 6.19.0-1ubuntu1.1
2026-08-31 17:23:32 status unpacked iproute2:amd64 6.19.0-1ubuntu1.1
2026-08-31 17:23:32 install tzdata:all <none> 2026c-0ubuntu0.26.04.1
2026-08-31 17:23:32 status half-installed tzdata:all 2026c-0ubuntu0.26.04.1
2026-08-31 17:23:32 status unpacked tzdata:all 2026c-0ubuntu0.26.04.1
2026-08-31 17:23:32 install libtext-charwidth-perl:amd64 <none> 0.04-11build4
2026-08-31 17:23:32 status half-installed libtext-charwidth-perl:amd64 0.04-11build4
2026-08-31 17:23:32 status unpacked libtext-charwidth-perl:amd64 0.04-11build4
2026-08-31 17:23:32 install libtext-wrapi18n-perl:all <none> 0.06-10
2026-08-31 17:23:32 status half-installed libtext-wrapi18n-perl:all 0.06-10
2026-08-31 17:23:32 status unpacked libtext-wrapi18n-perl:all 0.06-10
2026-08-31 17:23:32 install ucf:all <none> 3.0052ubuntu1
2026-08-31 17:23:32 status half-installed ucf:all 3.0052ubuntu1
2026-08-31 17:23:32 status unpacked ucf:all 3.0052ubuntu1
2026-08-31 17:23:32 install libsystemd-shared:amd64 <none> 259.5-0ubuntu3.4
2026-08-31 17:23:32 status half-installed libsystemd-shared:amd64 259.5-0ubuntu3.4
2026-08-31 17:23:32 status unpacked libsystemd-shared:amd64 259.5-0ubuntu3.4
2026-08-31 17:23:32 upgrade libsystemd0:amd64 259.5-0ubuntu3 259.5-0ubuntu3.4
2026-08-31 17:23:32 status half-configured libsystemd0:amd64 259.5-0ubuntu3
2026-08-31 17:23:32 status unpacked libsystemd0:amd64 259.5-0ubuntu3
2026-08-31 17:23:32 status half-installed libsystemd0:amd64 259.5-0ubuntu3
2026-08-31 17:23:32 status unpacked libsystemd0:amd64 259.5-0ubuntu3.4
2026-08-31 17:23:32 startup packages configure
2026-08-31 17:23:32 configure libsystemd0:amd64 259.5-0ubuntu3.4 <none>
2026-08-31 17:23:32 status unpacked libsystemd0:amd64 259.5-0ubuntu3.4
2026-08-31 17:23:32 status half-configured libsystemd0:amd64 259.5-0ubuntu3.4
2026-08-31 17:23:32 status installed libsystemd0:amd64 259.5-0ubuntu3.4
2026-08-31 17:23:32 configure libsystemd-shared:amd64 259.5-0ubuntu3.4 <none>
2026-08-31 17:23:32 status unpacked libsystemd-shared:amd64 259.5-0ubuntu3.4
2026-08-31 17:23:32 status half-configured libsystemd-shared:amd64 259.5-0ubuntu3.4
2026-08-31 17:23:32 status installed libsystemd-shared:amd64 259.5-0ubuntu3.4
2026-08-31 17:23:32 startup archives unpack
2026-08-31 17:23:32 install systemd:amd64 <none> 259.5-0ubuntu3.4
2026-08-31 17:23:32 status half-installed systemd:amd64 259.5-0ubuntu3.4
2026-08-31 17:23:32 status triggers-pending procps:amd64 2:4.0.4-9ubuntu1
2026-08-31 17:23:32 status unpacked systemd:amd64 259.5-0ubuntu3.4
2026-08-31 17:23:32 install libedit2:amd64 <none> 3.1-20251016-1
2026-08-31 17:23:32 status half-installed libedit2:amd64 3.1-20251016-1
2026-08-31 17:23:32 status unpacked libedit2:amd64 3.1-20251016-1
2026-08-31 17:23:32 install libnettle8t64:amd64 <none> 3.10.2-1
2026-08-31 17:23:32 status half-installed libnettle8t64:amd64 3.10.2-1
2026-08-31 17:23:32 status unpacked libnettle8t64:amd64 3.10.2-1
2026-08-31 17:23:32 install libhogweed6t64:amd64 <none> 3.10.2-1
2026-08-31 17:23:32 status half-installed libhogweed6t64:amd64 3.10.2-1
2026-08-31 17:23:32 status unpacked libhogweed6t64:amd64 3.10.2-1
2026-08-31 17:23:32 install libunistring5:amd64 <none> 1.3-2build1
2026-08-31 17:23:32 status half-installed libunistring5:amd64 1.3-2build1
2026-08-31 17:23:32 status unpacked libunistring5:amd64 1.3-2build1
2026-08-31 17:23:33 install libidn2-0:amd64 <none> 2.3.8-4build1
2026-08-31 17:23:33 status half-installed libidn2-0:amd64 2.3.8-4build1
2026-08-31 17:23:33 status unpacked libidn2-0:amd64 2.3.8-4build1
2026-08-31 17:23:33 install libffi8:amd64 <none> 3.5.2-4
2026-08-31 17:23:33 status half-installed libffi8:amd64 3.5.2-4
2026-08-31 17:23:33 status unpacked libffi8:amd64 3.5.2-4
2026-08-31 17:23:33 install libp11-kit0:amd64 <none> 0.26.2-2
2026-08-31 17:23:33 status half-installed libp11-kit0:amd64 0.26.2-2
2026-08-31 17:23:33 status unpacked libp11-kit0:amd64 0.26.2-2
2026-08-31 17:23:33 install libtasn1-6:amd64 <none> 4.21.0-2
2026-08-31 17:23:33 status half-installed libtasn1-6:amd64 4.21.0-2
2026-08-31 17:23:33 status unpacked libtasn1-6:amd64 4.21.0-2
2026-08-31 17:23:33 install libgnutls30t64:amd64 <none> 3.8.12-2ubuntu1.1
2026-08-31 17:23:33 status half-installed libgnutls30t64:amd64 3.8.12-2ubuntu1.1
2026-08-31 17:23:33 status unpacked libgnutls30t64:amd64 3.8.12-2ubuntu1.1
2026-08-31 17:23:33 install chrony:amd64 <none> 4.8-2ubuntu1
2026-08-31 17:23:33 status half-installed chrony:amd64 4.8-2ubuntu1
2026-08-31 17:23:33 status unpacked chrony:amd64 4.8-2ubuntu1
2026-08-31 17:23:33 install kbd:amd64 <none> 2.7.1-2ubuntu2
2026-08-31 17:23:33 status half-installed kbd:amd64 2.7.1-2ubuntu2
2026-08-31 17:23:33 status unpacked kbd:amd64 2.7.1-2ubuntu2
2026-08-31 17:23:33 install liblocale-gettext-perl:amd64 <none> 1.07-8
2026-08-31 17:23:33 status half-installed liblocale-gettext-perl:amd64 1.07-8
2026-08-31 17:23:33 status unpacked liblocale-gettext-perl:amd64 1.07-8
2026-08-31 17:23:33 install xkb-data:all <none> 2.46-2
2026-08-31 17:23:33 status half-installed xkb-data:all 2.46-2
2026-08-31 17:23:33 status unpacked xkb-data:all 2.46-2
2026-08-31 17:23:33 install keyboard-configuration:all <none> 1.237ubuntu3.1
2026-08-31 17:23:33 status half-installed keyboard-configuration:all 1.237ubuntu3.1
2026-08-31 17:23:33 status unpacked keyboard-configuration:all 1.237ubuntu3.1
2026-08-31 17:23:33 install console-setup-linux:all <none> 1.237ubuntu3.1
2026-08-31 17:23:33 status half-installed console-setup-linux:all 1.237ubuntu3.1
2026-08-31 17:23:33 status unpacked console-setup-linux:all 1.237ubuntu3.1
2026-08-31 17:23:33 install console-setup:all <none> 1.237ubuntu3.1
2026-08-31 17:23:33 status half-installed console-setup:all 1.237ubuntu3.1
2026-08-31 17:23:33 status unpacked console-setup:all 1.237ubuntu3.1
2026-08-31 17:23:33 startup packages configure
2026-08-31 17:23:33 configure mount:amd64 2.41.3-3ubuntu2.2 <none>
2026-08-31 17:23:33 status unpacked mount:amd64 2.41.3-3ubuntu2.2
2026-08-31 17:23:33 status half-configured mount:amd64 2.41.3-3ubuntu2.2
2026-08-31 17:23:33 status installed mount:amd64 2.41.3-3ubuntu2.2
2026-08-31 17:23:33 configure systemd:amd64 259.5-0ubuntu3.4 <none>
2026-08-31 17:23:33 status unpacked systemd:amd64 259.5-0ubuntu3.4
2026-08-31 17:23:33 status half-configured systemd:amd64 259.5-0ubuntu3.4
2026-08-31 17:23:33 status installed systemd:amd64 259.5-0ubuntu3.4
2026-08-31 17:23:33 startup archives unpack
2026-08-31 17:23:33 install systemd-sysv:amd64 <none> 259.5-0ubuntu3.4
2026-08-31 17:23:33 status half-installed systemd-sysv:amd64 259.5-0ubuntu3.4
2026-08-31 17:23:33 status unpacked systemd-sysv:amd64 259.5-0ubuntu3.4
2026-08-31 17:23:33 startup packages configure
2026-08-31 17:23:33 configure systemd-sysv:amd64 259.5-0ubuntu3.4 <none>
2026-08-31 17:23:33 status unpacked systemd-sysv:amd64 259.5-0ubuntu3.4
2026-08-31 17:23:33 status half-configured systemd-sysv:amd64 259.5-0ubuntu3.4
2026-08-31 17:23:33 status installed systemd-sysv:amd64 259.5-0ubuntu3.4
2026-08-31 17:23:33 startup archives unpack
2026-08-31 17:23:33 install init:amd64 <none> 1.69
2026-08-31 17:23:33 status half-installed init:amd64 1.69
2026-08-31 17:23:33 status unpacked init:amd64 1.69
2026-08-31 17:23:33 install libexpat1:amd64 <none> 2.7.4-1
2026-08-31 17:23:33 status half-installed libexpat1:amd64 2.7.4-1
2026-08-31 17:23:33 status unpacked libexpat1:amd64 2.7.4-1
2026-08-31 17:23:33 install libpython3.14-minimal:amd64 <none> 3.14.4-1ubuntu0.1
2026-08-31 17:23:33 status half-installed libpython3.14-minimal:amd64 3.14.4-1ubuntu0.1
2026-08-31 17:23:33 status unpacked libpython3.14-minimal:amd64 3.14.4-1ubuntu0.1
2026-08-31 17:23:33 install python3.14-minimal:amd64 <none> 3.14.4-1ubuntu0.1
2026-08-31 17:23:33 status half-installed python3.14-minimal:amd64 3.14.4-1ubuntu0.1
2026-08-31 17:23:33 status triggers-pending systemd:amd64 259.5-0ubuntu3.4
2026-08-31 17:23:33 status unpacked python3.14-minimal:amd64 3.14.4-1ubuntu0.1
2026-08-31 17:23:33 startup packages configure
2026-08-31 17:23:33 configure libpython3.14-minimal:amd64 3.14.4-1ubuntu0.1 <none>
2026-08-31 17:23:33 status unpacked libpython3.14-minimal:amd64 3.14.4-1ubuntu0.1
2026-08-31 17:23:33 status half-configured libpython3.14-minimal:amd64 3.14.4-1ubuntu0.1
2026-08-31 17:23:33 status installed libpython3.14-minimal:amd64 3.14.4-1ubuntu0.1
2026-08-31 17:23:33 configure libexpat1:amd64 2.7.4-1 <none>
2026-08-31 17:23:33 status unpacked libexpat1:amd64 2.7.4-1
2026-08-31 17:23:33 status half-configured libexpat1:amd64 2.7.4-1
2026-08-31 17:23:33 status installed libexpat1:amd64 2.7.4-1
2026-08-31 17:23:33 configure python3.14-minimal:amd64 3.14.4-1ubuntu0.1 <none>
2026-08-31 17:23:33 status unpacked python3.14-minimal:amd64 3.14.4-1ubuntu0.1
2026-08-31 17:23:33 status half-configured python3.14-minimal:amd64 3.14.4-1ubuntu0.1
2026-08-31 17:23:34 status installed python3.14-minimal:amd64 3.14.4-1ubuntu0.1
2026-08-31 17:23:34 startup archives unpack
2026-08-31 17:23:34 install python3-minimal:amd64 <none> 3.14.3-0ubuntu2
2026-08-31 17:23:34 status half-installed python3-minimal:amd64 3.14.3-0ubuntu2
2026-08-31 17:23:34 status unpacked python3-minimal:amd64 3.14.3-0ubuntu2
2026-08-31 17:23:34 install media-types:all <none> 14.0.0build1
2026-08-31 17:23:34 status half-installed media-types:all 14.0.0build1
2026-08-31 17:23:34 status unpacked media-types:all 14.0.0build1
2026-08-31 17:23:34 install netbase:all <none> 6.5build1
2026-08-31 17:23:34 status half-installed netbase:all 6.5build1
2026-08-31 17:23:34 status unpacked netbase:all 6.5build1
2026-08-31 17:23:34 install readline-common:all <none> 8.3-4
2026-08-31 17:23:34 status half-installed readline-common:all 8.3-4
2026-08-31 17:23:34 status unpacked readline-common:all 8.3-4
2026-08-31 17:23:34 install libreadline8t64:amd64 <none> 8.3-4
2026-08-31 17:23:34 status half-installed libreadline8t64:amd64 8.3-4
2026-08-31 17:23:34 status unpacked libreadline8t64:amd64 8.3-4
2026-08-31 17:23:34 install libsqlite3-0:amd64 <none> 3.46.1-9ubuntu0.2
2026-08-31 17:23:34 status half-installed libsqlite3-0:amd64 3.46.1-9ubuntu0.2
2026-08-31 17:23:34 status unpacked libsqlite3-0:amd64 3.46.1-9ubuntu0.2
2026-08-31 17:23:34 install libpython3.14-stdlib:amd64 <none> 3.14.4-1ubuntu0.1
2026-08-31 17:23:34 status half-installed libpython3.14-stdlib:amd64 3.14.4-1ubuntu0.1
2026-08-31 17:23:34 status unpacked libpython3.14-stdlib:amd64 3.14.4-1ubuntu0.1
2026-08-31 17:23:34 install python3.14:amd64 <none> 3.14.4-1ubuntu0.1
2026-08-31 17:23:34 status half-installed python3.14:amd64 3.14.4-1ubuntu0.1
2026-08-31 17:23:34 status unpacked python3.14:amd64 3.14.4-1ubuntu0.1
2026-08-31 17:23:34 install libpython3-stdlib:amd64 <none> 3.14.3-0ubuntu2
2026-08-31 17:23:34 status half-installed libpython3-stdlib:amd64 3.14.3-0ubuntu2
2026-08-31 17:23:34 status unpacked libpython3-stdlib:amd64 3.14.3-0ubuntu2
2026-08-31 17:23:34 startup packages configure
2026-08-31 17:23:34 configure python3-minimal:amd64 3.14.3-0ubuntu2 <none>
2026-08-31 17:23:34 status unpacked python3-minimal:amd64 3.14.3-0ubuntu2
2026-08-31 17:23:34 status half-configured python3-minimal:amd64 3.14.3-0ubuntu2
2026-08-31 17:23:34 status installed python3-minimal:amd64 3.14.3-0ubuntu2
2026-08-31 17:23:34 startup archives unpack
2026-08-31 17:23:34 install python3:amd64 <none> 3.14.3-0ubuntu2
2026-08-31 17:23:34 status half-installed python3:amd64 3.14.3-0ubuntu2
2026-08-31 17:23:34 status unpacked python3:amd64 3.14.3-0ubuntu2
2026-08-31 17:23:34 install sudo-common:all <none> 1.2ubuntu
2026-08-31 17:23:34 status half-installed sudo-common:all 1.2ubuntu
2026-08-31 17:23:34 status unpacked sudo-common:all 1.2ubuntu
2026-08-31 17:23:34 install libapparmor1:amd64 <none> 5.0.2-0ubuntu1~26.04.1
2026-08-31 17:23:34 status half-installed libapparmor1:amd64 5.0.2-0ubuntu1~26.04.1
2026-08-31 17:23:34 status unpacked libapparmor1:amd64 5.0.2-0ubuntu1~26.04.1
2026-08-31 17:23:34 startup packages configure
2026-08-31 17:23:34 configure sudo-common:all 1.2ubuntu <none>
2026-08-31 17:23:34 status unpacked sudo-common:all 1.2ubuntu
2026-08-31 17:23:34 status half-configured sudo-common:all 1.2ubuntu
2026-08-31 17:23:34 status installed sudo-common:all 1.2ubuntu
2026-08-31 17:23:34 startup archives unpack
2026-08-31 17:23:34 install sudo:amd64 <none> 1.9.17p2-1ubuntu3
2026-08-31 17:23:34 status half-installed sudo:amd64 1.9.17p2-1ubuntu3
2026-08-31 17:23:34 status unpacked sudo:amd64 1.9.17p2-1ubuntu3
2026-08-31 17:23:34 install adduser:all <none> 3.153ubuntu1
2026-08-31 17:23:34 status half-installed adduser:all 3.153ubuntu1
2026-08-31 17:23:35 status unpacked adduser:all 3.153ubuntu1
2026-08-31 17:23:35 startup packages configure
2026-08-31 17:23:35 configure adduser:all 3.153ubuntu1 <none>
2026-08-31 17:23:35 status unpacked adduser:all 3.153ubuntu1
2026-08-31 17:23:35 status half-configured adduser:all 3.153ubuntu1
2026-08-31 17:23:35 status installed adduser:all 3.153ubuntu1
2026-08-31 17:23:35 startup archives unpack
2026-08-31 17:23:35 install uuid-runtime:amd64 <none> 2.41.3-3ubuntu2.2
2026-08-31 17:23:35 status half-installed uuid-runtime:amd64 2.41.3-3ubuntu2.2
2026-08-31 17:23:35 status unpacked uuid-runtime:amd64 2.41.3-3ubuntu2.2
2026-08-31 17:23:35 install psmisc:amd64 <none> 23.7-2ubuntu2
2026-08-31 17:23:35 status half-installed psmisc:amd64 23.7-2ubuntu2
2026-08-31 17:23:35 status unpacked psmisc:amd64 23.7-2ubuntu2
2026-08-31 17:23:35 install libkf6config-data:all <none> 6.24.0-0ubuntu1
2026-08-31 17:23:35 status half-installed libkf6config-data:all 6.24.0-0ubuntu1
2026-08-31 17:23:35 status unpacked libkf6config-data:all 6.24.0-0ubuntu1
2026-08-31 17:23:35 install libatomic1:amd64 <none> 16-20260322-1ubuntu1
2026-08-31 17:23:35 status half-installed libatomic1:amd64 16-20260322-1ubuntu1
2026-08-31 17:23:35 status unpacked libatomic1:amd64 16-20260322-1ubuntu1
2026-08-31 17:23:35 install libglib2.0-0t64:amd64 <none> 2.88.0-1
2026-08-31 17:23:35 status half-installed libglib2.0-0t64:amd64 2.88.0-1
2026-08-31 17:23:35 status unpacked libglib2.0-0t64:amd64 2.88.0-1
2026-08-31 17:23:35 install libxml2-16:amd64 <none> 2.15.2+dfsg-0.1ubuntu0.1
2026-08-31 17:23:35 status half-installed libxml2-16:amd64 2.15.2+dfsg-0.1ubuntu0.1
2026-08-31 17:23:35 status unpacked libxml2-16:amd64 2.15.2+dfsg-0.1ubuntu0.1
2026-08-31 17:23:35 install shared-mime-info:amd64 <none> 2.4-5build3
2026-08-31 17:23:35 status half-installed shared-mime-info:amd64 2.4-5build3
2026-08-31 17:23:35 status unpacked shared-mime-info:amd64 2.4-5build3
2026-08-31 17:23:35 install libgomp1:amd64 <none> 16-20260322-1ubuntu1
2026-08-31 17:23:35 status half-installed libgomp1:amd64 16-20260322-1ubuntu1
2026-08-31 17:23:35 status unpacked libgomp1:amd64 16-20260322-1ubuntu1
2026-08-31 17:23:35 install libb2-1:amd64 <none> 0.98.1-1.1build2
2026-08-31 17:23:35 status half-installed libb2-1:amd64 0.98.1-1.1build2
2026-08-31 17:23:35 status unpacked libb2-1:amd64 0.98.1-1.1build2
2026-08-31 17:23:35 install libdouble-conversion3:amd64 <none> 3.4.0-1
2026-08-31 17:23:35 status half-installed libdouble-conversion3:amd64 3.4.0-1
2026-08-31 17:23:35 status unpacked libdouble-conversion3:amd64 3.4.0-1
2026-08-31 17:23:35 install libicu78:amd64 <none> 78.2-2ubuntu1
2026-08-31 17:23:35 status half-installed libicu78:amd64 78.2-2ubuntu1
2026-08-31 17:23:35 status unpacked libicu78:amd64 78.2-2ubuntu1
2026-08-31 17:23:35 install libpcre2-16-0:amd64 <none> 10.46-1build1
2026-08-31 17:23:35 status half-installed libpcre2-16-0:amd64 10.46-1build1
2026-08-31 17:23:35 status unpacked libpcre2-16-0:amd64 10.46-1build1
2026-08-31 17:23:35 install libqt6core6t64:amd64 <none> 6.10.2+dfsg-7
2026-08-31 17:23:35 status half-installed libqt6core6t64:amd64 6.10.2+dfsg-7
2026-08-31 17:23:35 status unpacked libqt6core6t64:amd64 6.10.2+dfsg-7
2026-08-31 17:23:35 install libdbus-1-3:amd64 <none> 1.16.2-2ubuntu4
2026-08-31 17:23:35 status half-installed libdbus-1-3:amd64 1.16.2-2ubuntu4
2026-08-31 17:23:35 status unpacked libdbus-1-3:amd64 1.16.2-2ubuntu4
2026-08-31 17:23:35 install libqt6dbus6:amd64 <none> 6.10.2+dfsg-7
2026-08-31 17:23:35 status half-installed libqt6dbus6:amd64 6.10.2+dfsg-7
2026-08-31 17:23:35 status unpacked libqt6dbus6:amd64 6.10.2+dfsg-7
2026-08-31 17:23:35 install libkf6configcore6:amd64 <none> 6.24.0-0ubuntu1
2026-08-31 17:23:35 status half-installed libkf6configcore6:amd64 6.24.0-0ubuntu1
2026-08-31 17:23:35 status unpacked libkf6configcore6:amd64 6.24.0-0ubuntu1
2026-08-31 17:23:35 install libkf6coreaddons-data:all <none> 6.24.0-0ubuntu1
2026-08-31 17:23:35 status half-installed libkf6coreaddons-data:all 6.24.0-0ubuntu1
2026-08-31 17:23:35 status unpacked libkf6coreaddons-data:all 6.24.0-0ubuntu1
2026-08-31 17:23:35 upgrade libudev1:amd64 259.5-0ubuntu3 259.5-0ubuntu3.4
2026-08-31 17:23:35 status half-configured libudev1:amd64 259.5-0ubuntu3
2026-08-31 17:23:35 status unpacked libudev1:amd64 259.5-0ubuntu3
2026-08-31 17:23:35 status half-installed libudev1:amd64 259.5-0ubuntu3
2026-08-31 17:23:35 status unpacked libudev1:amd64 259.5-0ubuntu3.4
2026-08-31 17:23:35 startup packages configure
2026-08-31 17:23:35 configure libudev1:amd64 259.5-0ubuntu3.4 <none>
2026-08-31 17:23:35 status unpacked libudev1:amd64 259.5-0ubuntu3.4
2026-08-31 17:23:35 status half-configured libudev1:amd64 259.5-0ubuntu3.4
2026-08-31 17:23:35 status installed libudev1:amd64 259.5-0ubuntu3.4
2026-08-31 17:23:35 startup archives unpack
2026-08-31 17:23:35 install libkf6coreaddons6:amd64 <none> 6.24.0-0ubuntu1
2026-08-31 17:23:35 status half-installed libkf6coreaddons6:amd64 6.24.0-0ubuntu1
2026-08-31 17:23:35 status unpacked libkf6coreaddons6:amd64 6.24.0-0ubuntu1
2026-08-31 17:23:35 install libbrotli1:amd64 <none> 1.2.0-3build1
2026-08-31 17:23:35 status half-installed libbrotli1:amd64 1.2.0-3build1
2026-08-31 17:23:35 status unpacked libbrotli1:amd64 1.2.0-3build1
2026-08-31 17:23:35 install libpng16-16t64:amd64 <none> 1.6.57-1
2026-08-31 17:23:35 status half-installed libpng16-16t64:amd64 1.6.57-1
2026-08-31 17:23:35 status unpacked libpng16-16t64:amd64 1.6.57-1
2026-08-31 17:23:35 install libfreetype6:amd64 <none> 2.14.2+dfsg-1ubuntu0.1
2026-08-31 17:23:35 status half-installed libfreetype6:amd64 2.14.2+dfsg-1ubuntu0.1
2026-08-31 17:23:35 status unpacked libfreetype6:amd64 2.14.2+dfsg-1ubuntu0.1
2026-08-31 17:23:35 install fonts-dejavu-mono:all <none> 2.37-8build1
2026-08-31 17:23:35 status half-installed fonts-dejavu-mono:all 2.37-8build1
2026-08-31 17:23:35 status unpacked fonts-dejavu-mono:all 2.37-8build1
2026-08-31 17:23:35 install fonts-dejavu-core:all <none> 2.37-8build1
2026-08-31 17:23:35 status half-installed fonts-dejavu-core:all 2.37-8build1
2026-08-31 17:23:35 status unpacked fonts-dejavu-core:all 2.37-8build1
2026-08-31 17:23:35 install fontconfig-config:amd64 <none> 2.17.1-3ubuntu1
2026-08-31 17:23:35 status half-installed fontconfig-config:amd64 2.17.1-3ubuntu1
2026-08-31 17:23:35 status unpacked fontconfig-config:amd64 2.17.1-3ubuntu1
2026-08-31 17:23:35 install libfontconfig1:amd64 <none> 2.17.1-3ubuntu1
2026-08-31 17:23:35 status half-installed libfontconfig1:amd64 2.17.1-3ubuntu1
2026-08-31 17:23:35 status unpacked libfontconfig1:amd64 2.17.1-3ubuntu1
2026-08-31 17:23:35 install fontconfig:amd64 <none> 2.17.1-3ubuntu1
2026-08-31 17:23:35 status half-installed fontconfig:amd64 2.17.1-3ubuntu1
2026-08-31 17:23:35 status unpacked fontconfig:amd64 2.17.1-3ubuntu1
2026-08-31 17:23:35 install libdrm-common:all <none> 2.4.131-1
2026-08-31 17:23:35 status half-installed libdrm-common:all 2.4.131-1
2026-08-31 17:23:35 status unpacked libdrm-common:all 2.4.131-1
2026-08-31 17:23:35 install libdrm2:amd64 <none> 2.4.131-1
2026-08-31 17:23:35 status half-installed libdrm2:amd64 2.4.131-1
2026-08-31 17:23:35 status unpacked libdrm2:amd64 2.4.131-1
2026-08-31 17:23:35 install libglvnd0:amd64 <none> 1.7.0-3
2026-08-31 17:23:35 status half-installed libglvnd0:amd64 1.7.0-3
2026-08-31 17:23:36 status unpacked libglvnd0:amd64 1.7.0-3
2026-08-31 17:23:36 install libdrm-amdgpu1:amd64 <none> 2.4.131-1
2026-08-31 17:23:36 status half-installed libdrm-amdgpu1:amd64 2.4.131-1
2026-08-31 17:23:36 status unpacked libdrm-amdgpu1:amd64 2.4.131-1
2026-08-31 17:23:36 install libpciaccess0:amd64 <none> 0.18.1-1ubuntu4.1
2026-08-31 17:23:36 status half-installed libpciaccess0:amd64 0.18.1-1ubuntu4.1
2026-08-31 17:23:36 status unpacked libpciaccess0:amd64 0.18.1-1ubuntu4.1
2026-08-31 17:23:36 install libdrm-intel1:amd64 <none> 2.4.131-1
2026-08-31 17:23:36 status half-installed libdrm-intel1:amd64 2.4.131-1
2026-08-31 17:23:36 status unpacked libdrm-intel1:amd64 2.4.131-1
2026-08-31 17:23:36 install libllvm21:amd64 <none> 1:21.1.8-6ubuntu1
2026-08-31 17:23:36 status half-installed libllvm21:amd64 1:21.1.8-6ubuntu1
2026-08-31 17:23:36 status unpacked libllvm21:amd64 1:21.1.8-6ubuntu1
2026-08-31 17:23:36 install libsensors-config:all <none> 1:3.6.2-2build1
2026-08-31 17:23:36 status half-installed libsensors-config:all 1:3.6.2-2build1
2026-08-31 17:23:36 status unpacked libsensors-config:all 1:3.6.2-2build1
2026-08-31 17:23:36 install libsensors5:amd64 <none> 1:3.6.2-2build1
2026-08-31 17:23:36 status half-installed libsensors5:amd64 1:3.6.2-2build1
2026-08-31 17:23:36 status unpacked libsensors5:amd64 1:3.6.2-2build1
2026-08-31 17:23:36 install libxau6:amd64 <none> 1:1.0.11-1build2
2026-08-31 17:23:36 status half-installed libxau6:amd64 1:1.0.11-1build2
2026-08-31 17:23:36 status unpacked libxau6:amd64 1:1.0.11-1build2
2026-08-31 17:23:36 install libxdmcp6:amd64 <none> 1:1.1.5-2
2026-08-31 17:23:36 status half-installed libxdmcp6:amd64 1:1.1.5-2
2026-08-31 17:23:36 status unpacked libxdmcp6:amd64 1:1.1.5-2
2026-08-31 17:23:36 install libxcb1:amd64 <none> 1.17.0-2ubuntu1
2026-08-31 17:23:36 status half-installed libxcb1:amd64 1.17.0-2ubuntu1
2026-08-31 17:23:36 status unpacked libxcb1:amd64 1.17.0-2ubuntu1
2026-08-31 17:23:36 install libx11-data:all <none> 2:1.8.13-1
2026-08-31 17:23:36 status half-installed libx11-data:all 2:1.8.13-1
2026-08-31 17:23:36 status unpacked libx11-data:all 2:1.8.13-1
2026-08-31 17:23:36 install libx11-6:amd64 <none> 2:1.8.13-1
2026-08-31 17:23:36 status half-installed libx11-6:amd64 2:1.8.13-1
2026-08-31 17:23:36 status unpacked libx11-6:amd64 2:1.8.13-1
2026-08-31 17:23:36 install libx11-xcb1:amd64 <none> 2:1.8.13-1
2026-08-31 17:23:36 status half-installed libx11-xcb1:amd64 2:1.8.13-1
2026-08-31 17:23:36 status unpacked libx11-xcb1:amd64 2:1.8.13-1
2026-08-31 17:23:36 install libxcb-dri3-0:amd64 <none> 1.17.0-2ubuntu1
2026-08-31 17:23:36 status half-installed libxcb-dri3-0:amd64 1.17.0-2ubuntu1
2026-08-31 17:23:36 status unpacked libxcb-dri3-0:amd64 1.17.0-2ubuntu1
2026-08-31 17:23:36 install libxcb-present0:amd64 <none> 1.17.0-2ubuntu1
2026-08-31 17:23:36 status half-installed libxcb-present0:amd64 1.17.0-2ubuntu1
2026-08-31 17:23:36 status unpacked libxcb-present0:amd64 1.17.0-2ubuntu1
2026-08-31 17:23:36 install libxcb-randr0:amd64 <none> 1.17.0-2ubuntu1
2026-08-31 17:23:36 status half-installed libxcb-randr0:amd64 1.17.0-2ubuntu1
2026-08-31 17:23:36 status unpacked libxcb-randr0:amd64 1.17.0-2ubuntu1
2026-08-31 17:23:36 install libxcb-sync1:amd64 <none> 1.17.0-2ubuntu1
2026-08-31 17:23:36 status half-installed libxcb-sync1:amd64 1.17.0-2ubuntu1
2026-08-31 17:23:36 status unpacked libxcb-sync1:amd64 1.17.0-2ubuntu1
2026-08-31 17:23:36 install libxcb-xfixes0:amd64 <none> 1.17.0-2ubuntu1
2026-08-31 17:23:36 status half-installed libxcb-xfixes0:amd64 1.17.0-2ubuntu1
2026-08-31 17:23:36 status unpacked libxcb-xfixes0:amd64 1.17.0-2ubuntu1
2026-08-31 17:23:36 install libxshmfence1:amd64 <none> 1.3.3-1build1
2026-08-31 17:23:36 status half-installed libxshmfence1:amd64 1.3.3-1build1
2026-08-31 17:23:36 status unpacked libxshmfence1:amd64 1.3.3-1build1
2026-08-31 17:23:36 install mesa-libgallium:amd64 <none> 26.0.8-1ubuntu0.3
2026-08-31 17:23:36 status half-installed mesa-libgallium:amd64 26.0.8-1ubuntu0.3
2026-08-31 17:23:36 status unpacked mesa-libgallium:amd64 26.0.8-1ubuntu0.3
2026-08-31 17:23:36 install libgbm1:amd64 <none> 26.0.8-1ubuntu0.3
2026-08-31 17:23:36 status half-installed libgbm1:amd64 26.0.8-1ubuntu0.3
2026-08-31 17:23:36 status unpacked libgbm1:amd64 26.0.8-1ubuntu0.3
2026-08-31 17:23:36 install libwayland-client0:amd64 <none> 1.24.0-2
2026-08-31 17:23:36 status half-installed libwayland-client0:amd64 1.24.0-2
2026-08-31 17:23:36 status unpacked libwayland-client0:amd64 1.24.0-2
2026-08-31 17:23:36 install libxcb-shm0:amd64 <none> 1.17.0-2ubuntu1
2026-08-31 17:23:36 status half-installed libxcb-shm0:amd64 1.17.0-2ubuntu1
2026-08-31 17:23:36 status unpacked libxcb-shm0:amd64 1.17.0-2ubuntu1
2026-08-31 17:23:36 install libegl-mesa0:amd64 <none> 26.0.8-1ubuntu0.3
2026-08-31 17:23:36 status half-installed libegl-mesa0:amd64 26.0.8-1ubuntu0.3
2026-08-31 17:23:36 status unpacked libegl-mesa0:amd64 26.0.8-1ubuntu0.3
2026-08-31 17:23:37 install libegl1:amd64 <none> 1.7.0-3
2026-08-31 17:23:37 status half-installed libegl1:amd64 1.7.0-3
2026-08-31 17:23:37 status unpacked libegl1:amd64 1.7.0-3
2026-08-31 17:23:37 install libvulkan1:amd64 <none> 1.4.341.0-1
2026-08-31 17:23:37 status half-installed libvulkan1:amd64 1.4.341.0-1
2026-08-31 17:23:37 status unpacked libvulkan1:amd64 1.4.341.0-1
2026-08-31 17:23:37 install libgl1-mesa-dri:amd64 <none> 26.0.8-1ubuntu0.3
2026-08-31 17:23:37 status half-installed libgl1-mesa-dri:amd64 26.0.8-1ubuntu0.3
2026-08-31 17:23:37 status unpacked libgl1-mesa-dri:amd64 26.0.8-1ubuntu0.3
2026-08-31 17:23:37 install libxcb-glx0:amd64 <none> 1.17.0-2ubuntu1
2026-08-31 17:23:37 status half-installed libxcb-glx0:amd64 1.17.0-2ubuntu1
2026-08-31 17:23:37 status unpacked libxcb-glx0:amd64 1.17.0-2ubuntu1
2026-08-31 17:23:37 install libxext6:amd64 <none> 2:1.3.4-1build3
2026-08-31 17:23:37 status half-installed libxext6:amd64 2:1.3.4-1build3
2026-08-31 17:23:37 status unpacked libxext6:amd64 2:1.3.4-1build3
2026-08-31 17:23:37 install libxxf86vm1:amd64 <none> 1:1.1.4-2
2026-08-31 17:23:37 status half-installed libxxf86vm1:amd64 1:1.1.4-2
2026-08-31 17:23:37 status unpacked libxxf86vm1:amd64 1:1.1.4-2
2026-08-31 17:23:37 install libglx-mesa0:amd64 <none> 26.0.8-1ubuntu0.3
2026-08-31 17:23:37 status half-installed libglx-mesa0:amd64 26.0.8-1ubuntu0.3
2026-08-31 17:23:37 status unpacked libglx-mesa0:amd64 26.0.8-1ubuntu0.3
2026-08-31 17:23:37 install libglx0:amd64 <none> 1.7.0-3
2026-08-31 17:23:37 status half-installed libglx0:amd64 1.7.0-3
2026-08-31 17:23:37 status unpacked libglx0:amd64 1.7.0-3
2026-08-31 17:23:37 install libgraphite2-3:amd64 <none> 1.3.14-11ubuntu1.1
2026-08-31 17:23:37 status half-installed libgraphite2-3:amd64 1.3.14-11ubuntu1.1
2026-08-31 17:23:37 status unpacked libgraphite2-3:amd64 1.3.14-11ubuntu1.1
2026-08-31 17:23:37 install libharfbuzz0b:amd64 <none> 12.3.2-2
2026-08-31 17:23:37 status half-installed libharfbuzz0b:amd64 12.3.2-2
2026-08-31 17:23:37 status unpacked libharfbuzz0b:amd64 12.3.2-2
2026-08-31 17:23:37 install x11-common:all <none> 1:7.7+26ubuntu1
2026-08-31 17:23:37 status half-installed x11-common:all 1:7.7+26ubuntu1
2026-08-31 17:23:37 status unpacked x11-common:all 1:7.7+26ubuntu1
2026-08-31 17:23:37 install libice6:amd64 <none> 2:1.1.1-1build1
2026-08-31 17:23:37 status half-installed libice6:amd64 2:1.1.1-1build1
2026-08-31 17:23:37 status unpacked libice6:amd64 2:1.1.1-1build1
2026-08-31 17:23:37 install libevdev2:amd64 <none> 1.13.6+dfsg-1
2026-08-31 17:23:37 status half-installed libevdev2:amd64 1.13.6+dfsg-1
2026-08-31 17:23:37 status unpacked libevdev2:amd64 1.13.6+dfsg-1
2026-08-31 17:23:37 install libmtdev1t64:amd64 <none> 1.1.7-1build1
2026-08-31 17:23:37 status half-installed libmtdev1t64:amd64 1.1.7-1build1
2026-08-31 17:23:37 status unpacked libmtdev1t64:amd64 1.1.7-1build1
2026-08-31 17:23:37 install libgudev-1.0-0:amd64 <none> 1:238-7build1
2026-08-31 17:23:37 status half-installed libgudev-1.0-0:amd64 1:238-7build1
2026-08-31 17:23:37 status unpacked libgudev-1.0-0:amd64 1:238-7build1
2026-08-31 17:23:37 install libwacom-common:all <none> 2.18.0-1
2026-08-31 17:23:37 status half-installed libwacom-common:all 2.18.0-1
2026-08-31 17:23:37 status unpacked libwacom-common:all 2.18.0-1
2026-08-31 17:23:37 install libwacom9:amd64 <none> 2.18.0-1
2026-08-31 17:23:37 status half-installed libwacom9:amd64 2.18.0-1
2026-08-31 17:23:37 status unpacked libwacom9:amd64 2.18.0-1
2026-08-31 17:23:37 install libinput-bin:amd64 <none> 1.31.1-1ubuntu1.1
2026-08-31 17:23:37 status half-installed libinput-bin:amd64 1.31.1-1ubuntu1.1
2026-08-31 17:23:37 status unpacked libinput-bin:amd64 1.31.1-1ubuntu1.1
2026-08-31 17:23:37 install libinput10:amd64 <none> 1.31.1-1ubuntu1.1
2026-08-31 17:23:37 status half-installed libinput10:amd64 1.31.1-1ubuntu1.1
2026-08-31 17:23:37 status unpacked libinput10:amd64 1.31.1-1ubuntu1.1
2026-08-31 17:23:37 install libjpeg-turbo8:amd64 <none> 2.1.5-4ubuntu4
2026-08-31 17:23:37 status half-installed libjpeg-turbo8:amd64 2.1.5-4ubuntu4
2026-08-31 17:23:37 status unpacked libjpeg-turbo8:amd64 2.1.5-4ubuntu4
2026-08-31 17:23:37 install libjpeg8:amd64 <none> 8c-2ubuntu12
2026-08-31 17:23:37 status half-installed libjpeg8:amd64 8c-2ubuntu12
2026-08-31 17:23:37 status unpacked libjpeg8:amd64 8c-2ubuntu12
2026-08-31 17:23:37 install libmd4c0:amd64 <none> 0.5.2-2build1
2026-08-31 17:23:37 status half-installed libmd4c0:amd64 0.5.2-2build1
2026-08-31 17:23:37 status unpacked libmd4c0:amd64 0.5.2-2build1
2026-08-31 17:23:37 install libopengl0:amd64 <none> 1.7.0-3
2026-08-31 17:23:37 status half-installed libopengl0:amd64 1.7.0-3
2026-08-31 17:23:37 status unpacked libopengl0:amd64 1.7.0-3
2026-08-31 17:23:37 install libsm6:amd64 <none> 2:1.2.6-1build1
2026-08-31 17:23:37 status half-installed libsm6:amd64 2:1.2.6-1build1
2026-08-31 17:23:37 status unpacked libsm6:amd64 2:1.2.6-1build1
2026-08-31 17:23:37 install libts0t64:amd64 <none> 1.22-1.1build2
2026-08-31 17:23:37 status half-installed libts0t64:amd64 1.22-1.1build2
2026-08-31 17:23:37 status unpacked libts0t64:amd64 1.22-1.1build2
2026-08-31 17:23:37 install libxcb-util1:amd64 <none> 0.4.1-1build1
2026-08-31 17:23:37 status half-installed libxcb-util1:amd64 0.4.1-1build1
2026-08-31 17:23:37 status unpacked libxcb-util1:amd64 0.4.1-1build1
2026-08-31 17:23:37 install libxcb-image0:amd64 <none> 0.4.0-2build2
2026-08-31 17:23:37 status half-installed libxcb-image0:amd64 0.4.0-2build2
2026-08-31 17:23:37 status unpacked libxcb-image0:amd64 0.4.0-2build2
2026-08-31 17:23:37 install libxcb-render0:amd64 <none> 1.17.0-2ubuntu1
2026-08-31 17:23:37 status half-installed libxcb-render0:amd64 1.17.0-2ubuntu1
2026-08-31 17:23:37 status unpacked libxcb-render0:amd64 1.17.0-2ubuntu1
2026-08-31 17:23:37 install libxcb-render-util0:amd64 <none> 0.3.10-1build1
2026-08-31 17:23:37 status half-installed libxcb-render-util0:amd64 0.3.10-1build1
2026-08-31 17:23:37 status unpacked libxcb-render-util0:amd64 0.3.10-1build1
2026-08-31 17:23:37 install libxcb-cursor0:amd64 <none> 0.1.6-1
2026-08-31 17:23:37 status half-installed libxcb-cursor0:amd64 0.1.6-1
2026-08-31 17:23:37 status unpacked libxcb-cursor0:amd64 0.1.6-1
2026-08-31 17:23:37 install libxcb-icccm4:amd64 <none> 0.4.2-1build1
2026-08-31 17:23:37 status half-installed libxcb-icccm4:amd64 0.4.2-1build1
2026-08-31 17:23:37 status unpacked libxcb-icccm4:amd64 0.4.2-1build1
2026-08-31 17:23:37 install libxcb-keysyms1:amd64 <none> 0.4.1-1build1
2026-08-31 17:23:37 status half-installed libxcb-keysyms1:amd64 0.4.1-1build1
2026-08-31 17:23:37 status unpacked libxcb-keysyms1:amd64 0.4.1-1build1
2026-08-31 17:23:37 install libxcb-shape0:amd64 <none> 1.17.0-2ubuntu1
2026-08-31 17:23:37 status half-installed libxcb-shape0:amd64 1.17.0-2ubuntu1
2026-08-31 17:23:37 status unpacked libxcb-shape0:amd64 1.17.0-2ubuntu1
2026-08-31 17:23:37 install libxcb-xinput0:amd64 <none> 1.17.0-2ubuntu1
2026-08-31 17:23:37 status half-installed libxcb-xinput0:amd64 1.17.0-2ubuntu1
2026-08-31 17:23:37 status unpacked libxcb-xinput0:amd64 1.17.0-2ubuntu1
2026-08-31 17:23:37 install libxcb-xkb1:amd64 <none> 1.17.0-2ubuntu1
2026-08-31 17:23:37 status half-installed libxcb-xkb1:amd64 1.17.0-2ubuntu1
2026-08-31 17:23:37 status unpacked libxcb-xkb1:amd64 1.17.0-2ubuntu1
2026-08-31 17:23:37 install libxkbcommon0:amd64 <none> 1.13.1-1
2026-08-31 17:23:37 status half-installed libxkbcommon0:amd64 1.13.1-1
2026-08-31 17:23:37 status unpacked libxkbcommon0:amd64 1.13.1-1
2026-08-31 17:23:37 install libxkbcommon-x11-0:amd64 <none> 1.13.1-1
2026-08-31 17:23:37 status half-installed libxkbcommon-x11-0:amd64 1.13.1-1
2026-08-31 17:23:37 status unpacked libxkbcommon-x11-0:amd64 1.13.1-1
2026-08-31 17:23:37 install libqt6gui6:amd64 <none> 6.10.2+dfsg-7
2026-08-31 17:23:37 status half-installed libqt6gui6:amd64 6.10.2+dfsg-7
2026-08-31 17:23:37 status unpacked libqt6gui6:amd64 6.10.2+dfsg-7
2026-08-31 17:23:37 install libkf6crash6:amd64 <none> 6.24.0-0ubuntu1
2026-08-31 17:23:37 status half-installed libkf6crash6:amd64 6.24.0-0ubuntu1
2026-08-31 17:23:37 status unpacked libkf6crash6:amd64 6.24.0-0ubuntu1
2026-08-31 17:23:37 install libkf6dbusaddons-data:all <none> 6.24.0-0ubuntu1
2026-08-31 17:23:37 status half-installed libkf6dbusaddons-data:all 6.24.0-0ubuntu1
2026-08-31 17:23:37 status unpacked libkf6dbusaddons-data:all 6.24.0-0ubuntu1
2026-08-31 17:23:37 install libkf6dbusaddons6:amd64 <none> 6.24.0-0ubuntu1
2026-08-31 17:23:37 status half-installed libkf6dbusaddons6:amd64 6.24.0-0ubuntu1
2026-08-31 17:23:37 status unpacked libkf6dbusaddons6:amd64 6.24.0-0ubuntu1
2026-08-31 17:23:37 install libkf6i18n-data:all <none> 6.24.0-0ubuntu1
2026-08-31 17:23:37 status half-installed libkf6i18n-data:all 6.24.0-0ubuntu1
2026-08-31 17:23:37 status unpacked libkf6i18n-data:all 6.24.0-0ubuntu1
2026-08-31 17:23:37 install libsasl2-modules-db:amd64 <none> 2.1.28+dfsg1-9ubuntu3
2026-08-31 17:23:37 status half-installed libsasl2-modules-db:amd64 2.1.28+dfsg1-9ubuntu3
2026-08-31 17:23:37 status unpacked libsasl2-modules-db:amd64 2.1.28+dfsg1-9ubuntu3
2026-08-31 17:23:37 install libsasl2-2:amd64 <none> 2.1.28+dfsg1-9ubuntu3
2026-08-31 17:23:37 status half-installed libsasl2-2:amd64 2.1.28+dfsg1-9ubuntu3
2026-08-31 17:23:37 status unpacked libsasl2-2:amd64 2.1.28+dfsg1-9ubuntu3
2026-08-31 17:23:37 install libldap-common:all <none> 2.6.10+dfsg-1ubuntu5
2026-08-31 17:23:37 status half-installed libldap-common:all 2.6.10+dfsg-1ubuntu5
2026-08-31 17:23:37 status unpacked libldap-common:all 2.6.10+dfsg-1ubuntu5
2026-08-31 17:23:37 install libldap2:amd64 <none> 2.6.10+dfsg-1ubuntu5
2026-08-31 17:23:37 status half-installed libldap2:amd64 2.6.10+dfsg-1ubuntu5
2026-08-31 17:23:37 status unpacked libldap2:amd64 2.6.10+dfsg-1ubuntu5
2026-08-31 17:23:37 install libnghttp2-14:amd64 <none> 1.68.0-2ubuntu0.2
2026-08-31 17:23:37 status half-installed libnghttp2-14:amd64 1.68.0-2ubuntu0.2
2026-08-31 17:23:37 status unpacked libnghttp2-14:amd64 1.68.0-2ubuntu0.2
2026-08-31 17:23:37 install libpsl5t64:amd64 <none> 0.21.2-1.1build2
2026-08-31 17:23:37 status half-installed libpsl5t64:amd64 0.21.2-1.1build2
2026-08-31 17:23:37 status unpacked libpsl5t64:amd64 0.21.2-1.1build2
2026-08-31 17:23:37 install librtmp1:amd64 <none> 2.4+20151223.gitfa8646d.1-3
2026-08-31 17:23:37 status half-installed librtmp1:amd64 2.4+20151223.gitfa8646d.1-3
2026-08-31 17:23:37 status unpacked librtmp1:amd64 2.4+20151223.gitfa8646d.1-3
2026-08-31 17:23:38 install libssh2-1t64:amd64 <none> 1.11.1-1ubuntu0.26.04.3
2026-08-31 17:23:38 status half-installed libssh2-1t64:amd64 1.11.1-1ubuntu0.26.04.3
2026-08-31 17:23:38 status unpacked libssh2-1t64:amd64 1.11.1-1ubuntu0.26.04.3
2026-08-31 17:23:38 install libcurl3t64-gnutls:amd64 <none> 8.18.0-1ubuntu2.4
2026-08-31 17:23:38 status half-installed libcurl3t64-gnutls:amd64 8.18.0-1ubuntu2.4
2026-08-31 17:23:38 status unpacked libcurl3t64-gnutls:amd64 8.18.0-1ubuntu2.4
2026-08-31 17:23:38 install libduktape207:amd64 <none> 2.7.0+tests-0ubuntu4
2026-08-31 17:23:38 status half-installed libduktape207:amd64 2.7.0+tests-0ubuntu4
2026-08-31 17:23:38 status unpacked libduktape207:amd64 2.7.0+tests-0ubuntu4
2026-08-31 17:23:38 install libproxy1v5:amd64 <none> 0.5.12-1
2026-08-31 17:23:38 status half-installed libproxy1v5:amd64 0.5.12-1
2026-08-31 17:23:38 status unpacked libproxy1v5:amd64 0.5.12-1
2026-08-31 17:23:38 install libqt6network6:amd64 <none> 6.10.2+dfsg-7
2026-08-31 17:23:38 status half-installed libqt6network6:amd64 6.10.2+dfsg-7
2026-08-31 17:23:38 status unpacked libqt6network6:amd64 6.10.2+dfsg-7
2026-08-31 17:23:38 install libqt6qml6:amd64 <none> 6.10.2+dfsg-3
2026-08-31 17:23:38 status half-installed libqt6qml6:amd64 6.10.2+dfsg-3
2026-08-31 17:23:38 status unpacked libqt6qml6:amd64 6.10.2+dfsg-3
2026-08-31 17:23:38 install libkf6i18n6:amd64 <none> 6.24.0-0ubuntu1
2026-08-31 17:23:38 status half-installed libkf6i18n6:amd64 6.24.0-0ubuntu1
2026-08-31 17:23:38 status unpacked libkf6i18n6:amd64 6.24.0-0ubuntu1
2026-08-31 17:23:38 install libkf6service-data:all <none> 6.24.0-0ubuntu1
2026-08-31 17:23:38 status half-installed libkf6service-data:all 6.24.0-0ubuntu1
2026-08-31 17:23:38 status unpacked libkf6service-data:all 6.24.0-0ubuntu1
2026-08-31 17:23:38 install libqt6xml6:amd64 <none> 6.10.2+dfsg-7
2026-08-31 17:23:38 status half-installed libqt6xml6:amd64 6.10.2+dfsg-7
2026-08-31 17:23:38 status unpacked libqt6xml6:amd64 6.10.2+dfsg-7
2026-08-31 17:23:38 install libkf6service6:amd64 <none> 6.24.0-0ubuntu1
2026-08-31 17:23:38 status half-installed libkf6service6:amd64 6.24.0-0ubuntu1
2026-08-31 17:23:38 status unpacked libkf6service6:amd64 6.24.0-0ubuntu1
2026-08-31 17:23:38 install libkf6service-bin:amd64 <none> 6.24.0-0ubuntu1
2026-08-31 17:23:38 status half-installed libkf6service-bin:amd64 6.24.0-0ubuntu1
2026-08-31 17:23:38 status unpacked libkf6service-bin:amd64 6.24.0-0ubuntu1
2026-08-31 17:23:38 install libqt6widgets6:amd64 <none> 6.10.2+dfsg-7
2026-08-31 17:23:38 status half-installed libqt6widgets6:amd64 6.10.2+dfsg-7
2026-08-31 17:23:38 status unpacked libqt6widgets6:amd64 6.10.2+dfsg-7
2026-08-31 17:23:38 install kded6:amd64 <none> 6.24.0-0ubuntu1
2026-08-31 17:23:38 status half-installed kded6:amd64 6.24.0-0ubuntu1
2026-08-31 17:23:38 status unpacked kded6:amd64 6.24.0-0ubuntu1
2026-08-31 17:23:38 install libkf6wallet-data:all <none> 6.24.0-0ubuntu1
2026-08-31 17:23:38 status half-installed libkf6wallet-data:all 6.24.0-0ubuntu1
2026-08-31 17:23:38 status unpacked libkf6wallet-data:all 6.24.0-0ubuntu1
2026-08-31 17:23:38 install libassuan9:amd64 <none> 3.0.2-2build1
2026-08-31 17:23:38 status half-installed libassuan9:amd64 3.0.2-2build1
2026-08-31 17:23:38 status unpacked libassuan9:amd64 3.0.2-2build1
2026-08-31 17:23:38 install gpgconf:amd64 <none> 2.4.8-4ubuntu3
2026-08-31 17:23:38 status half-installed gpgconf:amd64 2.4.8-4ubuntu3
2026-08-31 17:23:38 status unpacked gpgconf:amd64 2.4.8-4ubuntu3
2026-08-31 17:23:38 install libksba8:amd64 <none> 1.6.7-2build1
2026-08-31 17:23:38 status half-installed libksba8:amd64 1.6.7-2build1
2026-08-31 17:23:38 status unpacked libksba8:amd64 1.6.7-2build1
2026-08-31 17:23:38 install libnpth0t64:amd64 <none> 1.8-3build1
2026-08-31 17:23:38 status half-installed libnpth0t64:amd64 1.8-3build1
2026-08-31 17:23:38 status unpacked libnpth0t64:amd64 1.8-3build1
2026-08-31 17:23:38 install dirmngr:amd64 <none> 2.4.8-4ubuntu3
2026-08-31 17:23:38 status half-installed dirmngr:amd64 2.4.8-4ubuntu3
2026-08-31 17:23:38 status unpacked dirmngr:amd64 2.4.8-4ubuntu3
2026-08-31 17:23:38 install gpg:amd64 <none> 2.4.8-4ubuntu3
2026-08-31 17:23:38 status half-installed gpg:amd64 2.4.8-4ubuntu3
2026-08-31 17:23:38 status unpacked gpg:amd64 2.4.8-4ubuntu3
2026-08-31 17:23:38 install pinentry-curses:amd64 <none> 1.3.2-3ubuntu1
2026-08-31 17:23:38 status half-installed pinentry-curses:amd64 1.3.2-3ubuntu1
2026-08-31 17:23:38 status unpacked pinentry-curses:amd64 1.3.2-3ubuntu1
2026-08-31 17:23:38 install gpg-agent:amd64 <none> 2.4.8-4ubuntu3
2026-08-31 17:23:38 status half-installed gpg-agent:amd64 2.4.8-4ubuntu3
2026-08-31 17:23:38 status unpacked gpg-agent:amd64 2.4.8-4ubuntu3
2026-08-31 17:23:38 install gpgsm:amd64 <none> 2.4.8-4ubuntu3
2026-08-31 17:23:38 status half-installed gpgsm:amd64 2.4.8-4ubuntu3
2026-08-31 17:23:38 status unpacked gpgsm:amd64 2.4.8-4ubuntu3
2026-08-31 17:23:38 install gnupg:all <none> 2.4.8-4ubuntu3
2026-08-31 17:23:38 status half-installed gnupg:all 2.4.8-4ubuntu3
2026-08-31 17:23:38 status unpacked gnupg:all 2.4.8-4ubuntu3
2026-08-31 17:23:38 install libgpgme45:amd64 <none> 2.0.1-2build1
2026-08-31 17:23:38 status half-installed libgpgme45:amd64 2.0.1-2build1
2026-08-31 17:23:38 status unpacked libgpgme45:amd64 2.0.1-2build1
2026-08-31 17:23:38 install libgpgmepp7:amd64 <none> 2.0.0-2
2026-08-31 17:23:38 status half-installed libgpgmepp7:amd64 2.0.0-2
2026-08-31 17:23:38 status unpacked libgpgmepp7:amd64 2.0.0-2
2026-08-31 17:23:38 install libkf6notifications-data:all <none> 6.24.0-0ubuntu1
2026-08-31 17:23:38 status half-installed libkf6notifications-data:all 6.24.0-0ubuntu1
2026-08-31 17:23:38 status unpacked libkf6notifications-data:all 6.24.0-0ubuntu1
2026-08-31 17:23:38 install libasound2-data:all <none> 1.2.15.3-1ubuntu1.1
2026-08-31 17:23:38 status half-installed libasound2-data:all 1.2.15.3-1ubuntu1.1
2026-08-31 17:23:38 status unpacked libasound2-data:all 1.2.15.3-1ubuntu1.1
2026-08-31 17:23:38 install libasound2t64:amd64 <none> 1.2.15.3-1ubuntu1.1
2026-08-31 17:23:38 status half-installed libasound2t64:amd64 1.2.15.3-1ubuntu1.1
2026-08-31 17:23:38 status unpacked libasound2t64:amd64 1.2.15.3-1ubuntu1.1
2026-08-31 17:23:38 install libltdl7:amd64 <none> 2.5.4-9
2026-08-31 17:23:38 status half-installed libltdl7:amd64 2.5.4-9
2026-08-31 17:23:38 status unpacked libltdl7:amd64 2.5.4-9
2026-08-31 17:23:38 install libtdb1:amd64 <none> 2:1.4.14+samba4.23.6+dfsg-1ubuntu2.2
2026-08-31 17:23:38 status half-installed libtdb1:amd64 2:1.4.14+samba4.23.6+dfsg-1ubuntu2.2
2026-08-31 17:23:38 status unpacked libtdb1:amd64 2:1.4.14+samba4.23.6+dfsg-1ubuntu2.2
2026-08-31 17:23:38 install libogg0:amd64 <none> 1.3.6-2
2026-08-31 17:23:38 status half-installed libogg0:amd64 1.3.6-2
2026-08-31 17:23:38 status unpacked libogg0:amd64 1.3.6-2
2026-08-31 17:23:38 install libvorbis0a:amd64 <none> 1.3.7-3build2
2026-08-31 17:23:38 status half-installed libvorbis0a:amd64 1.3.7-3build2
2026-08-31 17:23:38 status unpacked libvorbis0a:amd64 1.3.7-3build2
2026-08-31 17:23:38 install libvorbisfile3:amd64 <none> 1.3.7-3build2
2026-08-31 17:23:38 status half-installed libvorbisfile3:amd64 1.3.7-3build2
2026-08-31 17:23:38 status unpacked libvorbisfile3:amd64 1.3.7-3build2
2026-08-31 17:23:38 install sound-theme-freedesktop:all <none> 0.8-7build1
2026-08-31 17:23:38 status half-installed sound-theme-freedesktop:all 0.8-7build1
2026-08-31 17:23:38 status unpacked sound-theme-freedesktop:all 0.8-7build1
2026-08-31 17:23:38 install libcanberra0:amd64 <none> 0.30-18ubuntu3
2026-08-31 17:23:38 status half-installed libcanberra0:amd64 0.30-18ubuntu3
2026-08-31 17:23:38 status unpacked libcanberra0:amd64 0.30-18ubuntu3
2026-08-31 17:23:38 install libkf6notifications6:amd64 <none> 6.24.0-0ubuntu1
2026-08-31 17:23:38 status half-installed libkf6notifications6:amd64 6.24.0-0ubuntu1
2026-08-31 17:23:38 status unpacked libkf6notifications6:amd64 6.24.0-0ubuntu1
2026-08-31 17:23:38 install libkf6widgetsaddons-data:all <none> 6.24.0-0ubuntu1
2026-08-31 17:23:38 status half-installed libkf6widgetsaddons-data:all 6.24.0-0ubuntu1
2026-08-31 17:23:38 status unpacked libkf6widgetsaddons-data:all 6.24.0-0ubuntu1
2026-08-31 17:23:38 install libkf6widgetsaddons6:amd64 <none> 6.24.0-0ubuntu1
2026-08-31 17:23:38 status half-installed libkf6widgetsaddons6:amd64 6.24.0-0ubuntu1
2026-08-31 17:23:38 status unpacked libkf6widgetsaddons6:amd64 6.24.0-0ubuntu1
2026-08-31 17:23:38 install libkf6walletbackend6:amd64 <none> 6.24.0-0ubuntu1
2026-08-31 17:23:38 status half-installed libkf6walletbackend6:amd64 6.24.0-0ubuntu1
2026-08-31 17:23:38 status unpacked libkf6walletbackend6:amd64 6.24.0-0ubuntu1
2026-08-31 17:23:38 install libkf6colorscheme-data:all <none> 6.24.0-0ubuntu1
2026-08-31 17:23:38 status half-installed libkf6colorscheme-data:all 6.24.0-0ubuntu1
2026-08-31 17:23:38 status unpacked libkf6colorscheme-data:all 6.24.0-0ubuntu1
2026-08-31 17:23:38 install libkf6configgui6:amd64 <none> 6.24.0-0ubuntu1
2026-08-31 17:23:38 status half-installed libkf6configgui6:amd64 6.24.0-0ubuntu1
2026-08-31 17:23:38 status unpacked libkf6configgui6:amd64 6.24.0-0ubuntu1
2026-08-31 17:23:38 install libkf6guiaddons-data:all <none> 6.24.0-0ubuntu1.1
2026-08-31 17:23:38 status half-installed libkf6guiaddons-data:all 6.24.0-0ubuntu1.1
2026-08-31 17:23:38 status unpacked libkf6guiaddons-data:all 6.24.0-0ubuntu1.1
2026-08-31 17:23:38 install libqt6opengl6:amd64 <none> 6.10.2+dfsg-7
2026-08-31 17:23:38 status half-installed libqt6opengl6:amd64 6.10.2+dfsg-7
2026-08-31 17:23:38 status unpacked libqt6opengl6:amd64 6.10.2+dfsg-7
2026-08-31 17:23:38 install libwayland-cursor0:amd64 <none> 1.24.0-2
2026-08-31 17:23:38 status half-installed libwayland-cursor0:amd64 1.24.0-2
2026-08-31 17:23:38 status unpacked libwayland-cursor0:amd64 1.24.0-2
2026-08-31 17:23:38 install libwayland-egl1:amd64 <none> 1.24.0-2
2026-08-31 17:23:38 status half-installed libwayland-egl1:amd64 1.24.0-2
2026-08-31 17:23:38 status unpacked libwayland-egl1:amd64 1.24.0-2
2026-08-31 17:23:38 install libqt6waylandclient6:amd64 <none> 6.10.2+dfsg-7
2026-08-31 17:23:38 status half-installed libqt6waylandclient6:amd64 6.10.2+dfsg-7
2026-08-31 17:23:38 status unpacked libqt6waylandclient6:amd64 6.10.2+dfsg-7
2026-08-31 17:23:38 install libkf6guiaddons6:amd64 <none> 6.24.0-0ubuntu1.1
2026-08-31 17:23:38 status half-installed libkf6guiaddons6:amd64 6.24.0-0ubuntu1.1
2026-08-31 17:23:38 status unpacked libkf6guiaddons6:amd64 6.24.0-0ubuntu1.1
2026-08-31 17:23:38 install libkf6colorscheme6:amd64 <none> 6.24.0-0ubuntu1
2026-08-31 17:23:38 status half-installed libkf6colorscheme6:amd64 6.24.0-0ubuntu1
2026-08-31 17:23:38 status unpacked libkf6colorscheme6:amd64 6.24.0-0ubuntu1
2026-08-31 17:23:38 install libkf6wallet6:amd64 <none> 6.24.0-0ubuntu1
2026-08-31 17:23:38 status half-installed libkf6wallet6:amd64 6.24.0-0ubuntu1
2026-08-31 17:23:38 status unpacked libkf6wallet6:amd64 6.24.0-0ubuntu1
2026-08-31 17:23:38 install libkf6windowsystem-data:all <none> 6.24.0-0ubuntu1
2026-08-31 17:23:38 status half-installed libkf6windowsystem-data:all 6.24.0-0ubuntu1
2026-08-31 17:23:38 status unpacked libkf6windowsystem-data:all 6.24.0-0ubuntu1
2026-08-31 17:23:38 install libxcb-res0:amd64 <none> 1.17.0-2ubuntu1
2026-08-31 17:23:38 status half-installed libxcb-res0:amd64 1.17.0-2ubuntu1
2026-08-31 17:23:38 status unpacked libxcb-res0:amd64 1.17.0-2ubuntu1
2026-08-31 17:23:39 install libxfixes3:amd64 <none> 1:6.0.0-2build2
2026-08-31 17:23:39 status half-installed libxfixes3:amd64 1:6.0.0-2build2
2026-08-31 17:23:39 status unpacked libxfixes3:amd64 1:6.0.0-2build2
2026-08-31 17:23:39 install libkf6windowsystem6:amd64 <none> 6.24.0-0ubuntu1
2026-08-31 17:23:39 status half-installed libkf6windowsystem6:amd64 6.24.0-0ubuntu1
2026-08-31 17:23:39 status unpacked libkf6windowsystem6:amd64 6.24.0-0ubuntu1
2026-08-31 17:23:39 install libqt6core5compat6:amd64 <none> 6.10.2-1
2026-08-31 17:23:39 status half-installed libqt6core5compat6:amd64 6.10.2-1
2026-08-31 17:23:39 status unpacked libqt6core5compat6:amd64 6.10.2-1
2026-08-31 17:23:39 install libqca-qt6-2:amd64 <none> 2.3.10-2
2026-08-31 17:23:39 status half-installed libqca-qt6-2:amd64 2.3.10-2
2026-08-31 17:23:39 status unpacked libqca-qt6-2:amd64 2.3.10-2
2026-08-31 17:23:39 install libsecret-common:all <none> 0.21.7-2build1
2026-08-31 17:23:39 status half-installed libsecret-common:all 0.21.7-2build1
2026-08-31 17:23:39 status unpacked libsecret-common:all 0.21.7-2build1
2026-08-31 17:23:39 install libsecret-1-0:amd64 <none> 0.21.7-2build1
2026-08-31 17:23:39 status half-installed libsecret-1-0:amd64 0.21.7-2build1
2026-08-31 17:23:39 status unpacked libsecret-1-0:amd64 0.21.7-2build1
2026-08-31 17:23:39 install kwallet6:amd64 <none> 6.24.0-0ubuntu1
2026-08-31 17:23:39 status half-installed kwallet6:amd64 6.24.0-0ubuntu1
2026-08-31 17:23:39 status unpacked kwallet6:amd64 6.24.0-0ubuntu1
2026-08-31 17:23:39 install libkf6archive-data:all <none> 6.24.0-0ubuntu1
2026-08-31 17:23:39 status half-installed libkf6archive-data:all 6.24.0-0ubuntu1
2026-08-31 17:23:39 status unpacked libkf6archive-data:all 6.24.0-0ubuntu1
2026-08-31 17:23:39 install libkf6archive6:amd64 <none> 6.24.0-0ubuntu1
2026-08-31 17:23:39 status half-installed libkf6archive6:amd64 6.24.0-0ubuntu1
2026-08-31 17:23:39 status unpacked libkf6archive6:amd64 6.24.0-0ubuntu1
2026-08-31 17:23:39 install libxslt1.1:amd64 <none> 1.1.45-0.1
2026-08-31 17:23:39 status half-installed libxslt1.1:amd64 1.1.45-0.1
2026-08-31 17:23:39 status unpacked libxslt1.1:amd64 1.1.45-0.1
2026-08-31 17:23:39 install libkf6doctools6:amd64 <none> 6.24.0-0ubuntu1
2026-08-31 17:23:39 status half-installed libkf6doctools6:amd64 6.24.0-0ubuntu1
2026-08-31 17:23:39 status unpacked libkf6doctools6:amd64 6.24.0-0ubuntu1
2026-08-31 17:23:39 install libkf6kiocore6:amd64 <none> 6.24.0-0ubuntu1
2026-08-31 17:23:39 status half-installed libkf6kiocore6:amd64 6.24.0-0ubuntu1
2026-08-31 17:23:39 status unpacked libkf6kiocore6:amd64 6.24.0-0ubuntu1
2026-08-31 17:23:39 install libkf6bookmarks-data:all <none> 6.24.0-0ubuntu1
2026-08-31 17:23:39 status half-installed libkf6bookmarks-data:all 6.24.0-0ubuntu1
2026-08-31 17:23:39 status unpacked libkf6bookmarks-data:all 6.24.0-0ubuntu1
2026-08-31 17:23:39 install libkf6bookmarks6:amd64 <none> 6.24.0-0ubuntu1
2026-08-31 17:23:39 status half-installed libkf6bookmarks6:amd64 6.24.0-0ubuntu1
2026-08-31 17:23:39 status unpacked libkf6bookmarks6:amd64 6.24.0-0ubuntu1
2026-08-31 17:23:39 install libkf6bookmarkswidgets6:amd64 <none> 6.24.0-0ubuntu1
2026-08-31 17:23:39 status half-installed libkf6bookmarkswidgets6:amd64 6.24.0-0ubuntu1
2026-08-31 17:23:39 status unpacked libkf6bookmarkswidgets6:amd64 6.24.0-0ubuntu1
2026-08-31 17:23:39 install libkf6completion-data:all <none> 6.24.0-0ubuntu1
2026-08-31 17:23:39 status half-installed libkf6completion-data:all 6.24.0-0ubuntu1
2026-08-31 17:23:39 status unpacked libkf6completion-data:all 6.24.0-0ubuntu1
2026-08-31 17:23:39 install libkf6codecs-data:all <none> 6.24.0-0ubuntu1
2026-08-31 17:23:39 status half-installed libkf6codecs-data:all 6.24.0-0ubuntu1
2026-08-31 17:23:39 status unpacked libkf6codecs-data:all 6.24.0-0ubuntu1
2026-08-31 17:23:39 install libkf6codecs6:amd64 <none> 6.24.0-0ubuntu1
2026-08-31 17:23:39 status half-installed libkf6codecs6:amd64 6.24.0-0ubuntu1
2026-08-31 17:23:39 status unpacked libkf6codecs6:amd64 6.24.0-0ubuntu1
2026-08-31 17:23:39 install libkf6completion6:amd64 <none> 6.24.0-0ubuntu1
2026-08-31 17:23:39 status half-installed libkf6completion6:amd64 6.24.0-0ubuntu1
2026-08-31 17:23:39 status unpacked libkf6completion6:amd64 6.24.0-0ubuntu1
2026-08-31 17:23:39 install libkf6iconthemes-data:all <none> 6.24.0-0ubuntu2
2026-08-31 17:23:39 status half-installed libkf6iconthemes-data:all 6.24.0-0ubuntu2
2026-08-31 17:23:39 status unpacked libkf6iconthemes-data:all 6.24.0-0ubuntu2
2026-08-31 17:23:39 install libqt6svg6:amd64 <none> 6.10.2-2
2026-08-31 17:23:39 status half-installed libqt6svg6:amd64 6.10.2-2
2026-08-31 17:23:39 status unpacked libqt6svg6:amd64 6.10.2-2
2026-08-31 17:23:39 install libkf6breezeicons6:amd64 <none> 6.24.0-0ubuntu1
2026-08-31 17:23:39 status half-installed libkf6breezeicons6:amd64 6.24.0-0ubuntu1
2026-08-31 17:23:39 status unpacked libkf6breezeicons6:amd64 6.24.0-0ubuntu1
2026-08-31 17:23:39 install libkf6iconthemes6:amd64 <none> 6.24.0-0ubuntu2
2026-08-31 17:23:39 status half-installed libkf6iconthemes6:amd64 6.24.0-0ubuntu2
2026-08-31 17:23:39 status unpacked libkf6iconthemes6:amd64 6.24.0-0ubuntu2
2026-08-31 17:23:39 install libkf6iconwidgets6:amd64 <none> 6.24.0-0ubuntu2
2026-08-31 17:23:39 status half-installed libkf6iconwidgets6:amd64 6.24.0-0ubuntu2
2026-08-31 17:23:39 status unpacked libkf6iconwidgets6:amd64 6.24.0-0ubuntu2
2026-08-31 17:23:39 install libkf6itemviews-data:all <none> 6.24.0-0ubuntu1
2026-08-31 17:23:39 status half-installed libkf6itemviews-data:all 6.24.0-0ubuntu1
2026-08-31 17:23:39 status unpacked libkf6itemviews-data:all 6.24.0-0ubuntu1
2026-08-31 17:23:39 install libkf6itemviews6:amd64 <none> 6.24.0-0ubuntu1
2026-08-31 17:23:39 status half-installed libkf6itemviews6:amd64 6.24.0-0ubuntu1
2026-08-31 17:23:39 status unpacked libkf6itemviews6:amd64 6.24.0-0ubuntu1
2026-08-31 17:23:39 install libkf6solid-data:all <none> 6.24.0-0ubuntu1
2026-08-31 17:23:39 status half-installed libkf6solid-data:all 6.24.0-0ubuntu1
2026-08-31 17:23:39 status unpacked libkf6solid-data:all 6.24.0-0ubuntu1
2026-08-31 17:23:39 install libplist-2.0-4:amd64 <none> 2.7.0+git20250820-1build1
2026-08-31 17:23:39 status half-installed libplist-2.0-4:amd64 2.7.0+git20250820-1build1
2026-08-31 17:23:39 status unpacked libplist-2.0-4:amd64 2.7.0+git20250820-1build1
2026-08-31 17:23:39 install libimobiledevice-glue-1.0-0:amd64 <none> 1.3.2-2build1
2026-08-31 17:23:39 status half-installed libimobiledevice-glue-1.0-0:amd64 1.3.2-2build1
2026-08-31 17:23:39 status unpacked libimobiledevice-glue-1.0-0:amd64 1.3.2-2build1
2026-08-31 17:23:39 install libusbmuxd-2.0-7:amd64 <none> 2.1.1-1
2026-08-31 17:23:39 status half-installed libusbmuxd-2.0-7:amd64 2.1.1-1
2026-08-31 17:23:39 status unpacked libusbmuxd-2.0-7:amd64 2.1.1-1
2026-08-31 17:23:39 install libimobiledevice-1.0-6:amd64 <none> 1.4.0-1build1
2026-08-31 17:23:39 status half-installed libimobiledevice-1.0-6:amd64 1.4.0-1build1
2026-08-31 17:23:39 status unpacked libimobiledevice-1.0-6:amd64 1.4.0-1build1
2026-08-31 17:23:39 install libkf6solid6:amd64 <none> 6.24.0-0ubuntu1
2026-08-31 17:23:39 status half-installed libkf6solid6:amd64 6.24.0-0ubuntu1
2026-08-31 17:23:39 status unpacked libkf6solid6:amd64 6.24.0-0ubuntu1
2026-08-31 17:23:39 install libkf6kiogui6:amd64 <none> 6.24.0-0ubuntu1
2026-08-31 17:23:39 status half-installed libkf6kiogui6:amd64 6.24.0-0ubuntu1
2026-08-31 17:23:39 status unpacked libkf6kiogui6:amd64 6.24.0-0ubuntu1
2026-08-31 17:23:39 install libkf6jobwidgets-data:all <none> 6.24.0-0ubuntu1
2026-08-31 17:23:39 status half-installed libkf6jobwidgets-data:all 6.24.0-0ubuntu1
2026-08-31 17:23:39 status unpacked libkf6jobwidgets-data:all 6.24.0-0ubuntu1
2026-08-31 17:23:39 install libkf6jobwidgets6:amd64 <none> 6.24.0-0ubuntu1
2026-08-31 17:23:39 status half-installed libkf6jobwidgets6:amd64 6.24.0-0ubuntu1
2026-08-31 17:23:39 status unpacked libkf6jobwidgets6:amd64 6.24.0-0ubuntu1
2026-08-31 17:23:39 install libkf6kiowidgets6:amd64 <none> 6.24.0-0ubuntu1
2026-08-31 17:23:39 status half-installed libkf6kiowidgets6:amd64 6.24.0-0ubuntu1
2026-08-31 17:23:39 status unpacked libkf6kiowidgets6:amd64 6.24.0-0ubuntu1
2026-08-31 17:23:39 install libkf6kiofilewidgets6:amd64 <none> 6.24.0-0ubuntu1
2026-08-31 17:23:39 status half-installed libkf6kiofilewidgets6:amd64 6.24.0-0ubuntu1
2026-08-31 17:23:39 status unpacked libkf6kiofilewidgets6:amd64 6.24.0-0ubuntu1
2026-08-31 17:23:39 install kio6:amd64 <none> 6.24.0-0ubuntu1
2026-08-31 17:23:39 status half-installed kio6:amd64 6.24.0-0ubuntu1
2026-08-31 17:23:39 status unpacked kio6:amd64 6.24.0-0ubuntu1
2026-08-31 17:23:39 install libqt6qmlmodels6:amd64 <none> 6.10.2+dfsg-3
2026-08-31 17:23:39 status half-installed libqt6qmlmodels6:amd64 6.10.2+dfsg-3
2026-08-31 17:23:39 status unpacked libqt6qmlmodels6:amd64 6.10.2+dfsg-3
2026-08-31 17:23:39 install libqt6qmlworkerscript6:amd64 <none> 6.10.2+dfsg-3
2026-08-31 17:23:39 status half-installed libqt6qmlworkerscript6:amd64 6.10.2+dfsg-3
2026-08-31 17:23:39 status unpacked libqt6qmlworkerscript6:amd64 6.10.2+dfsg-3
2026-08-31 17:23:39 install libqt6qmlmeta6:amd64 <none> 6.10.2+dfsg-3
2026-08-31 17:23:39 status half-installed libqt6qmlmeta6:amd64 6.10.2+dfsg-3
2026-08-31 17:23:39 status unpacked libqt6qmlmeta6:amd64 6.10.2+dfsg-3
2026-08-31 17:23:39 install libqt6quick6:amd64 <none> 6.10.2+dfsg-3
2026-08-31 17:23:39 status half-installed libqt6quick6:amd64 6.10.2+dfsg-3
2026-08-31 17:23:39 status unpacked libqt6quick6:amd64 6.10.2+dfsg-3
2026-08-31 17:23:39 install libkf6configqml6:amd64 <none> 6.24.0-0ubuntu1
2026-08-31 17:23:39 status half-installed libkf6configqml6:amd64 6.24.0-0ubuntu1
2026-08-31 17:23:39 status unpacked libkf6configqml6:amd64 6.24.0-0ubuntu1
2026-08-31 17:23:40 install libkf6globalaccel-data:all <none> 6.24.0-0ubuntu1
2026-08-31 17:23:40 status half-installed libkf6globalaccel-data:all 6.24.0-0ubuntu1
2026-08-31 17:23:40 status unpacked libkf6globalaccel-data:all 6.24.0-0ubuntu1
2026-08-31 17:23:40 install libkf6globalaccel6:amd64 <none> 6.24.0-0ubuntu1
2026-08-31 17:23:40 status half-installed libkf6globalaccel6:amd64 6.24.0-0ubuntu1
2026-08-31 17:23:40 status unpacked libkf6globalaccel6:amd64 6.24.0-0ubuntu1
2026-08-31 17:23:40 install libkf6i18nqml6:amd64 <none> 6.24.0-0ubuntu1
2026-08-31 17:23:40 status half-installed libkf6i18nqml6:amd64 6.24.0-0ubuntu1
2026-08-31 17:23:40 status unpacked libkf6i18nqml6:amd64 6.24.0-0ubuntu1
2026-08-31 17:23:40 install libxss1:amd64 <none> 1:1.2.3-1build4
2026-08-31 17:23:40 status half-installed libxss1:amd64 1:1.2.3-1build4
2026-08-31 17:23:40 status unpacked libxss1:amd64 1:1.2.3-1build4
2026-08-31 17:23:40 install libkf6idletime6:amd64 <none> 6.24.0-0ubuntu1
2026-08-31 17:23:40 status half-installed libkf6idletime6:amd64 6.24.0-0ubuntu1
2026-08-31 17:23:40 status unpacked libkf6idletime6:amd64 6.24.0-0ubuntu1
2026-08-31 17:23:40 install libkf6package-data:all <none> 6.24.0-0ubuntu1
2026-08-31 17:23:40 status half-installed libkf6package-data:all 6.24.0-0ubuntu1
2026-08-31 17:23:40 status unpacked libkf6package-data:all 6.24.0-0ubuntu1
2026-08-31 17:23:40 install libkf6package6:amd64 <none> 6.24.0-0ubuntu1
2026-08-31 17:23:40 status half-installed libkf6package6:amd64 6.24.0-0ubuntu1
2026-08-31 17:23:40 status unpacked libkf6package6:amd64 6.24.0-0ubuntu1
2026-08-31 17:23:40 install libkscreen-data:all <none> 4:6.6.4-0ubuntu1
2026-08-31 17:23:40 status half-installed libkscreen-data:all 4:6.6.4-0ubuntu1
2026-08-31 17:23:40 status unpacked libkscreen-data:all 4:6.6.4-0ubuntu1
2026-08-31 17:23:40 install libxcb-dpms0:amd64 <none> 1.17.0-2ubuntu1
2026-08-31 17:23:40 status half-installed libxcb-dpms0:amd64 1.17.0-2ubuntu1
2026-08-31 17:23:40 status unpacked libxcb-dpms0:amd64 1.17.0-2ubuntu1
2026-08-31 17:23:40 install libkf6screendpms8:amd64 <none> 4:6.6.4-0ubuntu1
2026-08-31 17:23:40 status half-installed libkf6screendpms8:amd64 4:6.6.4-0ubuntu1
2026-08-31 17:23:40 status unpacked libkf6screendpms8:amd64 4:6.6.4-0ubuntu1
2026-08-31 17:23:40 install libkf6xmlgui-data:all <none> 6.24.0-0ubuntu1
2026-08-31 17:23:40 status half-installed libkf6xmlgui-data:all 6.24.0-0ubuntu1
2026-08-31 17:23:40 status unpacked libkf6xmlgui-data:all 6.24.0-0ubuntu1
2026-08-31 17:23:40 install libkf6configwidgets-data:all <none> 6.24.0-0ubuntu1
2026-08-31 17:23:40 status half-installed libkf6configwidgets-data:all 6.24.0-0ubuntu1
2026-08-31 17:23:40 status unpacked libkf6configwidgets-data:all 6.24.0-0ubuntu1
2026-08-31 17:23:40 install libkf6configwidgets6:amd64 <none> 6.24.0-0ubuntu1
2026-08-31 17:23:40 status half-installed libkf6configwidgets6:amd64 6.24.0-0ubuntu1
2026-08-31 17:23:40 status unpacked libkf6configwidgets6:amd64 6.24.0-0ubuntu1
2026-08-31 17:23:40 install libavahi-common-data:amd64 <none> 0.8-18ubuntu1.1
2026-08-31 17:23:40 status half-installed libavahi-common-data:amd64 0.8-18ubuntu1.1
2026-08-31 17:23:40 status unpacked libavahi-common-data:amd64 0.8-18ubuntu1.1
2026-08-31 17:23:40 install libavahi-common3:amd64 <none> 0.8-18ubuntu1.1
2026-08-31 17:23:40 status half-installed libavahi-common3:amd64 0.8-18ubuntu1.1
2026-08-31 17:23:40 status unpacked libavahi-common3:amd64 0.8-18ubuntu1.1
2026-08-31 17:23:40 install libavahi-client3:amd64 <none> 0.8-18ubuntu1.1
2026-08-31 17:23:40 status half-installed libavahi-client3:amd64 0.8-18ubuntu1.1
2026-08-31 17:23:40 status unpacked libavahi-client3:amd64 0.8-18ubuntu1.1
2026-08-31 17:23:40 install libcups2t64:amd64 <none> 2.4.16-1ubuntu1.3
2026-08-31 17:23:40 status half-installed libcups2t64:amd64 2.4.16-1ubuntu1.3
2026-08-31 17:23:40 status unpacked libcups2t64:amd64 2.4.16-1ubuntu1.3
2026-08-31 17:23:40 install libqt6printsupport6:amd64 <none> 6.10.2+dfsg-7
2026-08-31 17:23:40 status half-installed libqt6printsupport6:amd64 6.10.2+dfsg-7
2026-08-31 17:23:40 status unpacked libqt6printsupport6:amd64 6.10.2+dfsg-7
2026-08-31 17:23:40 install libkf6xmlgui6:amd64 <none> 6.24.0-0ubuntu1
2026-08-31 17:23:40 status half-installed libkf6xmlgui6:amd64 6.24.0-0ubuntu1
2026-08-31 17:23:40 status unpacked libkf6xmlgui6:amd64 6.24.0-0ubuntu1
2026-08-31 17:23:40 install liblayershellqtinterface6:amd64 <none> 6.6.4-0ubuntu1
2026-08-31 17:23:40 status half-installed liblayershellqtinterface6:amd64 6.6.4-0ubuntu1
2026-08-31 17:23:40 status unpacked liblayershellqtinterface6:amd64 6.6.4-0ubuntu1
2026-08-31 17:23:40 install libkf6svg6:amd64 <none> 6.24.0-0ubuntu1
2026-08-31 17:23:40 status half-installed libkf6svg6:amd64 6.24.0-0ubuntu1
2026-08-31 17:23:40 status unpacked libkf6svg6:amd64 6.24.0-0ubuntu1
2026-08-31 17:23:40 install libplasmaactivities-data:all <none> 6.6.4-0ubuntu1
2026-08-31 17:23:40 status half-installed libplasmaactivities-data:all 6.6.4-0ubuntu1
2026-08-31 17:23:40 status unpacked libplasmaactivities-data:all 6.6.4-0ubuntu1
2026-08-31 17:23:40 install libplasmaactivities7:amd64 <none> 6.6.4-0ubuntu1
2026-08-31 17:23:40 status half-installed libplasmaactivities7:amd64 6.6.4-0ubuntu1
2026-08-31 17:23:40 status unpacked libplasmaactivities7:amd64 6.6.4-0ubuntu1
2026-08-31 17:23:40 install libplasma7:amd64 <none> 6.6.6-0ubuntu0.1
2026-08-31 17:23:40 status half-installed libplasma7:amd64 6.6.6-0ubuntu0.1
2026-08-31 17:23:40 status unpacked libplasma7:amd64 6.6.6-0ubuntu0.1
2026-08-31 17:23:40 install libplasmaquick7:amd64 <none> 6.6.6-0ubuntu0.1
2026-08-31 17:23:40 status half-installed libplasmaquick7:amd64 6.6.6-0ubuntu0.1
2026-08-31 17:23:40 status unpacked libplasmaquick7:amd64 6.6.6-0ubuntu0.1
2026-08-31 17:23:40 install libwayland-server0:amd64 <none> 1.24.0-2
2026-08-31 17:23:40 status half-installed libwayland-server0:amd64 1.24.0-2
2026-08-31 17:23:40 status unpacked libwayland-server0:amd64 1.24.0-2
2026-08-31 17:23:40 install libxi6:amd64 <none> 2:1.8.2-2
2026-08-31 17:23:40 status half-installed libxi6:amd64 2:1.8.2-2
2026-08-31 17:23:40 status unpacked libxi6:amd64 2:1.8.2-2
2026-08-31 17:23:40 startup packages configure
2026-08-31 17:23:40 configure psmisc:amd64 23.7-2ubuntu2 <none>
2026-08-31 17:23:40 status unpacked psmisc:amd64 23.7-2ubuntu2
2026-08-31 17:23:40 status half-configured psmisc:amd64 23.7-2ubuntu2
2026-08-31 17:23:40 status installed psmisc:amd64 23.7-2ubuntu2
2026-08-31 17:23:40 startup archives unpack
2026-08-31 17:23:40 install libkscreenlocker6:amd64 <none> 6.6.5-0ubuntu0.1
2026-08-31 17:23:40 status half-installed libkscreenlocker6:amd64 6.6.5-0ubuntu0.1
2026-08-31 17:23:40 status unpacked libkscreenlocker6:amd64 6.6.5-0ubuntu0.1
2026-08-31 17:23:40 install isa-support:amd64 <none> 27ubuntu2
2026-08-31 17:23:40 status half-installed isa-support:amd64 27ubuntu2
2026-08-31 17:23:40 status unpacked isa-support:amd64 27ubuntu2
2026-08-31 17:23:40 startup packages configure
2026-08-31 17:23:40 configure isa-support:amd64 27ubuntu2 <none>
2026-08-31 17:23:40 status unpacked isa-support:amd64 27ubuntu2
2026-08-31 17:23:40 status half-configured isa-support:amd64 27ubuntu2
2026-08-31 17:23:40 status installed isa-support:amd64 27ubuntu2
2026-08-31 17:23:40 startup archives unpack
2026-08-31 17:23:40 install sse3-support:amd64 <none> 27ubuntu2
2026-08-31 17:23:40 status half-installed sse3-support:amd64 27ubuntu2
2026-08-31 17:23:40 status unpacked sse3-support:amd64 27ubuntu2
2026-08-31 17:23:40 upgrade bsdutils:amd64 1:2.41.3-3ubuntu2 1:2.41.3-3ubuntu2.2
2026-08-31 17:23:40 status half-configured bsdutils:amd64 1:2.41.3-3ubuntu2
2026-08-31 17:23:40 status unpacked bsdutils:amd64 1:2.41.3-3ubuntu2
2026-08-31 17:23:40 status half-installed bsdutils:amd64 1:2.41.3-3ubuntu2
2026-08-31 17:23:40 status unpacked bsdutils:amd64 1:2.41.3-3ubuntu2.2
2026-08-31 17:23:40 install openssl:amd64 <none> 3.5.5-1ubuntu3.5
2026-08-31 17:23:40 status half-installed openssl:amd64 3.5.5-1ubuntu3.5
2026-08-31 17:23:40 status unpacked openssl:amd64 3.5.5-1ubuntu3.5
2026-08-31 17:23:40 install ca-certificates:all <none> 20260601~26.04.1
2026-08-31 17:23:40 status half-installed ca-certificates:all 20260601~26.04.1
2026-08-31 17:23:40 status unpacked ca-certificates:all 20260601~26.04.1
2026-08-31 17:23:40 install dbus-bin:amd64 <none> 1.16.2-2ubuntu4
2026-08-31 17:23:40 status half-installed dbus-bin:amd64 1.16.2-2ubuntu4
2026-08-31 17:23:40 status unpacked dbus-bin:amd64 1.16.2-2ubuntu4
2026-08-31 17:23:40 install dbus-session-bus-common:all <none> 1.16.2-2ubuntu4
2026-08-31 17:23:40 status half-installed dbus-session-bus-common:all 1.16.2-2ubuntu4
2026-08-31 17:23:40 status unpacked dbus-session-bus-common:all 1.16.2-2ubuntu4
2026-08-31 17:23:40 install dbus-daemon:amd64 <none> 1.16.2-2ubuntu4
2026-08-31 17:23:40 status half-installed dbus-daemon:amd64 1.16.2-2ubuntu4
2026-08-31 17:23:40 status unpacked dbus-daemon:amd64 1.16.2-2ubuntu4
2026-08-31 17:23:40 install dbus-system-bus-common:all <none> 1.16.2-2ubuntu4
2026-08-31 17:23:40 status half-installed dbus-system-bus-common:all 1.16.2-2ubuntu4
2026-08-31 17:23:40 status unpacked dbus-system-bus-common:all 1.16.2-2ubuntu4
2026-08-31 17:23:40 install dbus:amd64 <none> 1.16.2-2ubuntu4
2026-08-31 17:23:40 status half-installed dbus:amd64 1.16.2-2ubuntu4
2026-08-31 17:23:40 status unpacked dbus:amd64 1.16.2-2ubuntu4
2026-08-31 17:23:40 install libpam-systemd:amd64 <none> 259.5-0ubuntu3.4
2026-08-31 17:23:40 status half-installed libpam-systemd:amd64 259.5-0ubuntu3.4
2026-08-31 17:23:40 status unpacked libpam-systemd:amd64 259.5-0ubuntu3.4
2026-08-31 17:23:40 install dbus-user-session:amd64 <none> 1.16.2-2ubuntu4
2026-08-31 17:23:40 status half-installed dbus-user-session:amd64 1.16.2-2ubuntu4
2026-08-31 17:23:40 status unpacked dbus-user-session:amd64 1.16.2-2ubuntu4
2026-08-31 17:23:40 install libtext-iconv-perl:amd64 <none> 1.7-8.1
2026-08-31 17:23:40 status half-installed libtext-iconv-perl:amd64 1.7-8.1
2026-08-31 17:23:40 status unpacked libtext-iconv-perl:amd64 1.7-8.1
2026-08-31 17:23:40 install debconf-i18n:all <none> 1.5.92
2026-08-31 17:23:40 status half-installed debconf-i18n:all 1.5.92
2026-08-31 17:23:40 status unpacked debconf-i18n:all 1.5.92
2026-08-31 17:23:40 install dhcpcd-base:amd64 <none> 1:10.3.0-7
2026-08-31 17:23:40 status half-installed dhcpcd-base:amd64 1:10.3.0-7
2026-08-31 17:23:40 status unpacked dhcpcd-base:amd64 1:10.3.0-7
2026-08-31 17:23:40 install distro-info-data:all <none> 0.72-0ubuntu0.26.04.1
2026-08-31 17:23:40 status half-installed distro-info-data:all 0.72-0ubuntu0.26.04.1
2026-08-31 17:23:40 status unpacked distro-info-data:all 0.72-0ubuntu0.26.04.1
2026-08-31 17:23:40 install distro-info:amd64 <none> 1.15
2026-08-31 17:23:40 status half-installed distro-info:amd64 1.15
2026-08-31 17:23:40 status unpacked distro-info:amd64 1.15
2026-08-31 17:23:40 install libdevmapper1.02.1:amd64 <none> 2:1.02.205-2ubuntu3
2026-08-31 17:23:40 status half-installed libdevmapper1.02.1:amd64 2:1.02.205-2ubuntu3
2026-08-31 17:23:40 status unpacked libdevmapper1.02.1:amd64 2:1.02.205-2ubuntu3
2026-08-31 17:23:40 install dmsetup:amd64 <none> 2:1.02.205-2ubuntu3
2026-08-31 17:23:40 status half-installed dmsetup:amd64 2:1.02.205-2ubuntu3
2026-08-31 17:23:40 status unpacked dmsetup:amd64 2:1.02.205-2ubuntu3
2026-08-31 17:23:40 install eject:amd64 <none> 2.41.3-3ubuntu2.2
2026-08-31 17:23:40 status half-installed eject:amd64 2.41.3-3ubuntu2.2
2026-08-31 17:23:40 status unpacked eject:amd64 2.41.3-3ubuntu2.2
2026-08-31 17:23:40 install ethtool:amd64 <none> 1:6.19-1
2026-08-31 17:23:40 status half-installed ethtool:amd64 1:6.19-1
2026-08-31 17:23:40 status unpacked ethtool:amd64 1:6.19-1
2026-08-31 17:23:40 install iputils-ping:amd64 <none> 3:20250605-1ubuntu1
2026-08-31 17:23:40 status half-installed iputils-ping:amd64 3:20250605-1ubuntu1
2026-08-31 17:23:40 status unpacked iputils-ping:amd64 3:20250605-1ubuntu1
2026-08-31 17:23:40 install iso-codes:all <none> 4.20.1-1
2026-08-31 17:23:40 status half-installed iso-codes:all 4.20.1-1
2026-08-31 17:23:41 status unpacked iso-codes:all 4.20.1-1
2026-08-31 17:23:41 install libkmod2:amd64 <none> 34.2-2ubuntu2
2026-08-31 17:23:41 status half-installed libkmod2:amd64 34.2-2ubuntu2
2026-08-31 17:23:41 status unpacked libkmod2:amd64 34.2-2ubuntu2
2026-08-31 17:23:41 install kmod:amd64 <none> 34.2-2ubuntu2
2026-08-31 17:23:41 status half-installed kmod:amd64 34.2-2ubuntu2
2026-08-31 17:23:41 status unpacked kmod:amd64 34.2-2ubuntu2
2026-08-31 17:23:41 install less:amd64 <none> 668-1build1
2026-08-31 17:23:41 status half-installed less:amd64 668-1build1
2026-08-31 17:23:41 status unpacked less:amd64 668-1build1
2026-08-31 17:23:41 install libfribidi0:amd64 <none> 1.0.16-5
2026-08-31 17:23:41 status half-installed libfribidi0:amd64 1.0.16-5
2026-08-31 17:23:41 status unpacked libfribidi0:amd64 1.0.16-5
2026-08-31 17:23:41 install libjson-c5:amd64 <none> 0.18+ds-3
2026-08-31 17:23:41 status half-installed libjson-c5:amd64 0.18+ds-3
2026-08-31 17:23:41 status unpacked libjson-c5:amd64 0.18+ds-3
2026-08-31 17:23:41 install libyaml-0-2:amd64 <none> 0.2.5-2build3
2026-08-31 17:23:41 status half-installed libyaml-0-2:amd64 0.2.5-2build3
2026-08-31 17:23:41 status unpacked libyaml-0-2:amd64 0.2.5-2build3
2026-08-31 17:23:41 install libnetplan1:amd64 <none> 1.2-1ubuntu5
2026-08-31 17:23:41 status half-installed libnetplan1:amd64 1.2-1ubuntu5
2026-08-31 17:23:41 status unpacked libnetplan1:amd64 1.2-1ubuntu5
2026-08-31 17:23:41 install libslang2:amd64 <none> 2.3.3-5build1
2026-08-31 17:23:41 status half-installed libslang2:amd64 2.3.3-5build1
2026-08-31 17:23:41 status unpacked libslang2:amd64 2.3.3-5build1
2026-08-31 17:23:41 install libnewt0.52:amd64 <none> 0.52.25-1ubuntu3
2026-08-31 17:23:41 status half-installed libnewt0.52:amd64 0.52.25-1ubuntu3
2026-08-31 17:23:41 status unpacked libnewt0.52:amd64 0.52.25-1ubuntu3
2026-08-31 17:23:41 install libpopt0:amd64 <none> 1.19+dfsg-2build1
2026-08-31 17:23:41 status half-installed libpopt0:amd64 1.19+dfsg-2build1
2026-08-31 17:23:41 status unpacked libpopt0:amd64 1.19+dfsg-2build1
2026-08-31 17:23:41 install locales:all <none> 2.43-2ubuntu2.3
2026-08-31 17:23:41 status half-installed locales:all 2.43-2ubuntu2.3
2026-08-31 17:23:41 status unpacked locales:all 2.43-2ubuntu2.3
2026-08-31 17:23:41 install lsb-release:all <none> 12.1-2build1
2026-08-31 17:23:41 status half-installed lsb-release:all 12.1-2build1
2026-08-31 17:23:41 status unpacked lsb-release:all 12.1-2build1
2026-08-31 17:23:41 install netcat-openbsd:amd64 <none> 1.234-1
2026-08-31 17:23:41 status half-installed netcat-openbsd:amd64 1.234-1
2026-08-31 17:23:41 status unpacked netcat-openbsd:amd64 1.234-1
2026-08-31 17:23:41 install netplan-generator:amd64 <none> 1.2-1ubuntu5
2026-08-31 17:23:41 status half-installed netplan-generator:amd64 1.2-1ubuntu5
2026-08-31 17:23:41 status unpacked netplan-generator:amd64 1.2-1ubuntu5
2026-08-31 17:23:41 install python3-cffi-backend:amd64 <none> 2.0.0-3build1
2026-08-31 17:23:41 status half-installed python3-cffi-backend:amd64 2.0.0-3build1
2026-08-31 17:23:41 status unpacked python3-cffi-backend:amd64 2.0.0-3build1
2026-08-31 17:23:41 install python3-netplan:amd64 <none> 1.2-1ubuntu5
2026-08-31 17:23:41 status half-installed python3-netplan:amd64 1.2-1ubuntu5
2026-08-31 17:23:41 status unpacked python3-netplan:amd64 1.2-1ubuntu5
2026-08-31 17:23:41 install python3-yaml:amd64 <none> 6.0.3-1build1
2026-08-31 17:23:41 status half-installed python3-yaml:amd64 6.0.3-1build1
2026-08-31 17:23:41 status unpacked python3-yaml:amd64 6.0.3-1build1
2026-08-31 17:23:41 install udev:amd64 <none> 259.5-0ubuntu3.4
2026-08-31 17:23:41 status half-installed udev:amd64 259.5-0ubuntu3.4
2026-08-31 17:23:41 status unpacked udev:amd64 259.5-0ubuntu3.4
2026-08-31 17:23:41 install netplan.io:amd64 <none> 1.2-1ubuntu5
2026-08-31 17:23:41 status half-installed netplan.io:amd64 1.2-1ubuntu5
2026-08-31 17:23:41 status unpacked netplan.io:amd64 1.2-1ubuntu5
2026-08-31 17:23:41 install python-apt-common:all <none> 3.1.0ubuntu1.1
2026-08-31 17:23:41 status half-installed python-apt-common:all 3.1.0ubuntu1.1
2026-08-31 17:23:41 status unpacked python-apt-common:all 3.1.0ubuntu1.1
2026-08-31 17:23:41 install python3-apt:amd64 <none> 3.1.0ubuntu1.1
2026-08-31 17:23:41 status half-installed python3-apt:amd64 3.1.0ubuntu1.1
2026-08-31 17:23:41 status unpacked python3-apt:amd64 3.1.0ubuntu1.1
2026-08-31 17:23:41 install sudo-rs:amd64 <none> 0.2.13-0ubuntu1
2026-08-31 17:23:41 status half-installed sudo-rs:amd64 0.2.13-0ubuntu1
2026-08-31 17:23:41 status unpacked sudo-rs:amd64 0.2.13-0ubuntu1
2026-08-31 17:23:41 install ubuntu-pro-client:amd64 <none> 37.2ubuntu0.1
2026-08-31 17:23:41 status half-installed ubuntu-pro-client:amd64 37.2ubuntu0.1
2026-08-31 17:23:41 status unpacked ubuntu-pro-client:amd64 37.2ubuntu0.1
2026-08-31 17:23:41 install vim-common:all <none> 2:9.1.2141-1ubuntu4.8
2026-08-31 17:23:41 status half-installed vim-common:all 2:9.1.2141-1ubuntu4.8
2026-08-31 17:23:41 status unpacked vim-common:all 2:9.1.2141-1ubuntu4.8
2026-08-31 17:23:41 install vim-tiny:amd64 <none> 2:9.1.2141-1ubuntu4.8
2026-08-31 17:23:41 status half-installed vim-tiny:amd64 2:9.1.2141-1ubuntu4.8
2026-08-31 17:23:41 status unpacked vim-tiny:amd64 2:9.1.2141-1ubuntu4.8
2026-08-31 17:23:41 install whiptail:amd64 <none> 0.52.25-1ubuntu3
2026-08-31 17:23:41 status half-installed whiptail:amd64 0.52.25-1ubuntu3
2026-08-31 17:23:41 status unpacked whiptail:amd64 0.52.25-1ubuntu3
2026-08-31 17:23:41 install ubuntu-minimal:amd64 <none> 1.570.3
2026-08-31 17:23:41 status half-installed ubuntu-minimal:amd64 1.570.3
2026-08-31 17:23:41 status unpacked ubuntu-minimal:amd64 1.570.3
2026-08-31 17:23:41 install libmagic-mgc:amd64 <none> 1:5.46-5build2
2026-08-31 17:23:41 status half-installed libmagic-mgc:amd64 1:5.46-5build2
2026-08-31 17:23:41 status unpacked libmagic-mgc:amd64 1:5.46-5build2
2026-08-31 17:23:41 install libmagic1t64:amd64 <none> 1:5.46-5build2
2026-08-31 17:23:41 status half-installed libmagic1t64:amd64 1:5.46-5build2
2026-08-31 17:23:41 status unpacked libmagic1t64:amd64 1:5.46-5build2
2026-08-31 17:23:41 install file:amd64 <none> 1:5.46-5build2
2026-08-31 17:23:41 status half-installed file:amd64 1:5.46-5build2
2026-08-31 17:23:41 status unpacked file:amd64 1:5.46-5build2
2026-08-31 17:23:41 install libfuse3-4:amd64 <none> 3.18.2-1
2026-08-31 17:23:41 status half-installed libfuse3-4:amd64 3.18.2-1
2026-08-31 17:23:41 status unpacked libfuse3-4:amd64 3.18.2-1
2026-08-31 17:23:41 install fuse3:amd64 <none> 3.18.2-1
2026-08-31 17:23:41 status half-installed fuse3:amd64 3.18.2-1
2026-08-31 17:23:41 status unpacked fuse3:amd64 3.18.2-1
2026-08-31 17:23:41 install libgpm2:amd64 <none> 1.20.7-12build1
2026-08-31 17:23:41 status half-installed libgpm2:amd64 1.20.7-12build1
2026-08-31 17:23:41 status unpacked libgpm2:amd64 1.20.7-12build1
2026-08-31 17:23:41 install libjansson4:amd64 <none> 2.14-2build4
2026-08-31 17:23:41 status half-installed libjansson4:amd64 2.14-2build4
2026-08-31 17:23:41 status unpacked libjansson4:amd64 2.14-2build4
2026-08-31 17:23:41 install liblmdb0:amd64 <none> 0.9.31-1build2
2026-08-31 17:23:41 status half-installed liblmdb0:amd64 0.9.31-1build2
2026-08-31 17:23:41 status unpacked liblmdb0:amd64 0.9.31-1build2
2026-08-31 17:23:41 install libncurses6:amd64 <none> 6.6+20251231-1
2026-08-31 17:23:41 status half-installed libncurses6:amd64 6.6+20251231-1
2026-08-31 17:23:41 status unpacked libncurses6:amd64 6.6+20251231-1
2026-08-31 17:23:41 install libnuma1:amd64 <none> 2.0.19-1build1
2026-08-31 17:23:41 status half-installed libnuma1:amd64 2.0.19-1build1
2026-08-31 17:23:41 status unpacked libnuma1:amd64 2.0.19-1build1
2026-08-31 17:23:41 install libplymouth5:amd64 <none> 24.004.60+git20250831.4a3c171d-0ubuntu8
2026-08-31 17:23:41 status half-installed libplymouth5:amd64 24.004.60+git20250831.4a3c171d-0ubuntu8
2026-08-31 17:23:42 status unpacked libplymouth5:amd64 24.004.60+git20250831.4a3c171d-0ubuntu8
2026-08-31 17:23:42 install libusb-1.0-0:amd64 <none> 2:1.0.29-2build1
2026-08-31 17:23:42 status half-installed libusb-1.0-0:amd64 2:1.0.29-2build1
2026-08-31 17:23:42 status unpacked libusb-1.0-0:amd64 2:1.0.29-2build1
2026-08-31 17:23:42 install libuv1t64:amd64 <none> 1.51.0-2ubuntu1
2026-08-31 17:23:42 status half-installed libuv1t64:amd64 1.51.0-2ubuntu1
2026-08-31 17:23:42 status unpacked libuv1t64:amd64 1.51.0-2ubuntu1
2026-08-31 17:23:42 install pci.ids:all <none> 0.0~2026.02.12-1
2026-08-31 17:23:42 status half-installed pci.ids:all 0.0~2026.02.12-1
2026-08-31 17:23:42 status unpacked pci.ids:all 0.0~2026.02.12-1
2026-08-31 17:23:42 install usb.ids:all <none> 2025.12.13-1
2026-08-31 17:23:42 status half-installed usb.ids:all 2025.12.13-1
2026-08-31 17:23:42 status unpacked usb.ids:all 2025.12.13-1
2026-08-31 17:23:42 install usbutils:amd64 <none> 1:019-1
2026-08-31 17:23:42 status half-installed usbutils:amd64 1:019-1
2026-08-31 17:23:42 status unpacked usbutils:amd64 1:019-1
2026-08-31 17:23:42 install 3cpio:amd64 <none> 0.14.0-1ubuntu1
2026-08-31 17:23:42 status half-installed 3cpio:amd64 0.14.0-1ubuntu1
2026-08-31 17:23:42 status unpacked 3cpio:amd64 0.14.0-1ubuntu1
2026-08-31 17:23:42 install libkf6balooengine6:amd64 <none> 6.24.0-0ubuntu1
2026-08-31 17:23:42 status half-installed libkf6balooengine6:amd64 6.24.0-0ubuntu1
2026-08-31 17:23:42 status unpacked libkf6balooengine6:amd64 6.24.0-0ubuntu1
2026-08-31 17:23:42 install libkf6filemetadata-data:all <none> 6.24.0-0ubuntu1
2026-08-31 17:23:42 status half-installed libkf6filemetadata-data:all 6.24.0-0ubuntu1
2026-08-31 17:23:42 status unpacked libkf6filemetadata-data:all 6.24.0-0ubuntu1
2026-08-31 17:23:42 install libkf6filemetadata3:amd64 <none> 6.24.0-0ubuntu1
2026-08-31 17:23:42 status half-installed libkf6filemetadata3:amd64 6.24.0-0ubuntu1
2026-08-31 17:23:42 status unpacked libkf6filemetadata3:amd64 6.24.0-0ubuntu1
2026-08-31 17:23:42 install libkf6baloo6:amd64 <none> 6.24.0-0ubuntu1
2026-08-31 17:23:42 status half-installed libkf6baloo6:amd64 6.24.0-0ubuntu1
2026-08-31 17:23:42 status unpacked libkf6baloo6:amd64 6.24.0-0ubuntu1
2026-08-31 17:23:42 install baloo6:amd64 <none> 6.24.0-0ubuntu1
2026-08-31 17:23:42 status half-installed baloo6:amd64 6.24.0-0ubuntu1
2026-08-31 17:23:42 status unpacked baloo6:amd64 6.24.0-0ubuntu1
2026-08-31 17:23:42 install bubblewrap:amd64 <none> 0.11.1-1ubuntu0.1
2026-08-31 17:23:42 status half-installed bubblewrap:amd64 0.11.1-1ubuntu0.1
2026-08-31 17:23:42 status unpacked bubblewrap:amd64 0.11.1-1ubuntu0.1
2026-08-31 17:23:42 install busybox-initramfs:amd64 <none> 1:1.37.0-7ubuntu1
2026-08-31 17:23:42 status half-installed busybox-initramfs:amd64 1:1.37.0-7ubuntu1
2026-08-31 17:23:42 status unpacked busybox-initramfs:amd64 1:1.37.0-7ubuntu1
2026-08-31 17:23:42 install libtalloc2:amd64 <none> 2:2.4.3+samba4.23.6+dfsg-1ubuntu2.2
2026-08-31 17:23:42 status half-installed libtalloc2:amd64 2:2.4.3+samba4.23.6+dfsg-1ubuntu2.2
2026-08-31 17:23:42 status unpacked libtalloc2:amd64 2:2.4.3+samba4.23.6+dfsg-1ubuntu2.2
2026-08-31 17:23:42 install libwbclient0:amd64 <none> 2:4.23.6+dfsg-1ubuntu2.2
2026-08-31 17:23:42 status half-installed libwbclient0:amd64 2:4.23.6+dfsg-1ubuntu2.2
2026-08-31 17:23:42 status unpacked libwbclient0:amd64 2:4.23.6+dfsg-1ubuntu2.2
2026-08-31 17:23:42 install cifs-utils:amd64 <none> 2:7.4-1ubuntu0.26.04.3
2026-08-31 17:23:42 status half-installed cifs-utils:amd64 2:7.4-1ubuntu0.26.04.3
2026-08-31 17:23:42 status unpacked cifs-utils:amd64 2:7.4-1ubuntu0.26.04.3
2026-08-31 17:23:42 install libdconf1:amd64 <none> 0.49.0-4
2026-08-31 17:23:42 status half-installed libdconf1:amd64 0.49.0-4
2026-08-31 17:23:42 status unpacked libdconf1:amd64 0.49.0-4
2026-08-31 17:23:42 install dconf-service:amd64 <none> 0.49.0-4
2026-08-31 17:23:42 status half-installed dconf-service:amd64 0.49.0-4
2026-08-31 17:23:42 status unpacked dconf-service:amd64 0.49.0-4
2026-08-31 17:23:42 install dconf-gsettings-backend:amd64 <none> 0.49.0-4
2026-08-31 17:23:42 status half-installed dconf-gsettings-backend:amd64 0.49.0-4
2026-08-31 17:23:42 status unpacked dconf-gsettings-backend:amd64 0.49.0-4
2026-08-31 17:23:42 install dolphin-data:all <none> 4:25.12.3-0ubuntu1
2026-08-31 17:23:42 status half-installed dolphin-data:all 4:25.12.3-0ubuntu1
2026-08-31 17:23:42 status unpacked dolphin-data:all 4:25.12.3-0ubuntu1
2026-08-31 17:23:42 install libdolphinvcs6:amd64 <none> 4:25.12.3-0ubuntu1
2026-08-31 17:23:42 status half-installed libdolphinvcs6:amd64 4:25.12.3-0ubuntu1
2026-08-31 17:23:42 status unpacked libdolphinvcs6:amd64 4:25.12.3-0ubuntu1
2026-08-31 17:23:42 install libarchive13t64:amd64 <none> 3.8.5-1ubuntu2.2
2026-08-31 17:23:42 status half-installed libarchive13t64:amd64 3.8.5-1ubuntu2.2
2026-08-31 17:23:42 status unpacked libarchive13t64:amd64 3.8.5-1ubuntu2.2
2026-08-31 17:23:42 install libboost-filesystem1.90.0:amd64 <none> 1.90.0-6ubuntu1
2026-08-31 17:23:42 status half-installed libboost-filesystem1.90.0:amd64 1.90.0-6ubuntu1
2026-08-31 17:23:42 status unpacked libboost-filesystem1.90.0:amd64 1.90.0-6ubuntu1
2026-08-31 17:23:42 install libpixman-1-0:amd64 <none> 0.46.4-1
2026-08-31 17:23:42 status half-installed libpixman-1-0:amd64 0.46.4-1
2026-08-31 17:23:42 status unpacked libpixman-1-0:amd64 0.46.4-1
2026-08-31 17:23:42 install libxrender1:amd64 <none> 1:0.9.12-1build1
2026-08-31 17:23:42 status half-installed libxrender1:amd64 1:0.9.12-1build1
2026-08-31 17:23:42 status unpacked libxrender1:amd64 1:0.9.12-1build1
2026-08-31 17:23:42 install libcairo2:amd64 <none> 1.18.4-3
2026-08-31 17:23:42 status half-installed libcairo2:amd64 1.18.4-3
2026-08-31 17:23:42 status unpacked libcairo2:amd64 1.18.4-3
2026-08-31 17:23:42 install libcairo-gobject2:amd64 <none> 1.18.4-3
2026-08-31 17:23:42 status half-installed libcairo-gobject2:amd64 1.18.4-3
2026-08-31 17:23:42 status unpacked libcairo-gobject2:amd64 1.18.4-3
2026-08-31 17:23:42 install libsharpyuv0:amd64 <none> 1.5.0-0.1build1
2026-08-31 17:23:42 status half-installed libsharpyuv0:amd64 1.5.0-0.1build1
2026-08-31 17:23:42 status unpacked libsharpyuv0:amd64 1.5.0-0.1build1
2026-08-31 17:23:42 install libaom3:amd64 <none> 3.13.1-2
2026-08-31 17:23:42 status half-installed libaom3:amd64 3.13.1-2
2026-08-31 17:23:42 status unpacked libaom3:amd64 3.13.1-2
2026-08-31 17:23:42 install libheif-plugin-aomdec:amd64 <none> 1.21.2-3ubuntu0.4
2026-08-31 17:23:42 status half-installed libheif-plugin-aomdec:amd64 1.21.2-3ubuntu0.4
2026-08-31 17:23:42 status unpacked libheif-plugin-aomdec:amd64 1.21.2-3ubuntu0.4
2026-08-31 17:23:42 install libheif1:amd64 <none> 1.21.2-3ubuntu0.4
2026-08-31 17:23:42 status half-installed libheif1:amd64 1.21.2-3ubuntu0.4
2026-08-31 17:23:42 status unpacked libheif1:amd64 1.21.2-3ubuntu0.4
2026-08-31 17:23:42 install libhwy1t64:amd64 <none> 1.3.0-2
2026-08-31 17:23:42 status half-installed libhwy1t64:amd64 1.3.0-2
2026-08-31 17:23:42 status unpacked libhwy1t64:amd64 1.3.0-2
2026-08-31 17:23:42 install liblcms2-2:amd64 <none> 2.17-1ubuntu0.2
2026-08-31 17:23:42 status half-installed liblcms2-2:amd64 2.17-1ubuntu0.2
2026-08-31 17:23:42 status unpacked liblcms2-2:amd64 2.17-1ubuntu0.2
2026-08-31 17:23:42 install libjxl0.11:amd64 <none> 0.11.1-6ubuntu4.2
2026-08-31 17:23:42 status half-installed libjxl0.11:amd64 0.11.1-6ubuntu4.2
2026-08-31 17:23:42 status unpacked libjxl0.11:amd64 0.11.1-6ubuntu4.2
2026-08-31 17:23:42 install glycin-loaders:amd64 <none> 2.1.1+ds-0ubuntu1
2026-08-31 17:23:42 status half-installed glycin-loaders:amd64 2.1.1+ds-0ubuntu1
2026-08-31 17:23:42 status unpacked glycin-loaders:amd64 2.1.1+ds-0ubuntu1
2026-08-31 17:23:42 install libglycin-2-0:amd64 <none> 2.1.1+ds-0ubuntu1
2026-08-31 17:23:42 status half-installed libglycin-2-0:amd64 2.1.1+ds-0ubuntu1
2026-08-31 17:23:42 status unpacked libglycin-2-0:amd64 2.1.1+ds-0ubuntu1
2026-08-31 17:23:42 install glycin-thumbnailers:amd64 <none> 2.1.1+ds-0ubuntu1
2026-08-31 17:23:42 status half-installed glycin-thumbnailers:amd64 2.1.1+ds-0ubuntu1
2026-08-31 17:23:42 status unpacked glycin-thumbnailers:amd64 2.1.1+ds-0ubuntu1
2026-08-31 17:23:42 install libgdk-pixbuf2.0-common:all <none> 2.44.5+dfsg-4ubuntu1
2026-08-31 17:23:42 status half-installed libgdk-pixbuf2.0-common:all 2.44.5+dfsg-4ubuntu1
2026-08-31 17:23:42 status unpacked libgdk-pixbuf2.0-common:all 2.44.5+dfsg-4ubuntu1
2026-08-31 17:23:42 install libgdk-pixbuf-2.0-0:amd64 <none> 2.44.5+dfsg-4ubuntu1
2026-08-31 17:23:42 status half-installed libgdk-pixbuf-2.0-0:amd64 2.44.5+dfsg-4ubuntu1
2026-08-31 17:23:42 status unpacked libgdk-pixbuf-2.0-0:amd64 2.44.5+dfsg-4ubuntu1
2026-08-31 17:23:42 install libthai-data:all <none> 0.1.30-1
2026-08-31 17:23:42 status half-installed libthai-data:all 0.1.30-1
2026-08-31 17:23:42 status unpacked libthai-data:all 0.1.30-1
2026-08-31 17:23:42 install libdatrie1:amd64 <none> 0.2.14-1
2026-08-31 17:23:42 status half-installed libdatrie1:amd64 0.2.14-1
2026-08-31 17:23:42 status unpacked libdatrie1:amd64 0.2.14-1
2026-08-31 17:23:42 install libthai0:amd64 <none> 0.1.30-1
2026-08-31 17:23:42 status half-installed libthai0:amd64 0.1.30-1
2026-08-31 17:23:42 status unpacked libthai0:amd64 0.1.30-1
2026-08-31 17:23:42 install libpango-1.0-0:amd64 <none> 1.57.0-1
2026-08-31 17:23:42 status half-installed libpango-1.0-0:amd64 1.57.0-1
2026-08-31 17:23:42 status unpacked libpango-1.0-0:amd64 1.57.0-1
2026-08-31 17:23:42 install libpangoft2-1.0-0:amd64 <none> 1.57.0-1
2026-08-31 17:23:42 status half-installed libpangoft2-1.0-0:amd64 1.57.0-1
2026-08-31 17:23:42 status unpacked libpangoft2-1.0-0:amd64 1.57.0-1
2026-08-31 17:23:42 install libpangocairo-1.0-0:amd64 <none> 1.57.0-1
2026-08-31 17:23:42 status half-installed libpangocairo-1.0-0:amd64 1.57.0-1
2026-08-31 17:23:42 status unpacked libpangocairo-1.0-0:amd64 1.57.0-1
2026-08-31 17:23:42 install librsvg2-2:amd64 <none> 2.61.3+dfsg-3
2026-08-31 17:23:42 status half-installed librsvg2-2:amd64 2.61.3+dfsg-3
2026-08-31 17:23:42 status unpacked librsvg2-2:amd64 2.61.3+dfsg-3
2026-08-31 17:23:42 install liblzo2-2:amd64 <none> 2.10-3build2
2026-08-31 17:23:42 status half-installed liblzo2-2:amd64 2.10-3build2
2026-08-31 17:23:42 status unpacked liblzo2-2:amd64 2.10-3build2
2026-08-31 17:23:43 install libsquashfuse0:amd64 <none> 0.5.2-0.3
2026-08-31 17:23:43 status half-installed libsquashfuse0:amd64 0.5.2-0.3
2026-08-31 17:23:43 status unpacked libsquashfuse0:amd64 0.5.2-0.3
2026-08-31 17:23:43 install libxdgutilsbasedir1.0.1:amd64 <none> 1.0.1-3.2
2026-08-31 17:23:43 status half-installed libxdgutilsbasedir1.0.1:amd64 1.0.1-3.2
2026-08-31 17:23:43 status unpacked libxdgutilsbasedir1.0.1:amd64 1.0.1-3.2
2026-08-31 17:23:43 install libxdgutilsdesktopentry1.0.1:amd64 <none> 1.0.1-3.2
2026-08-31 17:23:43 status half-installed libxdgutilsdesktopentry1.0.1:amd64 1.0.1-3.2
2026-08-31 17:23:43 status unpacked libxdgutilsdesktopentry1.0.1:amd64 1.0.1-3.2
2026-08-31 17:23:43 install libappimage1.0abi1t64:amd64 <none> 1.0.4-5-7build1
2026-08-31 17:23:43 status half-installed libappimage1.0abi1t64:amd64 1.0.4-5-7build1
2026-08-31 17:23:43 status unpacked libappimage1.0abi1t64:amd64 1.0.4-5-7build1
2026-08-31 17:23:43 install libva2:amd64 <none> 2.23.0-1ubuntu1
2026-08-31 17:23:43 status half-installed libva2:amd64 2.23.0-1ubuntu1
2026-08-31 17:23:43 status unpacked libva2:amd64 2.23.0-1ubuntu1
2026-08-31 17:23:43 install libva-drm2:amd64 <none> 2.23.0-1ubuntu1
2026-08-31 17:23:43 status half-installed libva-drm2:amd64 2.23.0-1ubuntu1
2026-08-31 17:23:43 status unpacked libva-drm2:amd64 2.23.0-1ubuntu1
2026-08-31 17:23:43 install libva-x11-2:amd64 <none> 2.23.0-1ubuntu1
2026-08-31 17:23:43 status half-installed libva-x11-2:amd64 2.23.0-1ubuntu1
2026-08-31 17:23:43 status unpacked libva-x11-2:amd64 2.23.0-1ubuntu1
2026-08-31 17:23:43 install libvdpau1:amd64 <none> 1.5-4
2026-08-31 17:23:43 status half-installed libvdpau1:amd64 1.5-4
2026-08-31 17:23:43 status unpacked libvdpau1:amd64 1.5-4
2026-08-31 17:23:43 install libvpl2:amd64 <none> 1:2.16.0-1
2026-08-31 17:23:43 status half-installed libvpl2:amd64 1:2.16.0-1
2026-08-31 17:23:43 status unpacked libvpl2:amd64 1:2.16.0-1
2026-08-31 17:23:43 install ocl-icd-libopencl1:amd64 <none> 2.3.4-1
2026-08-31 17:23:43 status half-installed ocl-icd-libopencl1:amd64 2.3.4-1
2026-08-31 17:23:43 status unpacked ocl-icd-libopencl1:amd64 2.3.4-1
2026-08-31 17:23:43 install libavutil60:amd64 <none> 7:8.0.1-3ubuntu2
2026-08-31 17:23:43 status half-installed libavutil60:amd64 7:8.0.1-3ubuntu2
2026-08-31 17:23:43 status unpacked libavutil60:amd64 7:8.0.1-3ubuntu2
2026-08-31 17:23:43 install libcodec2-1.2:amd64 <none> 1.2.0-4
2026-08-31 17:23:43 status half-installed libcodec2-1.2:amd64 1.2.0-4
2026-08-31 17:23:43 status unpacked libcodec2-1.2:amd64 1.2.0-4
2026-08-31 17:23:43 install libdav1d7:amd64 <none> 1.5.3-1
2026-08-31 17:23:43 status half-installed libdav1d7:amd64 1.5.3-1
2026-08-31 17:23:43 status unpacked libdav1d7:amd64 1.5.3-1
2026-08-31 17:23:43 install libgsm1:amd64 <none> 1.0.23-2
2026-08-31 17:23:43 status half-installed libgsm1:amd64 1.0.23-2
2026-08-31 17:23:43 status unpacked libgsm1:amd64 1.0.23-2
2026-08-31 17:23:43 install libmpg123-0t64:amd64 <none> 1.33.3-2
2026-08-31 17:23:43 status half-installed libmpg123-0t64:amd64 1.33.3-2
2026-08-31 17:23:43 status unpacked libmpg123-0t64:amd64 1.33.3-2
2026-08-31 17:23:43 install libmp3lame0:amd64 <none> 3.101~svn6525+dfsg-2
2026-08-31 17:23:43 status half-installed libmp3lame0:amd64 3.101~svn6525+dfsg-2
2026-08-31 17:23:43 status unpacked libmp3lame0:amd64 3.101~svn6525+dfsg-2
2026-08-31 17:23:43 install libopenjp2-7:amd64 <none> 2.5.4-1ubuntu0.1
2026-08-31 17:23:43 status half-installed libopenjp2-7:amd64 2.5.4-1ubuntu0.1
2026-08-31 17:23:43 status unpacked libopenjp2-7:amd64 2.5.4-1ubuntu0.1
2026-08-31 17:23:43 install libopus0:amd64 <none> 1.6.1-1
2026-08-31 17:23:43 status half-installed libopus0:amd64 1.6.1-1
2026-08-31 17:23:43 status unpacked libopus0:amd64 1.6.1-1
2026-08-31 17:23:43 install librav1e0.8:amd64 <none> 0.8.1-7
2026-08-31 17:23:43 status half-installed librav1e0.8:amd64 0.8.1-7
2026-08-31 17:23:43 status unpacked librav1e0.8:amd64 0.8.1-7
2026-08-31 17:23:43 install libshine3:amd64 <none> 3.1.1-3build1
2026-08-31 17:23:43 status half-installed libshine3:amd64 3.1.1-3build1
2026-08-31 17:23:43 status unpacked libshine3:amd64 3.1.1-3build1
2026-08-31 17:23:43 install libsnappy1v5:amd64 <none> 1.2.2-2
2026-08-31 17:23:43 status half-installed libsnappy1v5:amd64 1.2.2-2
2026-08-31 17:23:43 status unpacked libsnappy1v5:amd64 1.2.2-2
2026-08-31 17:23:43 install libspeex1:amd64 <none> 1.2.1-3build1
2026-08-31 17:23:43 status half-installed libspeex1:amd64 1.2.1-3build1
2026-08-31 17:23:43 status unpacked libspeex1:amd64 1.2.1-3build1
2026-08-31 17:23:43 install libsvtav1enc2:amd64 <none> 2.3.0+dfsg-1build1
2026-08-31 17:23:43 status half-installed libsvtav1enc2:amd64 2.3.0+dfsg-1build1
2026-08-31 17:23:43 status unpacked libsvtav1enc2:amd64 2.3.0+dfsg-1build1
2026-08-31 17:23:43 install libsoxr0:amd64 <none> 0.1.3-4.1
2026-08-31 17:23:43 status half-installed libsoxr0:amd64 0.1.3-4.1
2026-08-31 17:23:43 status unpacked libsoxr0:amd64 0.1.3-4.1
2026-08-31 17:23:43 install libswresample6:amd64 <none> 7:8.0.1-3ubuntu2
2026-08-31 17:23:43 status half-installed libswresample6:amd64 7:8.0.1-3ubuntu2
2026-08-31 17:23:43 status unpacked libswresample6:amd64 7:8.0.1-3ubuntu2
2026-08-31 17:23:43 install libtheoradec2:amd64 <none> 1.2.0+dfsg-6
2026-08-31 17:23:43 status half-installed libtheoradec2:amd64 1.2.0+dfsg-6
2026-08-31 17:23:43 status unpacked libtheoradec2:amd64 1.2.0+dfsg-6
2026-08-31 17:23:43 install libtheoraenc2:amd64 <none> 1.2.0+dfsg-6
2026-08-31 17:23:43 status half-installed libtheoraenc2:amd64 1.2.0+dfsg-6
2026-08-31 17:23:43 status unpacked libtheoraenc2:amd64 1.2.0+dfsg-6
2026-08-31 17:23:43 install libtwolame0:amd64 <none> 0.4.0-2build4
2026-08-31 17:23:43 status half-installed libtwolame0:amd64 0.4.0-2build4
2026-08-31 17:23:43 status unpacked libtwolame0:amd64 0.4.0-2build4
2026-08-31 17:23:43 install libvorbisenc2:amd64 <none> 1.3.7-3build2
2026-08-31 17:23:43 status half-installed libvorbisenc2:amd64 1.3.7-3build2
2026-08-31 17:23:43 status unpacked libvorbisenc2:amd64 1.3.7-3build2
2026-08-31 17:23:43 install libvpx12:amd64 <none> 1.16.0-3
2026-08-31 17:23:43 status half-installed libvpx12:amd64 1.16.0-3
2026-08-31 17:23:43 status unpacked libvpx12:amd64 1.16.0-3
2026-08-31 17:23:43 install libwebp7:amd64 <none> 1.5.0-0.1build1
2026-08-31 17:23:43 status half-installed libwebp7:amd64 1.5.0-0.1build1
2026-08-31 17:23:43 status unpacked libwebp7:amd64 1.5.0-0.1build1
2026-08-31 17:23:43 install libwebpmux3:amd64 <none> 1.5.0-0.1build1
2026-08-31 17:23:43 status half-installed libwebpmux3:amd64 1.5.0-0.1build1
2026-08-31 17:23:43 status unpacked libwebpmux3:amd64 1.5.0-0.1build1
2026-08-31 17:23:43 install libx264-165:amd64 <none> 2:0.165.3222+gitb35605ac-3build1
2026-08-31 17:23:43 status half-installed libx264-165:amd64 2:0.165.3222+gitb35605ac-3build1
2026-08-31 17:23:43 status unpacked libx264-165:amd64 2:0.165.3222+gitb35605ac-3build1
2026-08-31 17:23:43 install libx265-215:amd64 <none> 4.1-4
2026-08-31 17:23:43 status half-installed libx265-215:amd64 4.1-4
2026-08-31 17:23:43 status unpacked libx265-215:amd64 4.1-4
2026-08-31 17:23:43 install libxvidcore4:amd64 <none> 2:1.3.7-3
2026-08-31 17:23:43 status half-installed libxvidcore4:amd64 2:1.3.7-3
2026-08-31 17:23:43 status unpacked libxvidcore4:amd64 2:1.3.7-3
2026-08-31 17:23:43 install libzvbi-common:all <none> 0.2.44-1ubuntu2
2026-08-31 17:23:43 status half-installed libzvbi-common:all 0.2.44-1ubuntu2
2026-08-31 17:23:43 status unpacked libzvbi-common:all 0.2.44-1ubuntu2
2026-08-31 17:23:43 install libzvbi0t64:amd64 <none> 0.2.44-1ubuntu2
2026-08-31 17:23:43 status half-installed libzvbi0t64:amd64 0.2.44-1ubuntu2
2026-08-31 17:23:43 status unpacked libzvbi0t64:amd64 0.2.44-1ubuntu2
2026-08-31 17:23:43 install libavcodec62:amd64 <none> 7:8.0.1-3ubuntu2
2026-08-31 17:23:43 status half-installed libavcodec62:amd64 7:8.0.1-3ubuntu2
2026-08-31 17:23:43 status unpacked libavcodec62:amd64 7:8.0.1-3ubuntu2
2026-08-31 17:23:43 install libudfread3:amd64 <none> 1.2.0-2
2026-08-31 17:23:43 status half-installed libudfread3:amd64 1.2.0-2
2026-08-31 17:23:43 status unpacked libudfread3:amd64 1.2.0-2
2026-08-31 17:23:43 install libbluray3:amd64 <none> 1:1.4.1-1
2026-08-31 17:23:43 status half-installed libbluray3:amd64 1:1.4.1-1
2026-08-31 17:23:43 status unpacked libbluray3:amd64 1:1.4.1-1
2026-08-31 17:23:43 install libchromaprint1:amd64 <none> 1.6.0-2build1
2026-08-31 17:23:43 status half-installed libchromaprint1:amd64 1.6.0-2build1
2026-08-31 17:23:43 status unpacked libchromaprint1:amd64 1.6.0-2build1
2026-08-31 17:23:44 install libdvdread8t64:amd64 <none> 7.0.1-1
2026-08-31 17:23:44 status half-installed libdvdread8t64:amd64 7.0.1-1
2026-08-31 17:23:44 status unpacked libdvdread8t64:amd64 7.0.1-1
2026-08-31 17:23:44 install libdvdnav4:amd64 <none> 7.0.0-2
2026-08-31 17:23:44 status half-installed libdvdnav4:amd64 7.0.0-2
2026-08-31 17:23:44 status unpacked libdvdnav4:amd64 7.0.0-2
2026-08-31 17:23:44 install libgme0:amd64 <none> 0.6.4-1
2026-08-31 17:23:44 status half-installed libgme0:amd64 0.6.4-1
2026-08-31 17:23:44 status unpacked libgme0:amd64 0.6.4-1
2026-08-31 17:23:44 install libopenmpt0t64:amd64 <none> 0.8.4-1
2026-08-31 17:23:44 status half-installed libopenmpt0t64:amd64 0.8.4-1
2026-08-31 17:23:44 status unpacked libopenmpt0t64:amd64 0.8.4-1
2026-08-31 17:23:44 install librabbitmq4:amd64 <none> 0.15.0-1ubuntu0.26.04.1
2026-08-31 17:23:44 status half-installed librabbitmq4:amd64 0.15.0-1ubuntu0.26.04.1
2026-08-31 17:23:44 status unpacked librabbitmq4:amd64 0.15.0-1ubuntu0.26.04.1
2026-08-31 17:23:44 install libcjson1:amd64 <none> 1.7.19-2
2026-08-31 17:23:44 status half-installed libcjson1:amd64 1.7.19-2
2026-08-31 17:23:44 status unpacked libcjson1:amd64 1.7.19-2
2026-08-31 17:23:44 install libmbedcrypto16:amd64 <none> 3.6.5-0.1ubuntu2
2026-08-31 17:23:44 status half-installed libmbedcrypto16:amd64 3.6.5-0.1ubuntu2
2026-08-31 17:23:44 status unpacked libmbedcrypto16:amd64 3.6.5-0.1ubuntu2
2026-08-31 17:23:44 install librist4:amd64 <none> 0.2.11+dfsg-1build1
2026-08-31 17:23:44 status half-installed librist4:amd64 0.2.11+dfsg-1build1
2026-08-31 17:23:44 status unpacked librist4:amd64 0.2.11+dfsg-1build1
2026-08-31 17:23:44 install libsrt1.5-gnutls:amd64 <none> 1.5.4-3
2026-08-31 17:23:44 status half-installed libsrt1.5-gnutls:amd64 1.5.4-3
2026-08-31 17:23:44 status unpacked libsrt1.5-gnutls:amd64 1.5.4-3
2026-08-31 17:23:44 install libssh-4:amd64 <none> 0.11.3-1ubuntu2.1
2026-08-31 17:23:44 status half-installed libssh-4:amd64 0.11.3-1ubuntu2.1
2026-08-31 17:23:44 status unpacked libssh-4:amd64 0.11.3-1ubuntu2.1
2026-08-31 17:23:44 install libnorm1t64:amd64 <none> 1.5.9+dfsg-4
2026-08-31 17:23:44 status half-installed libnorm1t64:amd64 1.5.9+dfsg-4
2026-08-31 17:23:44 status unpacked libnorm1t64:amd64 1.5.9+dfsg-4
2026-08-31 17:23:44 install libpgm-5.3-0t64:amd64 <none> 5.3.128~dfsg-2.1build2
2026-08-31 17:23:44 status half-installed libpgm-5.3-0t64:amd64 5.3.128~dfsg-2.1build2
2026-08-31 17:23:44 status unpacked libpgm-5.3-0t64:amd64 5.3.128~dfsg-2.1build2
2026-08-31 17:23:44 install libsodium23:amd64 <none> 1.0.18-2
2026-08-31 17:23:44 status half-installed libsodium23:amd64 1.0.18-2
2026-08-31 17:23:44 status unpacked libsodium23:amd64 1.0.18-2
2026-08-31 17:23:44 install libzmq5:amd64 <none> 4.3.5-1build3
2026-08-31 17:23:44 status half-installed libzmq5:amd64 4.3.5-1build3
2026-08-31 17:23:44 status unpacked libzmq5:amd64 4.3.5-1build3
2026-08-31 17:23:44 install libavformat62:amd64 <none> 7:8.0.1-3ubuntu2
2026-08-31 17:23:44 status half-installed libavformat62:amd64 7:8.0.1-3ubuntu2
2026-08-31 17:23:44 status unpacked libavformat62:amd64 7:8.0.1-3ubuntu2
2026-08-31 17:23:44 install libzip5:amd64 <none> 1.11.4-2
2026-08-31 17:23:44 status half-installed libzip5:amd64 1.11.4-2
2026-08-31 17:23:44 status unpacked libzip5:amd64 1.11.4-2
2026-08-31 17:23:44 install libepub0:amd64 <none> 0.2.2-8
2026-08-31 17:23:44 status half-installed libepub0:amd64 0.2.2-8
2026-08-31 17:23:44 status unpacked libepub0:amd64 0.2.2-8
2026-08-31 17:23:44 install libinih1:amd64 <none> 61-1ubuntu1
2026-08-31 17:23:44 status half-installed libinih1:amd64 61-1ubuntu1
2026-08-31 17:23:44 status unpacked libinih1:amd64 61-1ubuntu1
2026-08-31 17:23:44 install libinireader0:amd64 <none> 61-1ubuntu1
2026-08-31 17:23:44 status half-installed libinireader0:amd64 61-1ubuntu1
2026-08-31 17:23:44 status unpacked libinireader0:amd64 61-1ubuntu1
2026-08-31 17:23:44 install libexiv2-data:all <none> 0.28.8+dfsg-1
2026-08-31 17:23:44 status half-installed libexiv2-data:all 0.28.8+dfsg-1
2026-08-31 17:23:44 status unpacked libexiv2-data:all 0.28.8+dfsg-1
2026-08-31 17:23:44 install libexiv2-28:amd64 <none> 0.28.8+dfsg-1
2026-08-31 17:23:44 status half-installed libexiv2-28:amd64 0.28.8+dfsg-1
2026-08-31 17:23:44 status unpacked libexiv2-28:amd64 0.28.8+dfsg-1
2026-08-31 17:23:44 install libnspr4:amd64 <none> 2:4.38.2-1ubuntu1
2026-08-31 17:23:44 status half-installed libnspr4:amd64 2:4.38.2-1ubuntu1
2026-08-31 17:23:44 status unpacked libnspr4:amd64 2:4.38.2-1ubuntu1
2026-08-31 17:23:44 install libnss3:amd64 <none> 2:3.120-1ubuntu2.1
2026-08-31 17:23:44 status half-installed libnss3:amd64 2:3.120-1ubuntu2.1
2026-08-31 17:23:44 status unpacked libnss3:amd64 2:3.120-1ubuntu2.1
2026-08-31 17:23:44 install libdeflate0:amd64 <none> 1.23-2ubuntu1
2026-08-31 17:23:44 status half-installed libdeflate0:amd64 1.23-2ubuntu1
2026-08-31 17:23:44 status unpacked libdeflate0:amd64 1.23-2ubuntu1
2026-08-31 17:23:44 install libjbig0:amd64 <none> 2.1-6.1ubuntu3
2026-08-31 17:23:44 status half-installed libjbig0:amd64 2.1-6.1ubuntu3
2026-08-31 17:23:44 status unpacked libjbig0:amd64 2.1-6.1ubuntu3
2026-08-31 17:23:44 install liblerc4:amd64 <none> 4.0.0+ds-5ubuntu2
2026-08-31 17:23:44 status half-installed liblerc4:amd64 4.0.0+ds-5ubuntu2
2026-08-31 17:23:44 status unpacked liblerc4:amd64 4.0.0+ds-5ubuntu2
2026-08-31 17:23:44 install libtiff6:amd64 <none> 4.7.0-3ubuntu5
2026-08-31 17:23:44 status half-installed libtiff6:amd64 4.7.0-3ubuntu5
2026-08-31 17:23:44 status unpacked libtiff6:amd64 4.7.0-3ubuntu5
2026-08-31 17:23:44 install libpoppler156:amd64 <none> 26.01.0-2ubuntu0.1
2026-08-31 17:23:44 status half-installed libpoppler156:amd64 26.01.0-2ubuntu0.1
2026-08-31 17:23:44 status unpacked libpoppler156:amd64 26.01.0-2ubuntu0.1
2026-08-31 17:23:44 install libpoppler-qt6-3t64:amd64 <none> 26.01.0-2ubuntu0.1
2026-08-31 17:23:44 status half-installed libpoppler-qt6-3t64:amd64 26.01.0-2ubuntu0.1
2026-08-31 17:23:44 status unpacked libpoppler-qt6-3t64:amd64 26.01.0-2ubuntu0.1
2026-08-31 17:23:44 install libqmobipocket6-3:amd64 <none> 4:25.12.3-0ubuntu1
2026-08-31 17:23:44 status half-installed libqmobipocket6-3:amd64 4:25.12.3-0ubuntu1
2026-08-31 17:23:44 status unpacked libqmobipocket6-3:amd64 4:25.12.3-0ubuntu1
2026-08-31 17:23:44 install libtag2:amd64 <none> 2.2.1-3
2026-08-31 17:23:44 status half-installed libtag2:amd64 2.2.1-3
2026-08-31 17:23:44 status unpacked libtag2:amd64 2.2.1-3
2026-08-31 17:23:44 install libkf6filemetadata-bin:amd64 <none> 6.24.0-0ubuntu1
2026-08-31 17:23:44 status half-installed libkf6filemetadata-bin:amd64 6.24.0-0ubuntu1
2026-08-31 17:23:44 status unpacked libkf6filemetadata-bin:amd64 6.24.0-0ubuntu1
2026-08-31 17:23:44 install libkf6baloowidgets6:amd64 <none> 4:25.12.3-0ubuntu1
2026-08-31 17:23:44 status half-installed libkf6baloowidgets6:amd64 4:25.12.3-0ubuntu1
2026-08-31 17:23:44 status unpacked libkf6baloowidgets6:amd64 4:25.12.3-0ubuntu1
2026-08-31 17:23:44 install libkf6kcmutils-data:all <none> 6.24.0-0ubuntu1
2026-08-31 17:23:44 status half-installed libkf6kcmutils-data:all 6.24.0-0ubuntu1
2026-08-31 17:23:44 status unpacked libkf6kcmutils-data:all 6.24.0-0ubuntu1
2026-08-31 17:23:44 install libkf6kcmutilscore6:amd64 <none> 6.24.0-0ubuntu1
2026-08-31 17:23:44 status half-installed libkf6kcmutilscore6:amd64 6.24.0-0ubuntu1
2026-08-31 17:23:44 status unpacked libkf6kcmutilscore6:amd64 6.24.0-0ubuntu1
2026-08-31 17:23:44 install libkf6kcmutilsquick6:amd64 <none> 6.24.0-0ubuntu1
2026-08-31 17:23:44 status half-installed libkf6kcmutilsquick6:amd64 6.24.0-0ubuntu1
2026-08-31 17:23:44 status unpacked libkf6kcmutilsquick6:amd64 6.24.0-0ubuntu1
2026-08-31 17:23:44 install libqt6quickwidgets6:amd64 <none> 6.10.2+dfsg-3
2026-08-31 17:23:44 status half-installed libqt6quickwidgets6:amd64 6.10.2+dfsg-3
2026-08-31 17:23:44 status unpacked libqt6quickwidgets6:amd64 6.10.2+dfsg-3
2026-08-31 17:23:44 install libkf6kcmutils6:amd64 <none> 6.24.0-0ubuntu1
2026-08-31 17:23:44 status half-installed libkf6kcmutils6:amd64 6.24.0-0ubuntu1
2026-08-31 17:23:44 status unpacked libkf6kcmutils6:amd64 6.24.0-0ubuntu1
2026-08-31 17:23:44 install libkf6newstuff-data:all <none> 6.24.0-0ubuntu1
2026-08-31 17:23:44 status half-installed libkf6newstuff-data:all 6.24.0-0ubuntu1
2026-08-31 17:23:44 status unpacked libkf6newstuff-data:all 6.24.0-0ubuntu1
2026-08-31 17:23:44 install libkf6attica6:amd64 <none> 6.24.0-0ubuntu1
2026-08-31 17:23:44 status half-installed libkf6attica6:amd64 6.24.0-0ubuntu1
2026-08-31 17:23:44 status unpacked libkf6attica6:amd64 6.24.0-0ubuntu1
2026-08-31 17:23:44 install libkf6syndication6:amd64 <none> 6.24.0-0ubuntu1
2026-08-31 17:23:44 status half-installed libkf6syndication6:amd64 6.24.0-0ubuntu1
2026-08-31 17:23:44 status unpacked libkf6syndication6:amd64 6.24.0-0ubuntu1
2026-08-31 17:23:44 install libkf6newstuffcore6:amd64 <none> 6.24.0-0ubuntu1
2026-08-31 17:23:44 status half-installed libkf6newstuffcore6:amd64 6.24.0-0ubuntu1
2026-08-31 17:23:44 status unpacked libkf6newstuffcore6:amd64 6.24.0-0ubuntu1
2026-08-31 17:23:44 install libkf6newstuffwidgets6:amd64 <none> 6.24.0-0ubuntu1
2026-08-31 17:23:44 status half-installed libkf6newstuffwidgets6:amd64 6.24.0-0ubuntu1
2026-08-31 17:23:44 status unpacked libkf6newstuffwidgets6:amd64 6.24.0-0ubuntu1
2026-08-31 17:23:44 install libkf6parts-data:all <none> 6.24.0-0ubuntu1
2026-08-31 17:23:44 status half-installed libkf6parts-data:all 6.24.0-0ubuntu1
2026-08-31 17:23:44 status unpacked libkf6parts-data:all 6.24.0-0ubuntu1
2026-08-31 17:23:44 install libkf6parts6:amd64 <none> 6.24.0-0ubuntu1
2026-08-31 17:23:44 status half-installed libkf6parts6:amd64 6.24.0-0ubuntu1
2026-08-31 17:23:44 status unpacked libkf6parts6:amd64 6.24.0-0ubuntu1
2026-08-31 17:23:44 install libkf6textwidgets-data:all <none> 6.24.0-0ubuntu1
2026-08-31 17:23:44 status half-installed libkf6textwidgets-data:all 6.24.0-0ubuntu1
2026-08-31 17:23:44 status unpacked libkf6textwidgets-data:all 6.24.0-0ubuntu1
2026-08-31 17:23:44 install libkf6sonnet-data:all <none> 6.24.0-0ubuntu1
2026-08-31 17:23:44 status half-installed libkf6sonnet-data:all 6.24.0-0ubuntu1
2026-08-31 17:23:44 status unpacked libkf6sonnet-data:all 6.24.0-0ubuntu1
2026-08-31 17:23:44 install libkf6sonnetcore6:amd64 <none> 6.24.0-0ubuntu1
2026-08-31 17:23:44 status half-installed libkf6sonnetcore6:amd64 6.24.0-0ubuntu1
2026-08-31 17:23:44 status unpacked libkf6sonnetcore6:amd64 6.24.0-0ubuntu1
2026-08-31 17:23:44 install libkf6sonnetui6:amd64 <none> 6.24.0-0ubuntu1
2026-08-31 17:23:44 status half-installed libkf6sonnetui6:amd64 6.24.0-0ubuntu1
2026-08-31 17:23:44 status unpacked libkf6sonnetui6:amd64 6.24.0-0ubuntu1
2026-08-31 17:23:44 install libfftw3-single3:amd64 <none> 3.3.10-2fakesync1build3
2026-08-31 17:23:44 status half-installed libfftw3-single3:amd64 3.3.10-2fakesync1build3
2026-08-31 17:23:44 status unpacked libfftw3-single3:amd64 3.3.10-2fakesync1build3
2026-08-31 17:23:44 install libflac14:amd64 <none> 1.5.0+ds-5
2026-08-31 17:23:44 status half-installed libflac14:amd64 1.5.0+ds-5
2026-08-31 17:23:44 status unpacked libflac14:amd64 1.5.0+ds-5
2026-08-31 17:23:45 install libsndfile1:amd64 <none> 1.2.2-4
2026-08-31 17:23:45 status half-installed libsndfile1:amd64 1.2.2-4
2026-08-31 17:23:45 status unpacked libsndfile1:amd64 1.2.2-4
2026-08-31 17:23:45 install libwebrtc-audio-processing-1-3:amd64 <none> 1.3-3build2
2026-08-31 17:23:45 status half-installed libwebrtc-audio-processing-1-3:amd64 1.3-3build2
2026-08-31 17:23:45 status unpacked libwebrtc-audio-processing-1-3:amd64 1.3-3build2
2026-08-31 17:23:45 install libspa-0.2-modules:amd64 <none> 1.6.2-1ubuntu1.1
2026-08-31 17:23:45 status half-installed libspa-0.2-modules:amd64 1.6.2-1ubuntu1.1
2026-08-31 17:23:45 status unpacked libspa-0.2-modules:amd64 1.6.2-1ubuntu1.1
2026-08-31 17:23:45 install libpipewire-0.3-0t64:amd64 <none> 1.6.2-1ubuntu1.1
2026-08-31 17:23:45 status half-installed libpipewire-0.3-0t64:amd64 1.6.2-1ubuntu1.1
2026-08-31 17:23:45 status unpacked libpipewire-0.3-0t64:amd64 1.6.2-1ubuntu1.1
2026-08-31 17:23:45 install libasyncns0:amd64 <none> 0.8-7
2026-08-31 17:23:45 status half-installed libasyncns0:amd64 0.8-7
2026-08-31 17:23:45 status unpacked libasyncns0:amd64 0.8-7
2026-08-31 17:23:45 install libpulse0:amd64 <none> 1:17.0+dfsg1-2ubuntu4
2026-08-31 17:23:45 status half-installed libpulse0:amd64 1:17.0+dfsg1-2ubuntu4
2026-08-31 17:23:45 status unpacked libpulse0:amd64 1:17.0+dfsg1-2ubuntu4
2026-08-31 17:23:45 install libswscale9:amd64 <none> 7:8.0.1-3ubuntu2
2026-08-31 17:23:45 status half-installed libswscale9:amd64 7:8.0.1-3ubuntu2
2026-08-31 17:23:45 status unpacked libswscale9:amd64 7:8.0.1-3ubuntu2
2026-08-31 17:23:45 install libxrandr2:amd64 <none> 2:1.5.4-1build1
2026-08-31 17:23:45 status half-installed libxrandr2:amd64 2:1.5.4-1build1
2026-08-31 17:23:45 status unpacked libxrandr2:amd64 2:1.5.4-1build1
2026-08-31 17:23:45 install libqt6multimedia6:amd64 <none> 6.10.2-2
2026-08-31 17:23:45 status half-installed libqt6multimedia6:amd64 6.10.2-2
2026-08-31 17:23:45 status unpacked libqt6multimedia6:amd64 6.10.2-2
2026-08-31 17:23:45 install libqt6texttospeech6:amd64 <none> 6.10.2-1
2026-08-31 17:23:45 status half-installed libqt6texttospeech6:amd64 6.10.2-1
2026-08-31 17:23:45 status unpacked libqt6texttospeech6:amd64 6.10.2-1
2026-08-31 17:23:45 install libkf6textwidgets6:amd64 <none> 6.24.0-0ubuntu1
2026-08-31 17:23:45 status half-installed libkf6textwidgets6:amd64 6.24.0-0ubuntu1
2026-08-31 17:23:45 status unpacked libkf6textwidgets6:amd64 6.24.0-0ubuntu1
2026-08-31 17:23:45 install libkf6userfeedback-data:all <none> 6.24.0-0ubuntu1
2026-08-31 17:23:45 status half-installed libkf6userfeedback-data:all 6.24.0-0ubuntu1
2026-08-31 17:23:45 status unpacked libkf6userfeedback-data:all 6.24.0-0ubuntu1
2026-08-31 17:23:45 install libkf6userfeedbackcore6:amd64 <none> 6.24.0-0ubuntu1
2026-08-31 17:23:45 status half-installed libkf6userfeedbackcore6:amd64 6.24.0-0ubuntu1
2026-08-31 17:23:45 status unpacked libkf6userfeedbackcore6:amd64 6.24.0-0ubuntu1
2026-08-31 17:23:45 install libkf6userfeedbackwidgets6:amd64 <none> 6.24.0-0ubuntu1
2026-08-31 17:23:45 status half-installed libkf6userfeedbackwidgets6:amd64 6.24.0-0ubuntu1
2026-08-31 17:23:45 status unpacked libkf6userfeedbackwidgets6:amd64 6.24.0-0ubuntu1
2026-08-31 17:23:45 install libpackagekitqt6-2:amd64 <none> 1.1.4-1
2026-08-31 17:23:45 status half-installed libpackagekitqt6-2:amd64 1.1.4-1
2026-08-31 17:23:45 status unpacked libpackagekitqt6-2:amd64 1.1.4-1
2026-08-31 17:23:45 install libqt6multimediawidgets6:amd64 <none> 6.10.2-2
2026-08-31 17:23:45 status half-installed libqt6multimediawidgets6:amd64 6.10.2-2
2026-08-31 17:23:45 status unpacked libqt6multimediawidgets6:amd64 6.10.2-2
2026-08-31 17:23:45 install dolphin:amd64 <none> 4:25.12.3-0ubuntu1
2026-08-31 17:23:45 status half-installed dolphin:amd64 4:25.12.3-0ubuntu1
2026-08-31 17:23:45 status unpacked dolphin:amd64 4:25.12.3-0ubuntu1
2026-08-31 17:23:45 install dracut-install:amd64 <none> 110-11
2026-08-31 17:23:45 status half-installed dracut-install:amd64 110-11
2026-08-31 17:23:45 status unpacked dracut-install:amd64 110-11
2026-08-31 17:23:45 install libfdisk1:amd64 <none> 2.41.3-3ubuntu2.2
2026-08-31 17:23:45 status half-installed libfdisk1:amd64 2.41.3-3ubuntu2.2
2026-08-31 17:23:45 status unpacked libfdisk1:amd64 2.41.3-3ubuntu2.2
2026-08-31 17:23:45 install fdisk:amd64 <none> 2.41.3-3ubuntu2.2
2026-08-31 17:23:45 status half-installed fdisk:amd64 2.41.3-3ubuntu2.2
2026-08-31 17:23:45 status unpacked fdisk:amd64 2.41.3-3ubuntu2.2
2026-08-31 17:23:45 install finalrd:all <none> 9build2
2026-08-31 17:23:45 status half-installed finalrd:all 9build2
2026-08-31 17:23:45 status unpacked finalrd:all 9build2
2026-08-31 17:23:45 install glib-networking-common:all <none> 2.80.1-1build2
2026-08-31 17:23:45 status half-installed glib-networking-common:all 2.80.1-1build2
2026-08-31 17:23:45 status unpacked glib-networking-common:all 2.80.1-1build2
2026-08-31 17:23:45 install glib-networking-services:amd64 <none> 2.80.1-1build2
2026-08-31 17:23:45 status half-installed glib-networking-services:amd64 2.80.1-1build2
2026-08-31 17:23:45 status unpacked glib-networking-services:amd64 2.80.1-1build2
2026-08-31 17:23:45 install user-session-migration:amd64 <none> 0.5.1
2026-08-31 17:23:45 status half-installed user-session-migration:amd64 0.5.1
2026-08-31 17:23:45 status unpacked user-session-migration:amd64 0.5.1
2026-08-31 17:23:45 install gsettings-desktop-schemas:all <none> 50.0-1ubuntu2
2026-08-31 17:23:45 status half-installed gsettings-desktop-schemas:all 50.0-1ubuntu2
2026-08-31 17:23:45 status unpacked gsettings-desktop-schemas:all 50.0-1ubuntu2
2026-08-31 17:23:45 install glib-networking:amd64 <none> 2.80.1-1build2
2026-08-31 17:23:45 status half-installed glib-networking:amd64 2.80.1-1build2
2026-08-31 17:23:45 status unpacked glib-networking:amd64 2.80.1-1build2
2026-08-31 17:23:45 install libcdparanoia0:amd64 <none> 3.10.2+debian-14ubuntu2
2026-08-31 17:23:45 status half-installed libcdparanoia0:amd64 3.10.2+debian-14ubuntu2
2026-08-31 17:23:45 status unpacked libcdparanoia0:amd64 3.10.2+debian-14ubuntu2
2026-08-31 17:23:45 install libgstreamer1.0-0:amd64 <none> 1.28.2-1
2026-08-31 17:23:45 status half-installed libgstreamer1.0-0:amd64 1.28.2-1
2026-08-31 17:23:45 status unpacked libgstreamer1.0-0:amd64 1.28.2-1
2026-08-31 17:23:45 install liborc-0.4-0t64:amd64 <none> 1:0.4.42-2
2026-08-31 17:23:45 status half-installed liborc-0.4-0t64:amd64 1:0.4.42-2
2026-08-31 17:23:45 status unpacked liborc-0.4-0t64:amd64 1:0.4.42-2
2026-08-31 17:23:45 install libgstreamer-plugins-base1.0-0:amd64 <none> 1.28.2-1
2026-08-31 17:23:45 status half-installed libgstreamer-plugins-base1.0-0:amd64 1.28.2-1
2026-08-31 17:23:45 status unpacked libgstreamer-plugins-base1.0-0:amd64 1.28.2-1
2026-08-31 17:23:45 install libvisual-0.4-0:amd64 <none> 0.4.2-4
2026-08-31 17:23:45 status half-installed libvisual-0.4-0:amd64 0.4.2-4
2026-08-31 17:23:45 status unpacked libvisual-0.4-0:amd64 0.4.2-4
2026-08-31 17:23:45 install gstreamer1.0-plugins-base:amd64 <none> 1.28.2-1
2026-08-31 17:23:45 status half-installed gstreamer1.0-plugins-base:amd64 1.28.2-1
2026-08-31 17:23:45 status unpacked gstreamer1.0-plugins-base:amd64 1.28.2-1
2026-08-31 17:23:45 install libaa1:amd64 <none> 1.4p5-51.1build1
2026-08-31 17:23:45 status half-installed libaa1:amd64 1.4p5-51.1build1
2026-08-31 17:23:45 status unpacked libaa1:amd64 1.4p5-51.1build1
2026-08-31 17:23:45 install libraw1394-11:amd64 <none> 2.1.2-2build4
2026-08-31 17:23:45 status half-installed libraw1394-11:amd64 2.1.2-2build4
2026-08-31 17:23:45 status unpacked libraw1394-11:amd64 2.1.2-2build4
2026-08-31 17:23:45 install libavc1394-0:amd64 <none> 0.5.4-5build4
2026-08-31 17:23:45 status half-installed libavc1394-0:amd64 0.5.4-5build4
2026-08-31 17:23:45 status unpacked libavc1394-0:amd64 0.5.4-5build4
2026-08-31 17:23:45 install libcaca0:amd64 <none> 0.99.beta20-6ubuntu2.1
2026-08-31 17:23:45 status half-installed libcaca0:amd64 0.99.beta20-6ubuntu2.1
2026-08-31 17:23:45 status unpacked libcaca0:amd64 0.99.beta20-6ubuntu2.1
2026-08-31 17:23:45 install libdv4t64:amd64 <none> 1.0.0-17.1build2
2026-08-31 17:23:45 status half-installed libdv4t64:amd64 1.0.0-17.1build2
2026-08-31 17:23:45 status unpacked libdv4t64:amd64 1.0.0-17.1build2
2026-08-31 17:23:45 install libiec61883-0:amd64 <none> 1.2.0-8
2026-08-31 17:23:45 status half-installed libiec61883-0:amd64 1.2.0-8
2026-08-31 17:23:45 status unpacked libiec61883-0:amd64 1.2.0-8
2026-08-31 17:23:45 install libtheora1:amd64 <none> 1.2.0+dfsg-6
2026-08-31 17:23:45 status half-installed libtheora1:amd64 1.2.0+dfsg-6
2026-08-31 17:23:45 status unpacked libtheora1:amd64 1.2.0+dfsg-6
2026-08-31 17:23:45 install libshout3:amd64 <none> 2.4.6-1build3
2026-08-31 17:23:45 status half-installed libshout3:amd64 2.4.6-1build3
2026-08-31 17:23:45 status unpacked libshout3:amd64 2.4.6-1build3
2026-08-31 17:23:45 install libv4lconvert0t64:amd64 <none> 1.32.0-2ubuntu1
2026-08-31 17:23:45 status half-installed libv4lconvert0t64:amd64 1.32.0-2ubuntu1
2026-08-31 17:23:45 status unpacked libv4lconvert0t64:amd64 1.32.0-2ubuntu1
2026-08-31 17:23:45 install libv4l-0t64:amd64 <none> 1.32.0-2ubuntu1
2026-08-31 17:23:45 status half-installed libv4l-0t64:amd64 1.32.0-2ubuntu1
2026-08-31 17:23:45 status unpacked libv4l-0t64:amd64 1.32.0-2ubuntu1
2026-08-31 17:23:45 install libwavpack1:amd64 <none> 5.9.0-1
2026-08-31 17:23:45 status half-installed libwavpack1:amd64 5.9.0-1
2026-08-31 17:23:45 status unpacked libwavpack1:amd64 5.9.0-1
2026-08-31 17:23:45 install libxdamage1:amd64 <none> 1:1.1.7-1
2026-08-31 17:23:45 status half-installed libxdamage1:amd64 1:1.1.7-1
2026-08-31 17:23:45 status unpacked libxdamage1:amd64 1:1.1.7-1
2026-08-31 17:23:45 install libxtst6:amd64 <none> 2:1.2.5-1build1
2026-08-31 17:23:45 status half-installed libxtst6:amd64 2:1.2.5-1build1
2026-08-31 17:23:45 status unpacked libxtst6:amd64 2:1.2.5-1build1
2026-08-31 17:23:45 install libsoup-3.0-common:all <none> 3.6.6-1
2026-08-31 17:23:45 status half-installed libsoup-3.0-common:all 3.6.6-1
2026-08-31 17:23:45 status unpacked libsoup-3.0-common:all 3.6.6-1
2026-08-31 17:23:45 install libsoup-3.0-0:amd64 <none> 3.6.6-1
2026-08-31 17:23:45 status half-installed libsoup-3.0-0:amd64 3.6.6-1
2026-08-31 17:23:45 status unpacked libsoup-3.0-0:amd64 3.6.6-1
2026-08-31 17:23:45 install gstreamer1.0-plugins-good:amd64 <none> 1.28.2-2ubuntu0.1
2026-08-31 17:23:45 status half-installed gstreamer1.0-plugins-good:amd64 1.28.2-2ubuntu0.1
2026-08-31 17:23:45 status unpacked gstreamer1.0-plugins-good:amd64 1.28.2-2ubuntu0.1
2026-08-31 17:23:45 install initramfs-tools-bin:amd64 <none> 0.151ubuntu1
2026-08-31 17:23:45 status half-installed initramfs-tools-bin:amd64 0.151ubuntu1
2026-08-31 17:23:45 status unpacked initramfs-tools-bin:amd64 0.151ubuntu1
2026-08-31 17:23:45 install libklibc:amd64 <none> 2.0.14-1ubuntu2
2026-08-31 17:23:45 status half-installed libklibc:amd64 2.0.14-1ubuntu2
2026-08-31 17:23:46 status unpacked libklibc:amd64 2.0.14-1ubuntu2
2026-08-31 17:23:46 install klibc-utils:amd64 <none> 2.0.14-1ubuntu2
2026-08-31 17:23:46 status half-installed klibc-utils:amd64 2.0.14-1ubuntu2
2026-08-31 17:23:46 status unpacked klibc-utils:amd64 2.0.14-1ubuntu2
2026-08-31 17:23:46 install initramfs-tools-core:all <none> 0.151ubuntu1
2026-08-31 17:23:46 status half-installed initramfs-tools-core:all 0.151ubuntu1
2026-08-31 17:23:46 status unpacked initramfs-tools-core:all 0.151ubuntu1
2026-08-31 17:23:46 install linux-base:all <none> 4.15ubuntu5
2026-08-31 17:23:46 status half-installed linux-base:all 4.15ubuntu5
2026-08-31 17:23:46 status unpacked linux-base:all 4.15ubuntu5
2026-08-31 17:23:46 install initramfs-tools:all <none> 0.151ubuntu1
2026-08-31 17:23:46 status half-installed initramfs-tools:all 0.151ubuntu1
2026-08-31 17:23:46 status unpacked initramfs-tools:all 0.151ubuntu1
2026-08-31 17:23:46 install iucode-tool:amd64 <none> 2.3.1-3build2
2026-08-31 17:23:46 status half-installed iucode-tool:amd64 2.3.1-3build2
2026-08-31 17:23:46 status unpacked iucode-tool:amd64 2.3.1-3build2
2026-08-31 17:23:46 install libkirigami-data:all <none> 6.24.0-0ubuntu1
2026-08-31 17:23:46 status half-installed libkirigami-data:all 6.24.0-0ubuntu1
2026-08-31 17:23:46 status unpacked libkirigami-data:all 6.24.0-0ubuntu1
2026-08-31 17:23:46 install libqt6quicktemplates2-6:amd64 <none> 6.10.2+dfsg-3
2026-08-31 17:23:46 status half-installed libqt6quicktemplates2-6:amd64 6.10.2+dfsg-3
2026-08-31 17:23:46 status unpacked libqt6quicktemplates2-6:amd64 6.10.2+dfsg-3
2026-08-31 17:23:46 install libqt6quickcontrols2-6:amd64 <none> 6.10.2+dfsg-3
2026-08-31 17:23:46 status half-installed libqt6quickcontrols2-6:amd64 6.10.2+dfsg-3
2026-08-31 17:23:46 status unpacked libqt6quickcontrols2-6:amd64 6.10.2+dfsg-3
2026-08-31 17:23:46 install libkirigamiplatform6:amd64 <none> 6.24.0-0ubuntu1
2026-08-31 17:23:46 status half-installed libkirigamiplatform6:amd64 6.24.0-0ubuntu1
2026-08-31 17:23:46 status unpacked libkirigamiplatform6:amd64 6.24.0-0ubuntu1
2026-08-31 17:23:46 install libkirigami6:amd64 <none> 6.24.0-0ubuntu1
2026-08-31 17:23:46 status half-installed libkirigami6:amd64 6.24.0-0ubuntu1
2026-08-31 17:23:46 status unpacked libkirigami6:amd64 6.24.0-0ubuntu1
2026-08-31 17:23:46 install libkirigamidelegates6:amd64 <none> 6.24.0-0ubuntu1
2026-08-31 17:23:46 status half-installed libkirigamidelegates6:amd64 6.24.0-0ubuntu1
2026-08-31 17:23:46 status unpacked libkirigamidelegates6:amd64 6.24.0-0ubuntu1
2026-08-31 17:23:46 install qml6-module-qtqml-models:amd64 <none> 6.10.2+dfsg-3
2026-08-31 17:23:46 status half-installed qml6-module-qtqml-models:amd64 6.10.2+dfsg-3
2026-08-31 17:23:46 status unpacked qml6-module-qtqml-models:amd64 6.10.2+dfsg-3
2026-08-31 17:23:46 install qml6-module-qtqml-workerscript:amd64 <none> 6.10.2+dfsg-3
2026-08-31 17:23:46 status half-installed qml6-module-qtqml-workerscript:amd64 6.10.2+dfsg-3
2026-08-31 17:23:46 status unpacked qml6-module-qtqml-workerscript:amd64 6.10.2+dfsg-3
2026-08-31 17:23:46 install qml6-module-qtqml:amd64 <none> 6.10.2+dfsg-3
2026-08-31 17:23:46 status half-installed qml6-module-qtqml:amd64 6.10.2+dfsg-3
2026-08-31 17:23:46 status unpacked qml6-module-qtqml:amd64 6.10.2+dfsg-3
2026-08-31 17:23:46 install qml6-module-qtquick:amd64 <none> 6.10.2+dfsg-3
2026-08-31 17:23:46 status half-installed qml6-module-qtquick:amd64 6.10.2+dfsg-3
2026-08-31 17:23:46 status unpacked qml6-module-qtquick:amd64 6.10.2+dfsg-3
2026-08-31 17:23:46 install qml6-module-qtquick-templates:amd64 <none> 6.10.2+dfsg-3
2026-08-31 17:23:46 status half-installed qml6-module-qtquick-templates:amd64 6.10.2+dfsg-3
2026-08-31 17:23:46 status unpacked qml6-module-qtquick-templates:amd64 6.10.2+dfsg-3
2026-08-31 17:23:46 install qml6-module-qt-labs-qmlmodels:amd64 <none> 6.10.2+dfsg-3
2026-08-31 17:23:46 status half-installed qml6-module-qt-labs-qmlmodels:amd64 6.10.2+dfsg-3
2026-08-31 17:23:46 status unpacked qml6-module-qt-labs-qmlmodels:amd64 6.10.2+dfsg-3
2026-08-31 17:23:46 install libqt6quickshapes6:amd64 <none> 6.10.2+dfsg-3
2026-08-31 17:23:46 status half-installed libqt6quickshapes6:amd64 6.10.2+dfsg-3
2026-08-31 17:23:46 status unpacked libqt6quickshapes6:amd64 6.10.2+dfsg-3
2026-08-31 17:23:46 install qml6-module-qtquick-shapes:amd64 <none> 6.10.2+dfsg-3
2026-08-31 17:23:46 status half-installed qml6-module-qtquick-shapes:amd64 6.10.2+dfsg-3
2026-08-31 17:23:46 status unpacked qml6-module-qtquick-shapes:amd64 6.10.2+dfsg-3
2026-08-31 17:23:46 install qml6-module-qtquick-window:amd64 <none> 6.10.2+dfsg-3
2026-08-31 17:23:46 status half-installed qml6-module-qtquick-window:amd64 6.10.2+dfsg-3
2026-08-31 17:23:46 status unpacked qml6-module-qtquick-window:amd64 6.10.2+dfsg-3
2026-08-31 17:23:46 install qml6-module-qtquick-controls:amd64 <none> 6.10.2+dfsg-3
2026-08-31 17:23:46 status half-installed qml6-module-qtquick-controls:amd64 6.10.2+dfsg-3
2026-08-31 17:23:46 status unpacked qml6-module-qtquick-controls:amd64 6.10.2+dfsg-3
2026-08-31 17:23:46 install qml6-module-qtquick-layouts:amd64 <none> 6.10.2+dfsg-3
2026-08-31 17:23:46 status half-installed qml6-module-qtquick-layouts:amd64 6.10.2+dfsg-3
2026-08-31 17:23:46 status unpacked qml6-module-qtquick-layouts:amd64 6.10.2+dfsg-3
2026-08-31 17:23:46 install libkirigamicontrols6:amd64 <none> 6.24.0-0ubuntu1
2026-08-31 17:23:46 status half-installed libkirigamicontrols6:amd64 6.24.0-0ubuntu1
2026-08-31 17:23:46 status unpacked libkirigamicontrols6:amd64 6.24.0-0ubuntu1
2026-08-31 17:23:46 install libkirigamidialogs6:amd64 <none> 6.24.0-0ubuntu1
2026-08-31 17:23:46 status half-installed libkirigamidialogs6:amd64 6.24.0-0ubuntu1
2026-08-31 17:23:46 status unpacked libkirigamidialogs6:amd64 6.24.0-0ubuntu1
2026-08-31 17:23:46 install libkirigamilayouts6:amd64 <none> 6.24.0-0ubuntu1
2026-08-31 17:23:46 status half-installed libkirigamilayouts6:amd64 6.24.0-0ubuntu1
2026-08-31 17:23:46 status unpacked libkirigamilayouts6:amd64 6.24.0-0ubuntu1
2026-08-31 17:23:46 install libkirigamilayoutsprivate6:amd64 <none> 6.24.0-0ubuntu1
2026-08-31 17:23:46 status half-installed libkirigamilayoutsprivate6:amd64 6.24.0-0ubuntu1
2026-08-31 17:23:46 status unpacked libkirigamilayoutsprivate6:amd64 6.24.0-0ubuntu1
2026-08-31 17:23:46 install libkirigamipolyfill6:amd64 <none> 6.24.0-0ubuntu1
2026-08-31 17:23:46 status half-installed libkirigamipolyfill6:amd64 6.24.0-0ubuntu1
2026-08-31 17:23:46 status unpacked libkirigamipolyfill6:amd64 6.24.0-0ubuntu1
2026-08-31 17:23:46 install libkirigamiprimitives6:amd64 <none> 6.24.0-0ubuntu1
2026-08-31 17:23:46 status half-installed libkirigamiprimitives6:amd64 6.24.0-0ubuntu1
2026-08-31 17:23:46 status unpacked libkirigamiprimitives6:amd64 6.24.0-0ubuntu1
2026-08-31 17:23:46 install libkirigamiprivate6:amd64 <none> 6.24.0-0ubuntu1
2026-08-31 17:23:46 status half-installed libkirigamiprivate6:amd64 6.24.0-0ubuntu1
2026-08-31 17:23:46 status unpacked libkirigamiprivate6:amd64 6.24.0-0ubuntu1
2026-08-31 17:23:46 install libkirigamitemplates6:amd64 <none> 6.24.0-0ubuntu1
2026-08-31 17:23:46 status half-installed libkirigamitemplates6:amd64 6.24.0-0ubuntu1
2026-08-31 17:23:46 status unpacked libkirigamitemplates6:amd64 6.24.0-0ubuntu1
2026-08-31 17:23:46 install qml6-module-org-kde-kirigami:amd64 <none> 6.24.0-0ubuntu1
2026-08-31 17:23:46 status half-installed qml6-module-org-kde-kirigami:amd64 6.24.0-0ubuntu1
2026-08-31 17:23:46 status unpacked qml6-module-org-kde-kirigami:amd64 6.24.0-0ubuntu1
2026-08-31 17:23:46 install qml6-module-qtquick-effects:amd64 <none> 6.10.2+dfsg-3
2026-08-31 17:23:46 status half-installed qml6-module-qtquick-effects:amd64 6.10.2+dfsg-3
2026-08-31 17:23:46 status unpacked qml6-module-qtquick-effects:amd64 6.10.2+dfsg-3
2026-08-31 17:23:46 install libgfortran5:amd64 <none> 16-20260322-1ubuntu1
2026-08-31 17:23:46 status half-installed libgfortran5:amd64 16-20260322-1ubuntu1
2026-08-31 17:23:46 status unpacked libgfortran5:amd64 16-20260322-1ubuntu1
2026-08-31 17:23:46 install libopenblas0-pthread:amd64 <none> 0.3.32+ds-5
2026-08-31 17:23:46 status half-installed libopenblas0-pthread:amd64 0.3.32+ds-5
2026-08-31 17:23:46 status unpacked libopenblas0-pthread:amd64 0.3.32+ds-5
2026-08-31 17:23:46 install libopenblas0:amd64 <none> 0.3.32+ds-5
2026-08-31 17:23:46 status half-installed libopenblas0:amd64 0.3.32+ds-5
2026-08-31 17:23:46 status unpacked libopenblas0:amd64 0.3.32+ds-5
2026-08-31 17:23:46 install libhwloc15:amd64 <none> 2.13.0-2
2026-08-31 17:23:46 status half-installed libhwloc15:amd64 2.13.0-2
2026-08-31 17:23:46 status unpacked libhwloc15:amd64 2.13.0-2
2026-08-31 17:23:46 install libtbbbind-2-5:amd64 <none> 2022.3.0-2
2026-08-31 17:23:46 status half-installed libtbbbind-2-5:amd64 2022.3.0-2
2026-08-31 17:23:46 status unpacked libtbbbind-2-5:amd64 2022.3.0-2
2026-08-31 17:23:46 install libtbbmalloc2:amd64 <none> 2022.3.0-2
2026-08-31 17:23:46 status half-installed libtbbmalloc2:amd64 2022.3.0-2
2026-08-31 17:23:46 status unpacked libtbbmalloc2:amd64 2022.3.0-2
2026-08-31 17:23:46 install libtbb12:amd64 <none> 2022.3.0-2
2026-08-31 17:23:46 status half-installed libtbb12:amd64 2022.3.0-2
2026-08-31 17:23:46 status unpacked libtbb12:amd64 2022.3.0-2
2026-08-31 17:23:47 install libopencv-core410:amd64 <none> 4.10.0+dfsg-7ubuntu5
2026-08-31 17:23:47 status half-installed libopencv-core410:amd64 4.10.0+dfsg-7ubuntu5
2026-08-31 17:23:47 status unpacked libopencv-core410:amd64 4.10.0+dfsg-7ubuntu5
2026-08-31 17:23:47 install libopencv-imgproc410:amd64 <none> 4.10.0+dfsg-7ubuntu5
2026-08-31 17:23:47 status half-installed libopencv-imgproc410:amd64 4.10.0+dfsg-7ubuntu5
2026-08-31 17:23:47 status unpacked libopencv-imgproc410:amd64 4.10.0+dfsg-7ubuntu5
2026-08-31 17:23:47 install libkquickimageeditor1:amd64 <none> 0.6.0-2ubuntu0.1
2026-08-31 17:23:47 status half-installed libkquickimageeditor1:amd64 0.6.0-2ubuntu0.1
2026-08-31 17:23:47 status unpacked libkquickimageeditor1:amd64 0.6.0-2ubuntu0.1
2026-08-31 17:23:47 install qml6-module-org-kde-kquickimageeditor:amd64 <none> 0.6.0-2ubuntu0.1
2026-08-31 17:23:47 status half-installed qml6-module-org-kde-kquickimageeditor:amd64 0.6.0-2ubuntu0.1
2026-08-31 17:23:47 status unpacked qml6-module-org-kde-kquickimageeditor:amd64 0.6.0-2ubuntu0.1
2026-08-31 17:23:47 install qml6-module-qtmultimedia:amd64 <none> 6.10.2-2
2026-08-31 17:23:47 status half-installed qml6-module-qtmultimedia:amd64 6.10.2-2
2026-08-31 17:23:47 status unpacked qml6-module-qtmultimedia:amd64 6.10.2-2
2026-08-31 17:23:47 install libzxing3:amd64 <none> 2.3.0-5
2026-08-31 17:23:47 status half-installed libzxing3:amd64 2.3.0-5
2026-08-31 17:23:47 status unpacked libzxing3:amd64 2.3.0-5
2026-08-31 17:23:47 install libkf6prisonscanner6:amd64 <none> 6.24.0-0ubuntu1
2026-08-31 17:23:47 status half-installed libkf6prisonscanner6:amd64 6.24.0-0ubuntu1
2026-08-31 17:23:47 status unpacked libkf6prisonscanner6:amd64 6.24.0-0ubuntu1
2026-08-31 17:23:47 install qml6-module-qtcore:amd64 <none> 6.10.2+dfsg-3
2026-08-31 17:23:47 status half-installed qml6-module-qtcore:amd64 6.10.2+dfsg-3
2026-08-31 17:23:47 status unpacked qml6-module-qtcore:amd64 6.10.2+dfsg-3
2026-08-31 17:23:47 install libkf6bluezqt-data:all <none> 6.24.0-0ubuntu1
2026-08-31 17:23:47 status half-installed libkf6bluezqt-data:all 6.24.0-0ubuntu1
2026-08-31 17:23:47 status unpacked libkf6bluezqt-data:all 6.24.0-0ubuntu1
2026-08-31 17:23:47 install libkf6bluezqt6:amd64 <none> 6.24.0-0ubuntu1
2026-08-31 17:23:47 status half-installed libkf6bluezqt6:amd64 6.24.0-0ubuntu1
2026-08-31 17:23:47 status unpacked libkf6bluezqt6:amd64 6.24.0-0ubuntu1
2026-08-31 17:23:47 install qml6-module-org-kde-bluezqt:amd64 <none> 6.24.0-0ubuntu1
2026-08-31 17:23:47 status half-installed qml6-module-org-kde-bluezqt:amd64 6.24.0-0ubuntu1
2026-08-31 17:23:47 status unpacked qml6-module-org-kde-bluezqt:amd64 6.24.0-0ubuntu1
2026-08-31 17:23:47 install qml6-module-org-kde-config:amd64 <none> 6.24.0-0ubuntu1
2026-08-31 17:23:47 status half-installed qml6-module-org-kde-config:amd64 6.24.0-0ubuntu1
2026-08-31 17:23:47 status unpacked qml6-module-org-kde-config:amd64 6.24.0-0ubuntu1
2026-08-31 17:23:47 install qml6-module-org-kde-kcmutils:amd64 <none> 6.24.0-0ubuntu1
2026-08-31 17:23:47 status half-installed qml6-module-org-kde-kcmutils:amd64 6.24.0-0ubuntu1
2026-08-31 17:23:47 status unpacked qml6-module-org-kde-kcmutils:amd64 6.24.0-0ubuntu1
2026-08-31 17:23:47 install libdmtx0t64:amd64 <none> 0.7.8-1
2026-08-31 17:23:47 status half-installed libdmtx0t64:amd64 0.7.8-1
2026-08-31 17:23:47 status unpacked libdmtx0t64:amd64 0.7.8-1
2026-08-31 17:23:47 install libqrencode4:amd64 <none> 4.1.1-2build1
2026-08-31 17:23:47 status half-installed libqrencode4:amd64 4.1.1-2build1
2026-08-31 17:23:47 status unpacked libqrencode4:amd64 4.1.1-2build1
2026-08-31 17:23:47 install libkf6prison6:amd64 <none> 6.24.0-0ubuntu1
2026-08-31 17:23:47 status half-installed libkf6prison6:amd64 6.24.0-0ubuntu1
2026-08-31 17:23:47 status unpacked libkf6prison6:amd64 6.24.0-0ubuntu1
2026-08-31 17:23:47 install qml6-module-org-kde-prison:amd64 <none> 6.24.0-0ubuntu1
2026-08-31 17:23:47 status half-installed qml6-module-org-kde-prison:amd64 6.24.0-0ubuntu1
2026-08-31 17:23:47 status unpacked qml6-module-org-kde-prison:amd64 6.24.0-0ubuntu1
2026-08-31 17:23:47 install qml6-module-qt-labs-folderlistmodel:amd64 <none> 6.10.2+dfsg-3
2026-08-31 17:23:47 status half-installed qml6-module-qt-labs-folderlistmodel:amd64 6.10.2+dfsg-3
2026-08-31 17:23:47 status unpacked qml6-module-qt-labs-folderlistmodel:amd64 6.10.2+dfsg-3
2026-08-31 17:23:47 install qml6-module-qtquick-dialogs:amd64 <none> 6.10.2+dfsg-3
2026-08-31 17:23:47 status half-installed qml6-module-qtquick-dialogs:amd64 6.10.2+dfsg-3
2026-08-31 17:23:47 status unpacked qml6-module-qtquick-dialogs:amd64 6.10.2+dfsg-3
2026-08-31 17:23:47 install libaccounts-glib0:amd64 <none> 1.27-3
2026-08-31 17:23:47 status half-installed libaccounts-glib0:amd64 1.27-3
2026-08-31 17:23:47 status unpacked libaccounts-glib0:amd64 1.27-3
2026-08-31 17:23:47 install libaccounts-qt6-1:amd64 <none> 1.17-4ubuntu2
2026-08-31 17:23:47 status half-installed libaccounts-qt6-1:amd64 1.17-4ubuntu2
2026-08-31 17:23:47 status unpacked libaccounts-qt6-1:amd64 1.17-4ubuntu2
2026-08-31 17:23:47 install libsignon-qt6-1:amd64 <none> 8.61+git20231015.c8ad982-8
2026-08-31 17:23:47 status half-installed libsignon-qt6-1:amd64 8.61+git20231015.c8ad982-8
2026-08-31 17:23:47 status unpacked libsignon-qt6-1:amd64 8.61+git20231015.c8ad982-8
2026-08-31 17:23:47 install qml6-module-sso-onlineaccounts:amd64 <none> 0.7+git20231028.05e79eb-7
2026-08-31 17:23:47 status half-installed qml6-module-sso-onlineaccounts:amd64 0.7+git20231028.05e79eb-7
2026-08-31 17:23:47 status unpacked qml6-module-sso-onlineaccounts:amd64 0.7+git20231028.05e79eb-7
2026-08-31 17:23:47 install libkaccounts6-2:amd64 <none> 4:25.12.3-0ubuntu1
2026-08-31 17:23:47 status half-installed libkaccounts6-2:amd64 4:25.12.3-0ubuntu1
2026-08-31 17:23:47 status unpacked libkaccounts6-2:amd64 4:25.12.3-0ubuntu1
2026-08-31 17:23:47 install libkf6purpose-data:all <none> 6.24.0-0ubuntu1
2026-08-31 17:23:47 status half-installed libkf6purpose-data:all 6.24.0-0ubuntu1
2026-08-31 17:23:47 status unpacked libkf6purpose-data:all 6.24.0-0ubuntu1
2026-08-31 17:23:47 install libkf6purpose6:amd64 <none> 6.24.0-0ubuntu1
2026-08-31 17:23:47 status half-installed libkf6purpose6:amd64 6.24.0-0ubuntu1
2026-08-31 17:23:47 status unpacked libkf6purpose6:amd64 6.24.0-0ubuntu1
2026-08-31 17:23:47 install libkf6purposewidgets6:amd64 <none> 6.24.0-0ubuntu1
2026-08-31 17:23:47 status half-installed libkf6purposewidgets6:amd64 6.24.0-0ubuntu1
2026-08-31 17:23:47 status unpacked libkf6purposewidgets6:amd64 6.24.0-0ubuntu1
2026-08-31 17:23:47 install libkf6purpose-bin:amd64 <none> 6.24.0-0ubuntu1
2026-08-31 17:23:47 status half-installed libkf6purpose-bin:amd64 6.24.0-0ubuntu1
2026-08-31 17:23:47 status unpacked libkf6purpose-bin:amd64 6.24.0-0ubuntu1
2026-08-31 17:23:47 install libkf6statusnotifieritem-data:all <none> 6.24.0-0ubuntu1
2026-08-31 17:23:47 status half-installed libkf6statusnotifieritem-data:all 6.24.0-0ubuntu1
2026-08-31 17:23:47 status unpacked libkf6statusnotifieritem-data:all 6.24.0-0ubuntu1
2026-08-31 17:23:47 install libkf6statusnotifieritem6:amd64 <none> 6.24.0-0ubuntu1
2026-08-31 17:23:47 status half-installed libkf6statusnotifieritem6:amd64 6.24.0-0ubuntu1
2026-08-31 17:23:47 status unpacked libkf6statusnotifieritem6:amd64 6.24.0-0ubuntu1
2026-08-31 17:23:47 install libkpipewire-data:all <none> 6.6.4-0ubuntu1
2026-08-31 17:23:47 status half-installed libkpipewire-data:all 6.6.4-0ubuntu1
2026-08-31 17:23:47 status unpacked libkpipewire-data:all 6.6.4-0ubuntu1
2026-08-31 17:23:47 install libunibreak6:amd64 <none> 6.1-3build1
2026-08-31 17:23:47 status half-installed libunibreak6:amd64 6.1-3build1
2026-08-31 17:23:47 status unpacked libunibreak6:amd64 6.1-3build1
2026-08-31 17:23:47 install libass9:amd64 <none> 1:0.17.4-2
2026-08-31 17:23:47 status half-installed libass9:amd64 1:0.17.4-2
2026-08-31 17:23:47 status unpacked libass9:amd64 1:0.17.4-2
2026-08-31 17:23:47 install libbs2b0:amd64 <none> 3.1.0+dfsg-8build1
2026-08-31 17:23:47 status half-installed libbs2b0:amd64 3.1.0+dfsg-8build1
2026-08-31 17:23:47 status unpacked libbs2b0:amd64 3.1.0+dfsg-8build1
2026-08-31 17:23:47 install libflite1:amd64 <none> 2.2-7build1
2026-08-31 17:23:47 status half-installed libflite1:amd64 2.2-7build1
2026-08-31 17:23:47 status unpacked libflite1:amd64 2.2-7build1
2026-08-31 17:23:47 install libserd-0-0:amd64 <none> 0.32.6-1
2026-08-31 17:23:47 status half-installed libserd-0-0:amd64 0.32.6-1
2026-08-31 17:23:47 status unpacked libserd-0-0:amd64 0.32.6-1
2026-08-31 17:23:47 install libzix-0-0:amd64 <none> 0.8.0-1
2026-08-31 17:23:47 status half-installed libzix-0-0:amd64 0.8.0-1
2026-08-31 17:23:47 status unpacked libzix-0-0:amd64 0.8.0-1
2026-08-31 17:23:47 install libsord-0-0:amd64 <none> 0.16.20-1
2026-08-31 17:23:47 status half-installed libsord-0-0:amd64 0.16.20-1
2026-08-31 17:23:47 status unpacked libsord-0-0:amd64 0.16.20-1
2026-08-31 17:23:47 install libsratom-0-0:amd64 <none> 0.6.20-1
2026-08-31 17:23:47 status half-installed libsratom-0-0:amd64 0.6.20-1
2026-08-31 17:23:47 status unpacked libsratom-0-0:amd64 0.6.20-1
2026-08-31 17:23:47 install liblilv-0-0:amd64 <none> 0.26.2-1
2026-08-31 17:23:47 status half-installed liblilv-0-0:amd64 0.26.2-1
2026-08-31 17:23:47 status unpacked liblilv-0-0:amd64 0.26.2-1
2026-08-31 17:23:47 install libmysofa1:amd64 <none> 1.3.3+dfsg-1ubuntu2
2026-08-31 17:23:47 status half-installed libmysofa1:amd64 1.3.3+dfsg-1ubuntu2
2026-08-31 17:23:47 status unpacked libmysofa1:amd64 1.3.3+dfsg-1ubuntu2
2026-08-31 17:23:47 install libplacebo360:amd64 <none> 7.360.0-3
2026-08-31 17:23:47 status half-installed libplacebo360:amd64 7.360.0-3
2026-08-31 17:23:47 status unpacked libplacebo360:amd64 7.360.0-3
2026-08-31 17:23:47 install libfftw3-double3:amd64 <none> 3.3.10-2fakesync1build3
2026-08-31 17:23:47 status half-installed libfftw3-double3:amd64 3.3.10-2fakesync1build3
2026-08-31 17:23:47 status unpacked libfftw3-double3:amd64 3.3.10-2fakesync1build3
2026-08-31 17:23:47 install libsamplerate0:amd64 <none> 0.2.2-4build2
2026-08-31 17:23:47 status half-installed libsamplerate0:amd64 0.2.2-4build2
2026-08-31 17:23:48 status unpacked libsamplerate0:amd64 0.2.2-4build2
2026-08-31 17:23:48 install librubberband3:amd64 <none> 4.0.0+dfsg-2ubuntu1
2026-08-31 17:23:48 status half-installed librubberband3:amd64 4.0.0+dfsg-2ubuntu1
2026-08-31 17:23:48 status unpacked librubberband3:amd64 4.0.0+dfsg-2ubuntu1
2026-08-31 17:23:48 install libvidstab1.1:amd64 <none> 1.1.0-2.1
2026-08-31 17:23:48 status half-installed libvidstab1.1:amd64 1.1.0-2.1
2026-08-31 17:23:48 status unpacked libvidstab1.1:amd64 1.1.0-2.1
2026-08-31 17:23:48 install libzimg2:amd64 <none> 3.0.6+ds1-1
2026-08-31 17:23:48 status half-installed libzimg2:amd64 3.0.6+ds1-1
2026-08-31 17:23:48 status unpacked libzimg2:amd64 3.0.6+ds1-1
2026-08-31 17:23:48 install libavfilter11:amd64 <none> 7:8.0.1-3ubuntu2
2026-08-31 17:23:48 status half-installed libavfilter11:amd64 7:8.0.1-3ubuntu2
2026-08-31 17:23:48 status unpacked libavfilter11:amd64 7:8.0.1-3ubuntu2
2026-08-31 17:23:48 install libepoxy0:amd64 <none> 1.5.10-2build1
2026-08-31 17:23:48 status half-installed libepoxy0:amd64 1.5.10-2build1
2026-08-31 17:23:48 status unpacked libepoxy0:amd64 1.5.10-2build1
2026-08-31 17:23:48 install libkpipewire6:amd64 <none> 6.6.4-0ubuntu1
2026-08-31 17:23:48 status half-installed libkpipewire6:amd64 6.6.4-0ubuntu1
2026-08-31 17:23:48 status unpacked libkpipewire6:amd64 6.6.4-0ubuntu1
2026-08-31 17:23:48 install libkpipewiredmabuf6:amd64 <none> 6.6.4-0ubuntu1
2026-08-31 17:23:48 status half-installed libkpipewiredmabuf6:amd64 6.6.4-0ubuntu1
2026-08-31 17:23:48 status unpacked libkpipewiredmabuf6:amd64 6.6.4-0ubuntu1
2026-08-31 17:23:48 install libkpipewirerecord6:amd64 <none> 6.6.4-0ubuntu1
2026-08-31 17:23:48 status half-installed libkpipewirerecord6:amd64 6.6.4-0ubuntu1
2026-08-31 17:23:48 status unpacked libkpipewirerecord6:amd64 6.6.4-0ubuntu1
2026-08-31 17:23:48 install kde-spectacle:amd64 <none> 4:6.6.6-0ubuntu0.1
2026-08-31 17:23:48 status half-installed kde-spectacle:amd64 4:6.6.6-0ubuntu0.1
2026-08-31 17:23:48 status unpacked kde-spectacle:amd64 4:6.6.6-0ubuntu0.1
2026-08-31 17:23:48 install kio-fuse:amd64 <none> 5.1.1-1
2026-08-31 17:23:48 status half-installed kio-fuse:amd64 5.1.1-1
2026-08-31 17:23:48 status unpacked kio-fuse:amd64 5.1.1-1
2026-08-31 17:23:48 install kirigami-addons-data:all <none> 1.11.0-2ubuntu2
2026-08-31 17:23:48 status half-installed kirigami-addons-data:all 1.11.0-2ubuntu2
2026-08-31 17:23:48 status unpacked kirigami-addons-data:all 1.11.0-2ubuntu2
2026-08-31 17:23:48 install libkf6pty-data:all <none> 6.24.0-0ubuntu1
2026-08-31 17:23:48 status half-installed libkf6pty-data:all 6.24.0-0ubuntu1
2026-08-31 17:23:48 status unpacked libkf6pty-data:all 6.24.0-0ubuntu1
2026-08-31 17:23:48 install libkf6pty6:amd64 <none> 6.24.0-0ubuntu1
2026-08-31 17:23:48 status half-installed libkf6pty6:amd64 6.24.0-0ubuntu1
2026-08-31 17:23:48 status unpacked libkf6pty6:amd64 6.24.0-0ubuntu1
2026-08-31 17:23:48 install konsole-kpart:amd64 <none> 4:25.12.3-0ubuntu1
2026-08-31 17:23:48 status half-installed konsole-kpart:amd64 4:25.12.3-0ubuntu1
2026-08-31 17:23:48 status unpacked konsole-kpart:amd64 4:25.12.3-0ubuntu1
2026-08-31 17:23:48 install libkf6notifyconfig-data:all <none> 6.24.0-0ubuntu1
2026-08-31 17:23:48 status half-installed libkf6notifyconfig-data:all 6.24.0-0ubuntu1
2026-08-31 17:23:48 status unpacked libkf6notifyconfig-data:all 6.24.0-0ubuntu1
2026-08-31 17:23:48 install libkf6notifyconfig6:amd64 <none> 6.24.0-0ubuntu1
2026-08-31 17:23:48 status half-installed libkf6notifyconfig6:amd64 6.24.0-0ubuntu1
2026-08-31 17:23:48 status unpacked libkf6notifyconfig6:amd64 6.24.0-0ubuntu1
2026-08-31 17:23:48 install konsole:amd64 <none> 4:25.12.3-0ubuntu1
2026-08-31 17:23:48 status half-installed konsole:amd64 4:25.12.3-0ubuntu1
2026-08-31 17:23:48 status unpacked konsole:amd64 4:25.12.3-0ubuntu1
2026-08-31 17:23:48 install kwayland6-data:all <none> 4:6.6.4-0ubuntu1
2026-08-31 17:23:48 status half-installed kwayland6-data:all 4:6.6.4-0ubuntu1
2026-08-31 17:23:48 status unpacked kwayland6-data:all 4:6.6.4-0ubuntu1
2026-08-31 17:23:48 install libkdecorations3private2:amd64 <none> 4:6.6.4-0ubuntu1
2026-08-31 17:23:48 status half-installed libkdecorations3private2:amd64 4:6.6.4-0ubuntu1
2026-08-31 17:23:48 status unpacked libkdecorations3private2:amd64 4:6.6.4-0ubuntu1
2026-08-31 17:23:48 install libkdecorations3-6:amd64 <none> 4:6.6.4-0ubuntu1
2026-08-31 17:23:48 status half-installed libkdecorations3-6:amd64 4:6.6.4-0ubuntu1
2026-08-31 17:23:48 status unpacked libkdecorations3-6:amd64 4:6.6.4-0ubuntu1
2026-08-31 17:23:48 install libqt6openglwidgets6:amd64 <none> 6.10.2+dfsg-7
2026-08-31 17:23:48 status half-installed libqt6openglwidgets6:amd64 6.10.2+dfsg-7
2026-08-31 17:23:48 status unpacked libqt6openglwidgets6:amd64 6.10.2+dfsg-7
2026-08-31 17:23:48 install libqt6uitools6:amd64 <none> 6.10.2-1
2026-08-31 17:23:48 status half-installed libqt6uitools6:amd64 6.10.2-1
2026-08-31 17:23:48 status unpacked libqt6uitools6:amd64 6.10.2-1
2026-08-31 17:23:48 install kwin-style-aurorae:amd64 <none> 6.6.6-0ubuntu0.1
2026-08-31 17:23:48 status half-installed kwin-style-aurorae:amd64 6.6.6-0ubuntu0.1
2026-08-31 17:23:48 status unpacked kwin-style-aurorae:amd64 6.6.6-0ubuntu0.1
2026-08-31 17:23:48 install libxt6t64:amd64 <none> 1:1.2.1-1.3build1
2026-08-31 17:23:48 status half-installed libxt6t64:amd64 1:1.2.1-1.3build1
2026-08-31 17:23:48 status unpacked libxt6t64:amd64 1:1.2.1-1.3build1
2026-08-31 17:23:48 install libxmu6:amd64 <none> 2:1.1.3-4
2026-08-31 17:23:48 status half-installed libxmu6:amd64 2:1.1.3-4
2026-08-31 17:23:48 status unpacked libxmu6:amd64 2:1.1.3-4
2026-08-31 17:23:48 install libxpm4:amd64 <none> 1:3.5.17-1ubuntu0.26.04.1
2026-08-31 17:23:48 status half-installed libxpm4:amd64 1:3.5.17-1ubuntu0.26.04.1
2026-08-31 17:23:48 status unpacked libxpm4:amd64 1:3.5.17-1ubuntu0.26.04.1
2026-08-31 17:23:48 install libxaw7:amd64 <none> 2:1.0.16-1build1
2026-08-31 17:23:48 status half-installed libxaw7:amd64 2:1.0.16-1build1
2026-08-31 17:23:48 status unpacked libxaw7:amd64 2:1.0.16-1build1
2026-08-31 17:23:48 install libxkbfile1:amd64 <none> 1:1.1.0-1build5
2026-08-31 17:23:48 status half-installed libxkbfile1:amd64 1:1.1.0-1build5
2026-08-31 17:23:48 status unpacked libxkbfile1:amd64 1:1.1.0-1build5
2026-08-31 17:23:48 install x11-xkb-utils:amd64 <none> 7.7+9build1
2026-08-31 17:23:48 status half-installed x11-xkb-utils:amd64 7.7+9build1
2026-08-31 17:23:48 status unpacked x11-xkb-utils:amd64 7.7+9build1
2026-08-31 17:23:48 install xserver-common:all <none> 2:21.1.22-1ubuntu1
2026-08-31 17:23:48 status half-installed xserver-common:all 2:21.1.22-1ubuntu1
2026-08-31 17:23:48 status unpacked xserver-common:all 2:21.1.22-1ubuntu1
2026-08-31 17:23:48 install libdecor-0-0:amd64 <none> 0.2.5-1
2026-08-31 17:23:48 status half-installed libdecor-0-0:amd64 0.2.5-1
2026-08-31 17:23:48 status unpacked libdecor-0-0:amd64 0.2.5-1
2026-08-31 17:23:48 install libei1:amd64 <none> 1.5.0-3
2026-08-31 17:23:48 status half-installed libei1:amd64 1.5.0-3
2026-08-31 17:23:48 status unpacked libei1:amd64 1.5.0-3
2026-08-31 17:23:48 install libgl1:amd64 <none> 1.7.0-3
2026-08-31 17:23:48 status half-installed libgl1:amd64 1.7.0-3
2026-08-31 17:23:48 status unpacked libgl1:amd64 1.7.0-3
2026-08-31 17:23:48 install liboeffis1:amd64 <none> 1.5.0-3
2026-08-31 17:23:48 status half-installed liboeffis1:amd64 1.5.0-3
2026-08-31 17:23:48 status unpacked liboeffis1:amd64 1.5.0-3
2026-08-31 17:23:48 install libxcvt0:amd64 <none> 0.1.3-1build1
2026-08-31 17:23:48 status half-installed libxcvt0:amd64 0.1.3-1build1
2026-08-31 17:23:48 status unpacked libxcvt0:amd64 0.1.3-1build1
2026-08-31 17:23:48 install libfontenc1:amd64 <none> 1:1.1.8-1build2
2026-08-31 17:23:48 status half-installed libfontenc1:amd64 1:1.1.8-1build2
2026-08-31 17:23:48 status unpacked libfontenc1:amd64 1:1.1.8-1build2
2026-08-31 17:23:48 install libxfont2:amd64 <none> 1:2.0.6-2ubuntu0.2
2026-08-31 17:23:48 status half-installed libxfont2:amd64 1:2.0.6-2ubuntu0.2
2026-08-31 17:23:48 status unpacked libxfont2:amd64 1:2.0.6-2ubuntu0.2
2026-08-31 17:23:48 install xwayland:amd64 <none> 2:24.1.10-1
2026-08-31 17:23:48 status half-installed xwayland:amd64 2:24.1.10-1
2026-08-31 17:23:48 status unpacked xwayland:amd64 2:24.1.10-1
2026-08-31 17:23:48 install libxcb-record0:amd64 <none> 1.17.0-2ubuntu1
2026-08-31 17:23:48 status half-installed libxcb-record0:amd64 1.17.0-2ubuntu1
2026-08-31 17:23:48 status unpacked libxcb-record0:amd64 1.17.0-2ubuntu1
2026-08-31 17:23:48 install libkglobalacceld0:amd64 <none> 6.6.5-0ubuntu0.1
2026-08-31 17:23:48 status half-installed libkglobalacceld0:amd64 6.6.5-0ubuntu0.1
2026-08-31 17:23:48 status unpacked libkglobalacceld0:amd64 6.6.5-0ubuntu0.1
2026-08-31 17:23:48 install libdisplay-info3:amd64 <none> 0.3.0-1
2026-08-31 17:23:48 status half-installed libdisplay-info3:amd64 0.3.0-1
2026-08-31 17:23:48 status unpacked libdisplay-info3:amd64 0.3.0-1
2026-08-31 17:23:48 install libkwaylandclient6:amd64 <none> 4:6.6.4-0ubuntu1
2026-08-31 17:23:48 status half-installed libkwaylandclient6:amd64 4:6.6.4-0ubuntu1
2026-08-31 17:23:48 status unpacked libkwaylandclient6:amd64 4:6.6.4-0ubuntu1
2026-08-31 17:23:48 install libxcb-composite0:amd64 <none> 1.17.0-2ubuntu1
2026-08-31 17:23:48 status half-installed libxcb-composite0:amd64 1.17.0-2ubuntu1
2026-08-31 17:23:48 status unpacked libxcb-composite0:amd64 1.17.0-2ubuntu1
2026-08-31 17:23:48 install libkwin6:amd64 <none> 4:6.6.6-0ubuntu0.1
2026-08-31 17:23:48 status half-installed libkwin6:amd64 4:6.6.6-0ubuntu0.1
2026-08-31 17:23:48 status unpacked libkwin6:amd64 4:6.6.6-0ubuntu0.1
2026-08-31 17:23:49 install libqaccessibilityclient-qt6-0:amd64 <none> 0.6.0-4ubuntu1
2026-08-31 17:23:49 status half-installed libqaccessibilityclient-qt6-0:amd64 0.6.0-4ubuntu1
2026-08-31 17:23:49 status unpacked libqaccessibilityclient-qt6-0:amd64 0.6.0-4ubuntu1
2026-08-31 17:23:49 install kwin-wayland:amd64 <none> 4:6.6.6-0ubuntu0.1
2026-08-31 17:23:49 status half-installed kwin-wayland:amd64 4:6.6.6-0ubuntu0.1
2026-08-31 17:23:49 status unpacked kwin-wayland:amd64 4:6.6.6-0ubuntu0.1
2026-08-31 17:23:49 install libbluetooth3:amd64 <none> 5.85-4ubuntu0.1
2026-08-31 17:23:49 status half-installed libbluetooth3:amd64 5.85-4ubuntu0.1
2026-08-31 17:23:49 status unpacked libbluetooth3:amd64 5.85-4ubuntu0.1
2026-08-31 17:23:49 install libclang1-21:amd64 <none> 1:21.1.8-6ubuntu1
2026-08-31 17:23:49 status half-installed libclang1-21:amd64 1:21.1.8-6ubuntu1
2026-08-31 17:23:49 status unpacked libclang1-21:amd64 1:21.1.8-6ubuntu1
2026-08-31 17:23:49 install libddcutil5:amd64 <none> 2.2.5-1
2026-08-31 17:23:49 status half-installed libddcutil5:amd64 2.2.5-1
2026-08-31 17:23:49 status unpacked libddcutil5:amd64 2.2.5-1
2026-08-31 17:23:49 install libharfbuzz-subset0:amd64 <none> 12.3.2-2
2026-08-31 17:23:49 status half-installed libharfbuzz-subset0:amd64 12.3.2-2
2026-08-31 17:23:49 status unpacked libharfbuzz-subset0:amd64 12.3.2-2
2026-08-31 17:23:49 install libjson-glib-1.0-common:all <none> 1.10.8+ds-2
2026-08-31 17:23:49 status half-installed libjson-glib-1.0-common:all 1.10.8+ds-2
2026-08-31 17:23:49 status unpacked libjson-glib-1.0-common:all 1.10.8+ds-2
2026-08-31 17:23:49 install libjson-glib-1.0-0:amd64 <none> 1.10.8+ds-2
2026-08-31 17:23:49 status half-installed libjson-glib-1.0-0:amd64 1.10.8+ds-2
2026-08-31 17:23:49 status unpacked libjson-glib-1.0-0:amd64 1.10.8+ds-2
2026-08-31 17:23:49 install libkf6auth-data:all <none> 6.24.0-0ubuntu1
2026-08-31 17:23:49 status half-installed libkf6auth-data:all 6.24.0-0ubuntu1
2026-08-31 17:23:49 status unpacked libkf6auth-data:all 6.24.0-0ubuntu1
2026-08-31 17:23:49 install libpolkit-gobject-1-0:amd64 <none> 127-2ubuntu1
2026-08-31 17:23:49 status half-installed libpolkit-gobject-1-0:amd64 127-2ubuntu1
2026-08-31 17:23:49 status unpacked libpolkit-gobject-1-0:amd64 127-2ubuntu1
2026-08-31 17:23:49 install libpolkit-agent-1-0:amd64 <none> 127-2ubuntu1
2026-08-31 17:23:49 status half-installed libpolkit-agent-1-0:amd64 127-2ubuntu1
2026-08-31 17:23:49 status unpacked libpolkit-agent-1-0:amd64 127-2ubuntu1
2026-08-31 17:23:49 install libpolkit-qt6-1-1:amd64 <none> 0.200.0-4ubuntu1
2026-08-31 17:23:49 status half-installed libpolkit-qt6-1-1:amd64 0.200.0-4ubuntu1
2026-08-31 17:23:49 status unpacked libpolkit-qt6-1-1:amd64 0.200.0-4ubuntu1
2026-08-31 17:23:49 install libkf6authcore6:amd64 <none> 6.24.0-0ubuntu1
2026-08-31 17:23:49 status half-installed libkf6authcore6:amd64 6.24.0-0ubuntu1
2026-08-31 17:23:49 status unpacked libkf6authcore6:amd64 6.24.0-0ubuntu1
2026-08-31 17:23:49 install libkf6itemmodels6:amd64 <none> 6.24.0-0ubuntu1
2026-08-31 17:23:49 status half-installed libkf6itemmodels6:amd64 6.24.0-0ubuntu1
2026-08-31 17:23:49 status unpacked libkf6itemmodels6:amd64 6.24.0-0ubuntu1
2026-08-31 17:23:49 install libkf6modemmanagerqt6:amd64 <none> 6.23.0-0ubuntu1
2026-08-31 17:23:49 status half-installed libkf6modemmanagerqt6:amd64 6.23.0-0ubuntu1
2026-08-31 17:23:49 status unpacked libkf6modemmanagerqt6:amd64 6.23.0-0ubuntu1
2026-08-31 17:23:49 install libkf6networkmanagerqt6:amd64 <none> 6.24.0-0ubuntu1
2026-08-31 17:23:49 status half-installed libkf6networkmanagerqt6:amd64 6.24.0-0ubuntu1
2026-08-31 17:23:49 status unpacked libkf6networkmanagerqt6:amd64 6.24.0-0ubuntu1
2026-08-31 17:23:49 install libpulse-mainloop-glib0:amd64 <none> 1:17.0+dfsg1-2ubuntu4
2026-08-31 17:23:49 status half-installed libpulse-mainloop-glib0:amd64 1:17.0+dfsg1-2ubuntu4
2026-08-31 17:23:49 status unpacked libpulse-mainloop-glib0:amd64 1:17.0+dfsg1-2ubuntu4
2026-08-31 17:23:49 install libkf6pulseaudioqt5:amd64 <none> 1.7.0-1build1
2026-08-31 17:23:49 status half-installed libkf6pulseaudioqt5:amd64 1.7.0-1build1
2026-08-31 17:23:49 status unpacked libkf6pulseaudioqt5:amd64 1.7.0-1build1
2026-08-31 17:23:49 install libkf6qqc2desktopstyle-data:all <none> 6.24.0-0ubuntu1
2026-08-31 17:23:49 status half-installed libkf6qqc2desktopstyle-data:all 6.24.0-0ubuntu1
2026-08-31 17:23:49 status unpacked libkf6qqc2desktopstyle-data:all 6.24.0-0ubuntu1
2026-08-31 17:23:49 install libkf6runner6:amd64 <none> 6.24.0-0ubuntu1
2026-08-31 17:23:49 status half-installed libkf6runner6:amd64 6.24.0-0ubuntu1
2026-08-31 17:23:49 status unpacked libkf6runner6:amd64 6.24.0-0ubuntu1
2026-08-31 17:23:49 install libkf6screen8:amd64 <none> 4:6.6.4-0ubuntu1
2026-08-31 17:23:49 status half-installed libkf6screen8:amd64 4:6.6.4-0ubuntu1
2026-08-31 17:23:49 status unpacked libkf6screen8:amd64 4:6.6.4-0ubuntu1
2026-08-31 17:23:49 install libkf6su-data:all <none> 6.24.0-0ubuntu1
2026-08-31 17:23:49 status half-installed libkf6su-data:all 6.24.0-0ubuntu1
2026-08-31 17:23:49 status unpacked libkf6su-data:all 6.24.0-0ubuntu1
2026-08-31 17:23:49 install libkf6su6:amd64 <none> 6.24.0-0ubuntu1
2026-08-31 17:23:49 status half-installed libkf6su6:amd64 6.24.0-0ubuntu1
2026-08-31 17:23:49 status unpacked libkf6su6:amd64 6.24.0-0ubuntu1
2026-08-31 17:23:49 install libkf6su-bin:amd64 <none> 6.24.0-0ubuntu1
2026-08-31 17:23:49 status half-installed libkf6su-bin:amd64 6.24.0-0ubuntu1
2026-08-31 17:23:49 status unpacked libkf6su-bin:amd64 6.24.0-0ubuntu1
2026-08-31 17:23:49 install libkscreen-bin:amd64 <none> 4:6.6.4-0ubuntu1
2026-08-31 17:23:49 status half-installed libkscreen-bin:amd64 4:6.6.4-0ubuntu1
2026-08-31 17:23:49 status unpacked libkscreen-bin:amd64 4:6.6.4-0ubuntu1
2026-08-31 17:23:49 install libkworkspace6-6:amd64 <none> 4:6.6.6-0ubuntu0.1
2026-08-31 17:23:49 status half-installed libkworkspace6-6:amd64 4:6.6.6-0ubuntu0.1
2026-08-31 17:23:49 status unpacked libkworkspace6-6:amd64 4:6.6.6-0ubuntu0.1
2026-08-31 17:23:49 install liblua5.4-0:amd64 <none> 5.4.8-1build1
2026-08-31 17:23:49 status half-installed liblua5.4-0:amd64 5.4.8-1build1
2026-08-31 17:23:49 status unpacked liblua5.4-0:amd64 5.4.8-1build1
2026-08-31 17:23:49 install libminizip1t64:amd64 <none> 1:1.3.dfsg+really1.3.1-1ubuntu3.1
2026-08-31 17:23:49 status half-installed libminizip1t64:amd64 1:1.3.dfsg+really1.3.1-1ubuntu3.1
2026-08-31 17:23:49 status unpacked libminizip1t64:amd64 1:1.3.dfsg+really1.3.1-1ubuntu3.1
2026-08-31 17:23:49 install libmm-glib0:amd64 <none> 1.25.95-1ubuntu1
2026-08-31 17:23:49 status half-installed libmm-glib0:amd64 1.25.95-1ubuntu1
2026-08-31 17:23:49 status unpacked libmm-glib0:amd64 1.25.95-1ubuntu1
2026-08-31 17:23:49 install libndp0:amd64 <none> 1.9-1build1
2026-08-31 17:23:49 status half-installed libndp0:amd64 1.9-1build1
2026-08-31 17:23:49 status unpacked libndp0:amd64 1.9-1build1
2026-08-31 17:23:49 install libnm0:amd64 <none> 1.54.3-2ubuntu3
2026-08-31 17:23:49 status half-installed libnm0:amd64 1.54.3-2ubuntu3
2026-08-31 17:23:49 status unpacked libnm0:amd64 1.54.3-2ubuntu3
2026-08-31 17:23:49 install libpcsclite1:amd64 <none> 2.4.1-1
2026-08-31 17:23:49 status half-installed libpcsclite1:amd64 2.4.1-1
2026-08-31 17:23:49 status unpacked libpcsclite1:amd64 2.4.1-1
2026-08-31 17:23:49 install libxmlsec1-1:amd64 <none> 1.3.9-1
2026-08-31 17:23:49 status half-installed libxmlsec1-1:amd64 1.3.9-1
2026-08-31 17:23:49 status unpacked libxmlsec1-1:amd64 1.3.9-1
2026-08-31 17:23:49 install libxmlsec1-openssl1:amd64 <none> 1.3.9-1
2026-08-31 17:23:49 status half-installed libxmlsec1-openssl1:amd64 1.3.9-1
2026-08-31 17:23:49 status unpacked libxmlsec1-openssl1:amd64 1.3.9-1
2026-08-31 17:23:49 install libpskc0t64:amd64 <none> 2.6.14-1
2026-08-31 17:23:49 status half-installed libpskc0t64:amd64 2.6.14-1
2026-08-31 17:23:49 status unpacked libpskc0t64:amd64 2.6.14-1
2026-08-31 17:23:49 install libtommath1:amd64 <none> 1.3.0-1build1
2026-08-31 17:23:49 status half-installed libtommath1:amd64 1.3.0-1build1
2026-08-31 17:23:49 status unpacked libtommath1:amd64 1.3.0-1build1
2026-08-31 17:23:49 install libtomcrypt1:amd64 <none> 1.18.2+dfsg-7build2
2026-08-31 17:23:49 status half-installed libtomcrypt1:amd64 1.18.2+dfsg-7build2
2026-08-31 17:23:49 status unpacked libtomcrypt1:amd64 1.18.2+dfsg-7build2
2026-08-31 17:23:49 install libstoken1t64:amd64 <none> 0.93-1
2026-08-31 17:23:49 status half-installed libstoken1t64:amd64 0.93-1
2026-08-31 17:23:49 status unpacked libstoken1t64:amd64 0.93-1
2026-08-31 17:23:49 install tpm-udev:all <none> 4.1.3-6
2026-08-31 17:23:49 status half-installed tpm-udev:all 4.1.3-6
2026-08-31 17:23:49 status unpacked tpm-udev:all 4.1.3-6
2026-08-31 17:23:49 install libtss2-mu-4.0.1-0t64:amd64 <none> 4.1.3-6
2026-08-31 17:23:49 status half-installed libtss2-mu-4.0.1-0t64:amd64 4.1.3-6
2026-08-31 17:23:49 status unpacked libtss2-mu-4.0.1-0t64:amd64 4.1.3-6
2026-08-31 17:23:49 install libtss2-tcti-cmd0t64:amd64 <none> 4.1.3-6
2026-08-31 17:23:49 status half-installed libtss2-tcti-cmd0t64:amd64 4.1.3-6
2026-08-31 17:23:49 status unpacked libtss2-tcti-cmd0t64:amd64 4.1.3-6
2026-08-31 17:23:49 install libtss2-tcti-device0t64:amd64 <none> 4.1.3-6
2026-08-31 17:23:49 status half-installed libtss2-tcti-device0t64:amd64 4.1.3-6
2026-08-31 17:23:49 status unpacked libtss2-tcti-device0t64:amd64 4.1.3-6
2026-08-31 17:23:49 install libtss2-tcti-mssim0t64:amd64 <none> 4.1.3-6
2026-08-31 17:23:49 status half-installed libtss2-tcti-mssim0t64:amd64 4.1.3-6
2026-08-31 17:23:49 status unpacked libtss2-tcti-mssim0t64:amd64 4.1.3-6
2026-08-31 17:23:49 install libtss2-tcti-swtpm0t64:amd64 <none> 4.1.3-6
2026-08-31 17:23:49 status half-installed libtss2-tcti-swtpm0t64:amd64 4.1.3-6
2026-08-31 17:23:49 status unpacked libtss2-tcti-swtpm0t64:amd64 4.1.3-6
2026-08-31 17:23:50 install libtss2-sys1t64:amd64 <none> 4.1.3-6
2026-08-31 17:23:50 status half-installed libtss2-sys1t64:amd64 4.1.3-6
2026-08-31 17:23:50 status unpacked libtss2-sys1t64:amd64 4.1.3-6
2026-08-31 17:23:50 install libtss2-esys-3.0.2-0t64:amd64 <none> 4.1.3-6
2026-08-31 17:23:50 status half-installed libtss2-esys-3.0.2-0t64:amd64 4.1.3-6
2026-08-31 17:23:50 status unpacked libtss2-esys-3.0.2-0t64:amd64 4.1.3-6
2026-08-31 17:23:50 install libtss2-tcti-libtpms0t64:amd64 <none> 4.1.3-6
2026-08-31 17:23:50 status half-installed libtss2-tcti-libtpms0t64:amd64 4.1.3-6
2026-08-31 17:23:50 status unpacked libtss2-tcti-libtpms0t64:amd64 4.1.3-6
2026-08-31 17:23:50 install libtss2-tcti-spi-helper0t64:amd64 <none> 4.1.3-6
2026-08-31 17:23:50 status half-installed libtss2-tcti-spi-helper0t64:amd64 4.1.3-6
2026-08-31 17:23:50 status unpacked libtss2-tcti-spi-helper0t64:amd64 4.1.3-6
2026-08-31 17:23:50 install libtss2-tctildr0t64:amd64 <none> 4.1.3-6
2026-08-31 17:23:50 status half-installed libtss2-tctildr0t64:amd64 4.1.3-6
2026-08-31 17:23:50 status unpacked libtss2-tctildr0t64:amd64 4.1.3-6
2026-08-31 17:23:50 install libopenconnect5:amd64 <none> 9.12-3.3
2026-08-31 17:23:50 status half-installed libopenconnect5:amd64 9.12-3.3
2026-08-31 17:23:50 status unpacked libopenconnect5:amd64 9.12-3.3
2026-08-31 17:23:50 install libspeexdsp1:amd64 <none> 1.2.1-3build1
2026-08-31 17:23:50 status half-installed libspeexdsp1:amd64 1.2.1-3build1
2026-08-31 17:23:50 status unpacked libspeexdsp1:amd64 1.2.1-3build1
2026-08-31 17:23:50 install libroc0.4:amd64 <none> 0.4.0+dfsg-5ubuntu3.1
2026-08-31 17:23:50 status half-installed libroc0.4:amd64 0.4.0+dfsg-5ubuntu3.1
2026-08-31 17:23:50 status unpacked libroc0.4:amd64 0.4.0+dfsg-5ubuntu3.1
2026-08-31 17:23:50 install libsnapd-glib-2-1:amd64 <none> 1.72-0ubuntu3
2026-08-31 17:23:50 status half-installed libsnapd-glib-2-1:amd64 1.72-0ubuntu3
2026-08-31 17:23:50 status unpacked libsnapd-glib-2-1:amd64 1.72-0ubuntu3
2026-08-31 17:23:50 install libpipewire-0.3-modules:amd64 <none> 1.6.2-1ubuntu1.1
2026-08-31 17:23:50 status half-installed libpipewire-0.3-modules:amd64 1.6.2-1ubuntu1.1
2026-08-31 17:23:50 status unpacked libpipewire-0.3-modules:amd64 1.6.2-1ubuntu1.1
2026-08-31 17:23:50 install libshiboken6-py3-6.10:amd64 <none> 6.10.2-6ubuntu1
2026-08-31 17:23:50 status half-installed libshiboken6-py3-6.10:amd64 6.10.2-6ubuntu1
2026-08-31 17:23:50 status unpacked libshiboken6-py3-6.10:amd64 6.10.2-6ubuntu1
2026-08-31 17:23:50 install libpyside6-py3-6.10:amd64 <none> 6.10.2-6ubuntu1
2026-08-31 17:23:50 status half-installed libpyside6-py3-6.10:amd64 6.10.2-6ubuntu1
2026-08-31 17:23:50 status unpacked libpyside6-py3-6.10:amd64 6.10.2-6ubuntu1
2026-08-31 17:23:50 install libqcoro6dbus0t64:amd64 <none> 0.13.0-1ubuntu2
2026-08-31 17:23:50 status half-installed libqcoro6dbus0t64:amd64 0.13.0-1ubuntu2
2026-08-31 17:23:50 status unpacked libqcoro6dbus0t64:amd64 0.13.0-1ubuntu2
2026-08-31 17:23:50 install libqt5core5t64:amd64 <none> 5.15.18+dfsg-1ubuntu1
2026-08-31 17:23:50 status half-installed libqt5core5t64:amd64 5.15.18+dfsg-1ubuntu1
2026-08-31 17:23:50 status unpacked libqt5core5t64:amd64 5.15.18+dfsg-1ubuntu1
2026-08-31 17:23:50 install libqt5dbus5t64:amd64 <none> 5.15.18+dfsg-1ubuntu1
2026-08-31 17:23:50 status half-installed libqt5dbus5t64:amd64 5.15.18+dfsg-1ubuntu1
2026-08-31 17:23:50 status unpacked libqt5dbus5t64:amd64 5.15.18+dfsg-1ubuntu1
2026-08-31 17:23:50 install libqt5network5t64:amd64 <none> 5.15.18+dfsg-1ubuntu1
2026-08-31 17:23:50 status half-installed libqt5network5t64:amd64 5.15.18+dfsg-1ubuntu1
2026-08-31 17:23:50 status unpacked libqt5network5t64:amd64 5.15.18+dfsg-1ubuntu1
2026-08-31 17:23:50 install libxcb-xinerama0:amd64 <none> 1.17.0-2ubuntu1
2026-08-31 17:23:50 status half-installed libxcb-xinerama0:amd64 1.17.0-2ubuntu1
2026-08-31 17:23:50 status unpacked libxcb-xinerama0:amd64 1.17.0-2ubuntu1
2026-08-31 17:23:50 install libqt5gui5t64:amd64 <none> 5.15.18+dfsg-1ubuntu1
2026-08-31 17:23:50 status half-installed libqt5gui5t64:amd64 5.15.18+dfsg-1ubuntu1
2026-08-31 17:23:50 status unpacked libqt5gui5t64:amd64 5.15.18+dfsg-1ubuntu1
2026-08-31 17:23:50 install libqt5widgets5t64:amd64 <none> 5.15.18+dfsg-1ubuntu1
2026-08-31 17:23:50 status half-installed libqt5widgets5t64:amd64 5.15.18+dfsg-1ubuntu1
2026-08-31 17:23:50 status unpacked libqt5widgets5t64:amd64 5.15.18+dfsg-1ubuntu1
2026-08-31 17:23:50 install libqt5svg5:amd64 <none> 5.15.18-1
2026-08-31 17:23:50 status half-installed libqt5svg5:amd64 5.15.18-1
2026-08-31 17:23:50 status unpacked libqt5svg5:amd64 5.15.18-1
2026-08-31 17:23:50 install libqt5x11extras5:amd64 <none> 5.15.18-1
2026-08-31 17:23:50 status half-installed libqt5x11extras5:amd64 5.15.18-1
2026-08-31 17:23:50 status unpacked libqt5x11extras5:amd64 5.15.18-1
2026-08-31 17:23:50 install libqt6positioning6:amd64 <none> 6.10.2-1
2026-08-31 17:23:50 status half-installed libqt6positioning6:amd64 6.10.2-1
2026-08-31 17:23:50 status unpacked libqt6positioning6:amd64 6.10.2-1
2026-08-31 17:23:50 install libqt6shadertools6:amd64 <none> 6.10.2-1
2026-08-31 17:23:50 status half-installed libqt6shadertools6:amd64 6.10.2-1
2026-08-31 17:23:50 status unpacked libqt6shadertools6:amd64 6.10.2-1
2026-08-31 17:23:50 install libqt6waylandcompositor6:amd64 <none> 6.10.2-4
2026-08-31 17:23:50 status half-installed libqt6waylandcompositor6:amd64 6.10.2-4
2026-08-31 17:23:50 status unpacked libqt6waylandcompositor6:amd64 6.10.2-4
2026-08-31 17:23:50 install libqt6webchannel6:amd64 <none> 6.10.2-1
2026-08-31 17:23:50 status half-installed libqt6webchannel6:amd64 6.10.2-1
2026-08-31 17:23:50 status unpacked libqt6webchannel6:amd64 6.10.2-1
2026-08-31 17:23:50 install libqt6webengine6-data:all <none> 6.10.2+dfsg-1
2026-08-31 17:23:50 status half-installed libqt6webengine6-data:all 6.10.2+dfsg-1
2026-08-31 17:23:50 status unpacked libqt6webengine6-data:all 6.10.2+dfsg-1
2026-08-31 17:23:50 install libwebpdemux2:amd64 <none> 1.5.0-0.1build1
2026-08-31 17:23:50 status half-installed libwebpdemux2:amd64 1.5.0-0.1build1
2026-08-31 17:23:50 status unpacked libwebpdemux2:amd64 1.5.0-0.1build1
2026-08-31 17:23:50 install libxcomposite1:amd64 <none> 1:0.4.6-1build1
2026-08-31 17:23:50 status half-installed libxcomposite1:amd64 1:0.4.6-1build1
2026-08-31 17:23:50 status unpacked libxcomposite1:amd64 1:0.4.6-1build1
2026-08-31 17:23:50 install libqt6webenginecore6:amd64 <none> 6.10.2+dfsg-1
2026-08-31 17:23:50 status half-installed libqt6webenginecore6:amd64 6.10.2+dfsg-1
2026-08-31 17:23:51 status unpacked libqt6webenginecore6:amd64 6.10.2+dfsg-1
2026-08-31 17:23:51 install libqt6webenginecore6-bin:amd64 <none> 6.10.2+dfsg-1
2026-08-31 17:23:51 status half-installed libqt6webenginecore6-bin:amd64 6.10.2+dfsg-1
2026-08-31 17:23:52 status unpacked libqt6webenginecore6-bin:amd64 6.10.2+dfsg-1
2026-08-31 17:23:52 install libqt6webenginewidgets6:amd64 <none> 6.10.2+dfsg-1
2026-08-31 17:23:52 status half-installed libqt6webenginewidgets6:amd64 6.10.2+dfsg-1
2026-08-31 17:23:52 status unpacked libqt6webenginewidgets6:amd64 6.10.2+dfsg-1
2026-08-31 17:23:52 install libqt6wlshellintegration6:amd64 <none> 6.10.2+dfsg-7
2026-08-31 17:23:52 status half-installed libqt6wlshellintegration6:amd64 6.10.2+dfsg-7
2026-08-31 17:23:52 status unpacked libqt6wlshellintegration6:amd64 6.10.2+dfsg-7
2026-08-31 17:23:52 install libquickcharts1:amd64 <none> 6.24.0-0ubuntu1
2026-08-31 17:23:52 status half-installed libquickcharts1:amd64 6.24.0-0ubuntu1
2026-08-31 17:23:52 status unpacked libquickcharts1:amd64 6.24.0-0ubuntu1
2026-08-31 17:23:52 install libquickchartscontrols1:amd64 <none> 6.24.0-0ubuntu1
2026-08-31 17:23:52 status half-installed libquickchartscontrols1:amd64 6.24.0-0ubuntu1
2026-08-31 17:23:52 status unpacked libquickchartscontrols1:amd64 6.24.0-0ubuntu1
2026-08-31 17:23:52 install libteamdctl0:amd64 <none> 1.31-1build4
2026-08-31 17:23:52 status half-installed libteamdctl0:amd64 1.31-1build4
2026-08-31 17:23:52 status unpacked libteamdctl0:amd64 1.31-1build4
2026-08-31 17:23:52 install libwireplumber-0.5-0:amd64 <none> 0.5.13-1ubuntu1
2026-08-31 17:23:52 status half-installed libwireplumber-0.5-0:amd64 0.5.13-1ubuntu1
2026-08-31 17:23:52 status unpacked libwireplumber-0.5-0:amd64 0.5.13-1ubuntu1
2026-08-31 17:23:52 install libxcb-damage0:amd64 <none> 1.17.0-2ubuntu1
2026-08-31 17:23:52 status half-installed libxcb-damage0:amd64 1.17.0-2ubuntu1
2026-08-31 17:23:52 status unpacked libxcb-damage0:amd64 1.17.0-2ubuntu1
2026-08-31 17:23:52 install linux-firmware-amd-graphics:all <none> 20260319.git217ca6e4-0ubuntu3.1
2026-08-31 17:23:52 status half-installed linux-firmware-amd-graphics:all 20260319.git217ca6e4-0ubuntu3.1
2026-08-31 17:23:52 status unpacked linux-firmware-amd-graphics:all 20260319.git217ca6e4-0ubuntu3.1
2026-08-31 17:23:52 install linux-firmware-amd-misc:all <none> 20260319.git217ca6e4-0ubuntu1.1
2026-08-31 17:23:52 status half-installed linux-firmware-amd-misc:all 20260319.git217ca6e4-0ubuntu1.1
2026-08-31 17:23:52 status unpacked linux-firmware-amd-misc:all 20260319.git217ca6e4-0ubuntu1.1
2026-08-31 17:23:52 install linux-firmware-broadcom-wireless:all <none> 20260319.git217ca6e4-0ubuntu1.1
2026-08-31 17:23:52 status half-installed linux-firmware-broadcom-wireless:all 20260319.git217ca6e4-0ubuntu1.1
2026-08-31 17:23:52 status unpacked linux-firmware-broadcom-wireless:all 20260319.git217ca6e4-0ubuntu1.1
2026-08-31 17:23:52 install linux-firmware-intel-graphics:all <none> 20260319.git217ca6e4-0ubuntu2.1
2026-08-31 17:23:52 status half-installed linux-firmware-intel-graphics:all 20260319.git217ca6e4-0ubuntu2.1
2026-08-31 17:23:52 status unpacked linux-firmware-intel-graphics:all 20260319.git217ca6e4-0ubuntu2.1
2026-08-31 17:23:52 install linux-firmware-intel-misc:all <none> 20260319.git217ca6e4-0ubuntu1.2
2026-08-31 17:23:52 status half-installed linux-firmware-intel-misc:all 20260319.git217ca6e4-0ubuntu1.2
2026-08-31 17:23:52 status unpacked linux-firmware-intel-misc:all 20260319.git217ca6e4-0ubuntu1.2
2026-08-31 17:23:52 install linux-firmware-intel-wireless:all <none> 20260319.git217ca6e4-0ubuntu2.1
2026-08-31 17:23:52 status half-installed linux-firmware-intel-wireless:all 20260319.git217ca6e4-0ubuntu2.1
2026-08-31 17:23:52 status unpacked linux-firmware-intel-wireless:all 20260319.git217ca6e4-0ubuntu2.1
2026-08-31 17:23:52 install linux-firmware-marvell-prestera:all <none> 20260319.git217ca6e4-0ubuntu1.2
2026-08-31 17:23:52 status half-installed linux-firmware-marvell-prestera:all 20260319.git217ca6e4-0ubuntu1.2
2026-08-31 17:23:53 status unpacked linux-firmware-marvell-prestera:all 20260319.git217ca6e4-0ubuntu1.2
2026-08-31 17:23:53 install linux-firmware-marvell-wireless:all <none> 20260319.git217ca6e4-0ubuntu1.1
2026-08-31 17:23:53 status half-installed linux-firmware-marvell-wireless:all 20260319.git217ca6e4-0ubuntu1.1
2026-08-31 17:23:53 status unpacked linux-firmware-marvell-wireless:all 20260319.git217ca6e4-0ubuntu1.1
2026-08-31 17:23:53 install linux-firmware-mediatek:all <none> 20260319.git217ca6e4-0ubuntu1.2
2026-08-31 17:23:53 status half-installed linux-firmware-mediatek:all 20260319.git217ca6e4-0ubuntu1.2
2026-08-31 17:23:53 status unpacked linux-firmware-mediatek:all 20260319.git217ca6e4-0ubuntu1.2
2026-08-31 17:23:53 install linux-firmware-mellanox-spectrum:all <none> 20260319.git217ca6e4-0ubuntu1.1
2026-08-31 17:23:53 status half-installed linux-firmware-mellanox-spectrum:all 20260319.git217ca6e4-0ubuntu1.1
2026-08-31 17:23:53 status unpacked linux-firmware-mellanox-spectrum:all 20260319.git217ca6e4-0ubuntu1.1
2026-08-31 17:23:53 install linux-firmware-misc:all <none> 20260319.git217ca6e4-0ubuntu2.2
2026-08-31 17:23:53 status half-installed linux-firmware-misc:all 20260319.git217ca6e4-0ubuntu2.2
2026-08-31 17:23:53 status unpacked linux-firmware-misc:all 20260319.git217ca6e4-0ubuntu2.2
2026-08-31 17:23:53 install linux-firmware-netronome:all <none> 20260319.git217ca6e4-0ubuntu1.1
2026-08-31 17:23:53 status half-installed linux-firmware-netronome:all 20260319.git217ca6e4-0ubuntu1.1
2026-08-31 17:23:53 status unpacked linux-firmware-netronome:all 20260319.git217ca6e4-0ubuntu1.1
2026-08-31 17:23:53 install linux-firmware-nvidia-graphics:all <none> 20260319.git217ca6e4-0ubuntu1.1
2026-08-31 17:23:53 status half-installed linux-firmware-nvidia-graphics:all 20260319.git217ca6e4-0ubuntu1.1
2026-08-31 17:23:54 status unpacked linux-firmware-nvidia-graphics:all 20260319.git217ca6e4-0ubuntu1.1
2026-08-31 17:23:54 install linux-firmware-qlogic:all <none> 20260319.git217ca6e4-0ubuntu1.1
2026-08-31 17:23:54 status half-installed linux-firmware-qlogic:all 20260319.git217ca6e4-0ubuntu1.1
2026-08-31 17:23:54 status unpacked linux-firmware-qlogic:all 20260319.git217ca6e4-0ubuntu1.1
2026-08-31 17:23:54 install linux-firmware-qualcomm-graphics:all <none> 20260319.git217ca6e4-0ubuntu1.1
2026-08-31 17:23:54 status half-installed linux-firmware-qualcomm-graphics:all 20260319.git217ca6e4-0ubuntu1.1
2026-08-31 17:23:54 status unpacked linux-firmware-qualcomm-graphics:all 20260319.git217ca6e4-0ubuntu1.1
2026-08-31 17:23:54 install linux-firmware-qualcomm-misc:all <none> 20260319.git217ca6e4-0ubuntu2.1
2026-08-31 17:23:54 status half-installed linux-firmware-qualcomm-misc:all 20260319.git217ca6e4-0ubuntu2.1
2026-08-31 17:23:54 status unpacked linux-firmware-qualcomm-misc:all 20260319.git217ca6e4-0ubuntu2.1
2026-08-31 17:23:54 install linux-firmware-qualcomm-wireless:all <none> 20260319.git217ca6e4-0ubuntu1.2
2026-08-31 17:23:54 status half-installed linux-firmware-qualcomm-wireless:all 20260319.git217ca6e4-0ubuntu1.2
2026-08-31 17:23:54 status unpacked linux-firmware-qualcomm-wireless:all 20260319.git217ca6e4-0ubuntu1.2
2026-08-31 17:23:54 install linux-firmware-realtek:all <none> 20260319.git217ca6e4-0ubuntu1.2
2026-08-31 17:23:54 status half-installed linux-firmware-realtek:all 20260319.git217ca6e4-0ubuntu1.2
2026-08-31 17:23:54 status unpacked linux-firmware-realtek:all 20260319.git217ca6e4-0ubuntu1.2
2026-08-31 17:23:54 install linux-firmware:all <none> 20260319.git217ca6e4.1ubuntu
2026-08-31 17:23:54 status half-installed linux-firmware:all 20260319.git217ca6e4.1ubuntu
2026-08-31 17:23:54 status unpacked linux-firmware:all 20260319.git217ca6e4.1ubuntu
2026-08-31 17:23:54 install linux-main-modules-zfs-7.0.0-30-generic:amd64 <none> 7.0.0-30.30
2026-08-31 17:23:54 status half-installed linux-main-modules-zfs-7.0.0-30-generic:amd64 7.0.0-30.30
2026-08-31 17:23:54 status unpacked linux-main-modules-zfs-7.0.0-30-generic:amd64 7.0.0-30.30
2026-08-31 17:23:54 install wireless-regdb:all <none> 2026.02.04-0ubuntu1
2026-08-31 17:23:54 status half-installed wireless-regdb:all 2026.02.04-0ubuntu1
2026-08-31 17:23:54 status unpacked wireless-regdb:all 2026.02.04-0ubuntu1
2026-08-31 17:23:54 install linux-modules-7.0.0-30-generic:amd64 <none> 7.0.0-30.30
2026-08-31 17:23:54 status half-installed linux-modules-7.0.0-30-generic:amd64 7.0.0-30.30
2026-08-31 17:23:56 status unpacked linux-modules-7.0.0-30-generic:amd64 7.0.0-30.30
2026-08-31 17:23:56 install linux-image-7.0.0-30-generic:amd64 <none> 7.0.0-30.30
2026-08-31 17:23:56 status half-installed linux-image-7.0.0-30-generic:amd64 7.0.0-30.30
2026-08-31 17:23:56 status unpacked linux-image-7.0.0-30-generic:amd64 7.0.0-30.30
2026-08-31 17:23:56 install intel-microcode:amd64 <none> 3.20260210.1ubuntu2
2026-08-31 17:23:56 status half-installed intel-microcode:amd64 3.20260210.1ubuntu2
2026-08-31 17:23:56 status unpacked intel-microcode:amd64 3.20260210.1ubuntu2
2026-08-31 17:23:56 install amd64-microcode:amd64 <none> 3.20251202.1ubuntu2
2026-08-31 17:23:56 status half-installed amd64-microcode:amd64 3.20251202.1ubuntu2
2026-08-31 17:23:56 status unpacked amd64-microcode:amd64 3.20251202.1ubuntu2
2026-08-31 17:23:56 install linux-image-generic:amd64 <none> 7.0.0-30.30
2026-08-31 17:23:56 status half-installed linux-image-generic:amd64 7.0.0-30.30
2026-08-31 17:23:56 status unpacked linux-image-generic:amd64 7.0.0-30.30
2026-08-31 17:23:56 install localechooser-data:all <none> 2.89ubuntu7
2026-08-31 17:23:56 status half-installed localechooser-data:all 2.89ubuntu7
2026-08-31 17:23:56 status unpacked localechooser-data:all 2.89ubuntu7
2026-08-31 17:23:56 install lzma:amd64 <none> 25.00+dfsg-1
2026-08-31 17:23:56 status half-installed lzma:amd64 25.00+dfsg-1
2026-08-31 17:23:56 status unpacked lzma:amd64 25.00+dfsg-1
2026-08-31 17:23:56 install network-manager:amd64 <none> 1.54.3-2ubuntu3
2026-08-31 17:23:56 status half-installed network-manager:amd64 1.54.3-2ubuntu3
2026-08-31 17:23:56 status unpacked network-manager:amd64 1.54.3-2ubuntu3
2026-08-31 17:23:56 install pipewire-bin:amd64 <none> 1.6.2-1ubuntu1.1
2026-08-31 17:23:56 status half-installed pipewire-bin:amd64 1.6.2-1ubuntu1.1
2026-08-31 17:23:56 status unpacked pipewire-bin:amd64 1.6.2-1ubuntu1.1
2026-08-31 17:23:56 install pipewire:amd64 <none> 1.6.2-1ubuntu1.1
2026-08-31 17:23:56 status half-installed pipewire:amd64 1.6.2-1ubuntu1.1
2026-08-31 17:23:56 status unpacked pipewire:amd64 1.6.2-1ubuntu1.1
2026-08-31 17:23:56 install pipewire-pulse:amd64 <none> 1.6.2-1ubuntu1.1
2026-08-31 17:23:56 status half-installed pipewire-pulse:amd64 1.6.2-1ubuntu1.1
2026-08-31 17:23:56 status unpacked pipewire-pulse:amd64 1.6.2-1ubuntu1.1
2026-08-31 17:23:56 install qml6-module-org-kde-ksvg:amd64 <none> 6.24.0-0ubuntu1
2026-08-31 17:23:56 status half-installed qml6-module-org-kde-ksvg:amd64 6.24.0-0ubuntu1
2026-08-31 17:23:56 status unpacked qml6-module-org-kde-ksvg:amd64 6.24.0-0ubuntu1
2026-08-31 17:23:56 install qml6-module-qt5compat-graphicaleffects:amd64 <none> 6.10.2-1
2026-08-31 17:23:56 status half-installed qml6-module-qt5compat-graphicaleffects:amd64 6.10.2-1
2026-08-31 17:23:56 status unpacked qml6-module-qt5compat-graphicaleffects:amd64 6.10.2-1
2026-08-31 17:23:56 install qml6-module-qtquick-tooling:amd64 <none> 6.10.2+dfsg-3
2026-08-31 17:23:56 status half-installed qml6-module-qtquick-tooling:amd64 6.10.2+dfsg-3
2026-08-31 17:23:56 status unpacked qml6-module-qtquick-tooling:amd64 6.10.2+dfsg-3
2026-08-31 17:23:56 install plasma-desktoptheme:amd64 <none> 6.6.6-0ubuntu0.1
2026-08-31 17:23:56 status half-installed plasma-desktoptheme:amd64 6.6.6-0ubuntu0.1
2026-08-31 17:23:56 status unpacked plasma-desktoptheme:amd64 6.6.6-0ubuntu0.1
2026-08-31 17:23:56 install qml6-module-org-kde-coreaddons:amd64 <none> 6.24.0-0ubuntu1
2026-08-31 17:23:56 status half-installed qml6-module-org-kde-coreaddons:amd64 6.24.0-0ubuntu1
2026-08-31 17:23:56 status unpacked qml6-module-org-kde-coreaddons:amd64 6.24.0-0ubuntu1
2026-08-31 17:23:56 install qml6-module-org-kde-sonnet:amd64 <none> 6.24.0-0ubuntu1
2026-08-31 17:23:56 status half-installed qml6-module-org-kde-sonnet:amd64 6.24.0-0ubuntu1
2026-08-31 17:23:56 status unpacked qml6-module-org-kde-sonnet:amd64 6.24.0-0ubuntu1
2026-08-31 17:23:56 install qml6-module-org-kde-desktop:amd64 <none> 6.24.0-0ubuntu1
2026-08-31 17:23:56 status half-installed qml6-module-org-kde-desktop:amd64 6.24.0-0ubuntu1
2026-08-31 17:23:56 status unpacked qml6-module-org-kde-desktop:amd64 6.24.0-0ubuntu1
2026-08-31 17:23:56 install qml6-module-org-kde-kitemmodels:amd64 <none> 6.24.0-0ubuntu1
2026-08-31 17:23:56 status half-installed qml6-module-org-kde-kitemmodels:amd64 6.24.0-0ubuntu1
2026-08-31 17:23:56 status unpacked qml6-module-org-kde-kitemmodels:amd64 6.24.0-0ubuntu1
2026-08-31 17:23:56 install qml6-module-org-kde-kirigamiaddons-treeview:amd64 <none> 1.11.0-2ubuntu2
2026-08-31 17:23:56 status half-installed qml6-module-org-kde-kirigamiaddons-treeview:amd64 1.11.0-2ubuntu2
2026-08-31 17:23:56 status unpacked qml6-module-org-kde-kirigamiaddons-treeview:amd64 1.11.0-2ubuntu2
2026-08-31 17:23:56 install qml6-module-org-kde-kirigamiaddons-delegates:amd64 <none> 1.11.0-2ubuntu2
2026-08-31 17:23:56 status half-installed qml6-module-org-kde-kirigamiaddons-delegates:amd64 1.11.0-2ubuntu2
2026-08-31 17:23:57 status unpacked qml6-module-org-kde-kirigamiaddons-delegates:amd64 1.11.0-2ubuntu2
2026-08-31 17:23:57 install qml6-module-org-kde-kirigamiaddons-components:amd64 <none> 1.11.0-2ubuntu2
2026-08-31 17:23:57 status half-installed qml6-module-org-kde-kirigamiaddons-components:amd64 1.11.0-2ubuntu2
2026-08-31 17:23:57 status unpacked qml6-module-org-kde-kirigamiaddons-components:amd64 1.11.0-2ubuntu2
2026-08-31 17:23:57 install qml6-module-org-kde-kquickcontrolsaddons:amd64 <none> 6.24.0-0ubuntu1
2026-08-31 17:23:57 status half-installed qml6-module-org-kde-kquickcontrolsaddons:amd64 6.24.0-0ubuntu1
2026-08-31 17:23:57 status unpacked qml6-module-org-kde-kquickcontrolsaddons:amd64 6.24.0-0ubuntu1
2026-08-31 17:23:57 install plasma-pa:amd64 <none> 4:6.6.5-0ubuntu0.1
2026-08-31 17:23:57 status half-installed plasma-pa:amd64 4:6.6.5-0ubuntu0.1
2026-08-31 17:23:57 status unpacked plasma-pa:amd64 4:6.6.5-0ubuntu0.1
2026-08-31 17:23:57 install python3-pyside6.qtcore:amd64 <none> 6.10.2-6ubuntu1
2026-08-31 17:23:57 status half-installed python3-pyside6.qtcore:amd64 6.10.2-6ubuntu1
2026-08-31 17:23:57 status unpacked python3-pyside6.qtcore:amd64 6.10.2-6ubuntu1
2026-08-31 17:23:57 install python3-pyside6.qtdbus:amd64 <none> 6.10.2-6ubuntu1
2026-08-31 17:23:57 status half-installed python3-pyside6.qtdbus:amd64 6.10.2-6ubuntu1
2026-08-31 17:23:57 status unpacked python3-pyside6.qtdbus:amd64 6.10.2-6ubuntu1
2026-08-31 17:23:57 install python3-pyside6.qtgui:amd64 <none> 6.10.2-6ubuntu1
2026-08-31 17:23:57 status half-installed python3-pyside6.qtgui:amd64 6.10.2-6ubuntu1
2026-08-31 17:23:57 status unpacked python3-pyside6.qtgui:amd64 6.10.2-6ubuntu1
2026-08-31 17:23:57 install python3-pyside6.qtnetwork:amd64 <none> 6.10.2-6ubuntu1
2026-08-31 17:23:57 status half-installed python3-pyside6.qtnetwork:amd64 6.10.2-6ubuntu1
2026-08-31 17:23:57 status unpacked python3-pyside6.qtnetwork:amd64 6.10.2-6ubuntu1
2026-08-31 17:23:57 install python3-pyside6.qtwidgets:amd64 <none> 6.10.2-6ubuntu1
2026-08-31 17:23:57 status half-installed python3-pyside6.qtwidgets:amd64 6.10.2-6ubuntu1
2026-08-31 17:23:57 status unpacked python3-pyside6.qtwidgets:amd64 6.10.2-6ubuntu1
2026-08-31 17:23:57 install python3-pyside6.qtopengl:amd64 <none> 6.10.2-6ubuntu1
2026-08-31 17:23:57 status half-installed python3-pyside6.qtopengl:amd64 6.10.2-6ubuntu1
2026-08-31 17:23:57 status unpacked python3-pyside6.qtopengl:amd64 6.10.2-6ubuntu1
2026-08-31 17:23:57 install python3-pyside6.qtqml:amd64 <none> 6.10.2-6ubuntu1
2026-08-31 17:23:57 status half-installed python3-pyside6.qtqml:amd64 6.10.2-6ubuntu1
2026-08-31 17:23:57 status unpacked python3-pyside6.qtqml:amd64 6.10.2-6ubuntu1
2026-08-31 17:23:57 install python3-pyside6.qtquick:amd64 <none> 6.10.2-6ubuntu1
2026-08-31 17:23:57 status half-installed python3-pyside6.qtquick:amd64 6.10.2-6ubuntu1
2026-08-31 17:23:57 status unpacked python3-pyside6.qtquick:amd64 6.10.2-6ubuntu1
2026-08-31 17:23:57 install python3-pyside6.qtsvg:amd64 <none> 6.10.2-6ubuntu1
2026-08-31 17:23:57 status half-installed python3-pyside6.qtsvg:amd64 6.10.2-6ubuntu1
2026-08-31 17:23:57 status unpacked python3-pyside6.qtsvg:amd64 6.10.2-6ubuntu1
2026-08-31 17:23:57 install qml6-module-org-kde-iconthemes:amd64 <none> 6.24.0-0ubuntu2
2026-08-31 17:23:57 status half-installed qml6-module-org-kde-iconthemes:amd64 6.24.0-0ubuntu2
2026-08-31 17:23:57 status unpacked qml6-module-org-kde-iconthemes:amd64 6.24.0-0ubuntu2
2026-08-31 17:23:57 install qml6-module-org-kde-networkmanager:amd64 <none> 6.24.0-0ubuntu1
2026-08-31 17:23:57 status half-installed qml6-module-org-kde-networkmanager:amd64 6.24.0-0ubuntu1
2026-08-31 17:23:57 status unpacked qml6-module-org-kde-networkmanager:amd64 6.24.0-0ubuntu1
2026-08-31 17:23:57 install qml6-module-org-kde-quickcharts:amd64 <none> 6.24.0-0ubuntu1
2026-08-31 17:23:57 status half-installed qml6-module-org-kde-quickcharts:amd64 6.24.0-0ubuntu1
2026-08-31 17:23:57 status unpacked qml6-module-org-kde-quickcharts:amd64 6.24.0-0ubuntu1
2026-08-31 17:23:57 install qt-style-kvantum-themes:all <none> 1.1.5-1
2026-08-31 17:23:57 status half-installed qt-style-kvantum-themes:all 1.1.5-1
2026-08-31 17:23:57 status unpacked qt-style-kvantum-themes:all 1.1.5-1
2026-08-31 17:23:57 install qt-style-kvantum:amd64 <none> 1.1.5-1
2026-08-31 17:23:57 status half-installed qt-style-kvantum:amd64 1.1.5-1
2026-08-31 17:23:57 status unpacked qt-style-kvantum:amd64 1.1.5-1
2026-08-31 17:23:57 install qt6-style-kvantum:all <none> 1.1.5-1
2026-08-31 17:23:57 status half-installed qt6-style-kvantum:all 1.1.5-1
2026-08-31 17:23:57 status unpacked qt6-style-kvantum:all 1.1.5-1
2026-08-31 17:23:57 install qt6-wayland:amd64 <none> 6.10.2-4
2026-08-31 17:23:57 status half-installed qt6-wayland:amd64 6.10.2-4
2026-08-31 17:23:57 status unpacked qt6-wayland:amd64 6.10.2-4
2026-08-31 17:23:57 install wireplumber:amd64 <none> 0.5.13-1ubuntu1
2026-08-31 17:23:57 status half-installed wireplumber:amd64 0.5.13-1ubuntu1
2026-08-31 17:23:57 status unpacked wireplumber:amd64 0.5.13-1ubuntu1
2026-08-31 17:23:57 install xdg-desktop-portal:amd64 <none> 1.21.1+ds-1ubuntu3
2026-08-31 17:23:57 status half-installed xdg-desktop-portal:amd64 1.21.1+ds-1ubuntu3
2026-08-31 17:23:57 status unpacked xdg-desktop-portal:amd64 1.21.1+ds-1ubuntu3
2026-08-31 17:23:57 install xdg-desktop-portal-kde:amd64 <none> 6.6.6-0ubuntu0.1
2026-08-31 17:23:57 status half-installed xdg-desktop-portal-kde:amd64 6.6.6-0ubuntu0.1
2026-08-31 17:23:57 status unpacked xdg-desktop-portal-kde:amd64 6.6.6-0ubuntu0.1
2026-08-31 17:23:57 install user-setup:all <none> 1.107ubuntu2
2026-08-31 17:23:57 status half-installed user-setup:all 1.107ubuntu2
2026-08-31 17:23:57 status unpacked user-setup:all 1.107ubuntu2
2026-08-31 17:23:57 install casper:amd64 <none> 26.04.2
2026-08-31 17:23:57 status half-installed casper:amd64 26.04.2
2026-08-31 17:23:57 status unpacked casper:amd64 26.04.2
2026-08-31 17:23:57 install kde-cli-tools-data:all <none> 4:6.6.4-0ubuntu1
2026-08-31 17:23:57 status half-installed kde-cli-tools-data:all 4:6.6.4-0ubuntu1
2026-08-31 17:23:57 status unpacked kde-cli-tools-data:all 4:6.6.4-0ubuntu1
2026-08-31 17:23:57 install kde-cli-tools:amd64 <none> 4:6.6.4-0ubuntu1
2026-08-31 17:23:57 status half-installed kde-cli-tools:amd64 4:6.6.4-0ubuntu1
2026-08-31 17:23:57 status unpacked kde-cli-tools:amd64 4:6.6.4-0ubuntu1
2026-08-31 17:23:57 install kscreen:amd64 <none> 4:6.6.5-0ubuntu0.1
2026-08-31 17:23:57 status half-installed kscreen:amd64 4:6.6.5-0ubuntu0.1
2026-08-31 17:23:57 status unpacked kscreen:amd64 4:6.6.5-0ubuntu0.1
2026-08-31 17:23:57 install libpowerdevilcore2:amd64 <none> 4:6.6.6-0ubuntu0.1
2026-08-31 17:23:57 status half-installed libpowerdevilcore2:amd64 4:6.6.6-0ubuntu0.1
2026-08-31 17:23:57 status unpacked libpowerdevilcore2:amd64 4:6.6.6-0ubuntu0.1
2026-08-31 17:23:57 install mobile-broadband-provider-info:all <none> 20251101-1build1
2026-08-31 17:23:57 status half-installed mobile-broadband-provider-info:all 20251101-1build1
2026-08-31 17:23:57 status unpacked mobile-broadband-provider-info:all 20251101-1build1
2026-08-31 17:23:57 install plasma-nm:amd64 <none> 4:6.6.6-0ubuntu0.1
2026-08-31 17:23:57 status half-installed plasma-nm:amd64 4:6.6.6-0ubuntu0.1
2026-08-31 17:23:58 status unpacked plasma-nm:amd64 4:6.6.6-0ubuntu0.1
2026-08-31 17:23:58 install powerdevil-data:all <none> 4:6.6.6-0ubuntu0.1
2026-08-31 17:23:58 status half-installed powerdevil-data:all 4:6.6.6-0ubuntu0.1
2026-08-31 17:23:58 status unpacked powerdevil-data:all 4:6.6.6-0ubuntu0.1
2026-08-31 17:23:58 install powerdevil:amd64 <none> 4:6.6.6-0ubuntu0.1
2026-08-31 17:23:58 status half-installed powerdevil:amd64 4:6.6.6-0ubuntu0.1
2026-08-31 17:23:58 status unpacked powerdevil:amd64 4:6.6.6-0ubuntu0.1
2026-08-31 17:23:58 startup packages configure
2026-08-31 17:23:58 configure libgme0:amd64 0.6.4-1 <none>
2026-08-31 17:23:58 status unpacked libgme0:amd64 0.6.4-1
2026-08-31 17:23:58 status half-configured libgme0:amd64 0.6.4-1
2026-08-31 17:23:58 status installed libgme0:amd64 0.6.4-1
2026-08-31 17:23:58 configure libchromaprint1:amd64 1.6.0-2build1 <none>
2026-08-31 17:23:58 status unpacked libchromaprint1:amd64 1.6.0-2build1
2026-08-31 17:23:58 status half-configured libchromaprint1:amd64 1.6.0-2build1
2026-08-31 17:23:58 status installed libchromaprint1:amd64 1.6.0-2build1
2026-08-31 17:23:58 configure libksba8:amd64 1.6.7-2build1 <none>
2026-08-31 17:23:58 status unpacked libksba8:amd64 1.6.7-2build1
2026-08-31 17:23:58 status half-configured libksba8:amd64 1.6.7-2build1
2026-08-31 17:23:58 status installed libksba8:amd64 1.6.7-2build1
2026-08-31 17:23:58 configure libhwy1t64:amd64 1.3.0-2 <none>
2026-08-31 17:23:58 status unpacked libhwy1t64:amd64 1.3.0-2
2026-08-31 17:23:58 status half-configured libhwy1t64:amd64 1.3.0-2
2026-08-31 17:23:58 status installed libhwy1t64:amd64 1.3.0-2
2026-08-31 17:23:58 configure media-types:all 14.0.0build1 <none>
2026-08-31 17:23:58 status unpacked media-types:all 14.0.0build1
2026-08-31 17:23:58 status half-configured media-types:all 14.0.0build1
2026-08-31 17:23:58 status installed media-types:all 14.0.0build1
2026-08-31 17:23:58 configure liblmdb0:amd64 0.9.31-1build2 <none>
2026-08-31 17:23:58 status unpacked liblmdb0:amd64 0.9.31-1build2
2026-08-31 17:23:58 status half-configured liblmdb0:amd64 0.9.31-1build2
2026-08-31 17:23:58 status installed liblmdb0:amd64 0.9.31-1build2
2026-08-31 17:23:58 configure libtext-iconv-perl:amd64 1.7-8.1 <none>
2026-08-31 17:23:58 status unpacked libtext-iconv-perl:amd64 1.7-8.1
2026-08-31 17:23:58 status half-configured libtext-iconv-perl:amd64 1.7-8.1
2026-08-31 17:23:58 status installed libtext-iconv-perl:amd64 1.7-8.1
2026-08-31 17:23:58 configure libgraphite2-3:amd64 1.3.14-11ubuntu1.1 <none>
2026-08-31 17:23:58 status unpacked libgraphite2-3:amd64 1.3.14-11ubuntu1.1
2026-08-31 17:23:58 status half-configured libgraphite2-3:amd64 1.3.14-11ubuntu1.1
2026-08-31 17:23:58 status installed libgraphite2-3:amd64 1.3.14-11ubuntu1.1
2026-08-31 17:23:58 configure liblcms2-2:amd64 2.17-1ubuntu0.2 <none>
2026-08-31 17:23:58 status unpacked liblcms2-2:amd64 2.17-1ubuntu0.2
2026-08-31 17:23:58 status half-configured liblcms2-2:amd64 2.17-1ubuntu0.2
2026-08-31 17:23:58 status installed liblcms2-2:amd64 2.17-1ubuntu0.2
2026-08-31 17:23:58 configure libkf6i18n-data:all 6.24.0-0ubuntu1 <none>
2026-08-31 17:23:58 status unpacked libkf6i18n-data:all 6.24.0-0ubuntu1
2026-08-31 17:23:58 status half-configured libkf6i18n-data:all 6.24.0-0ubuntu1
2026-08-31 17:23:58 status installed libkf6i18n-data:all 6.24.0-0ubuntu1
2026-08-31 17:23:58 configure libtbbmalloc2:amd64 2022.3.0-2 <none>
2026-08-31 17:23:58 status unpacked libtbbmalloc2:amd64 2022.3.0-2
2026-08-31 17:23:58 status half-configured libtbbmalloc2:amd64 2022.3.0-2
2026-08-31 17:23:58 status installed libtbbmalloc2:amd64 2022.3.0-2
2026-08-31 17:23:58 configure libpixman-1-0:amd64 0.46.4-1 <none>
2026-08-31 17:23:58 status unpacked libpixman-1-0:amd64 0.46.4-1
2026-08-31 17:23:58 status half-configured libpixman-1-0:amd64 0.46.4-1
2026-08-31 17:23:58 status installed libpixman-1-0:amd64 0.46.4-1
2026-08-31 17:23:58 configure libdvdread8t64:amd64 7.0.1-1 <none>
2026-08-31 17:23:58 status unpacked libdvdread8t64:amd64 7.0.1-1
2026-08-31 17:23:58 status half-configured libdvdread8t64:amd64 7.0.1-1
2026-08-31 17:23:58 status installed libdvdread8t64:amd64 7.0.1-1
2026-08-31 17:23:58 configure libkf6auth-data:all 6.24.0-0ubuntu1 <none>
2026-08-31 17:23:58 status unpacked libkf6auth-data:all 6.24.0-0ubuntu1
2026-08-31 17:23:58 status half-configured libkf6auth-data:all 6.24.0-0ubuntu1
2026-08-31 17:23:58 status installed libkf6auth-data:all 6.24.0-0ubuntu1
2026-08-31 17:23:58 configure libtext-charwidth-perl:amd64 0.04-11build4 <none>
2026-08-31 17:23:58 status unpacked libtext-charwidth-perl:amd64 0.04-11build4
2026-08-31 17:23:58 status half-configured libtext-charwidth-perl:amd64 0.04-11build4
2026-08-31 17:23:58 status installed libtext-charwidth-perl:amd64 0.04-11build4
2026-08-31 17:23:58 configure tpm-udev:all 4.1.3-6 <none>
2026-08-31 17:23:58 status unpacked tpm-udev:all 4.1.3-6
2026-08-31 17:23:58 status half-configured tpm-udev:all 4.1.3-6
2026-08-31 17:23:58 status installed tpm-udev:all 4.1.3-6
2026-08-31 17:23:58 configure libnorm1t64:amd64 1.5.9+dfsg-4 <none>
2026-08-31 17:23:58 status unpacked libnorm1t64:amd64 1.5.9+dfsg-4
2026-08-31 17:23:58 status half-configured libnorm1t64:amd64 1.5.9+dfsg-4
2026-08-31 17:23:58 status installed libnorm1t64:amd64 1.5.9+dfsg-4
2026-08-31 17:23:58 configure libcdparanoia0:amd64 3.10.2+debian-14ubuntu2 <none>
2026-08-31 17:23:58 status unpacked libcdparanoia0:amd64 3.10.2+debian-14ubuntu2
2026-08-31 17:23:58 status half-configured libcdparanoia0:amd64 3.10.2+debian-14ubuntu2
2026-08-31 17:23:58 status installed libcdparanoia0:amd64 3.10.2+debian-14ubuntu2
2026-08-31 17:23:58 configure libsharpyuv0:amd64 1.5.0-0.1build1 <none>
2026-08-31 17:23:58 status unpacked libsharpyuv0:amd64 1.5.0-0.1build1
2026-08-31 17:23:58 status half-configured libsharpyuv0:amd64 1.5.0-0.1build1
2026-08-31 17:23:58 status installed libsharpyuv0:amd64 1.5.0-0.1build1
2026-08-31 17:23:58 configure libqt6webengine6-data:all 6.10.2+dfsg-1 <none>
2026-08-31 17:23:58 status unpacked libqt6webengine6-data:all 6.10.2+dfsg-1
2026-08-31 17:23:58 status half-configured libqt6webengine6-data:all 6.10.2+dfsg-1
2026-08-31 17:23:58 status installed libqt6webengine6-data:all 6.10.2+dfsg-1
2026-08-31 17:23:58 configure libaom3:amd64 3.13.1-2 <none>
2026-08-31 17:23:58 status unpacked libaom3:amd64 3.13.1-2
2026-08-31 17:23:58 status half-configured libaom3:amd64 3.13.1-2
2026-08-31 17:23:58 status installed libaom3:amd64 3.13.1-2
2026-08-31 17:23:58 configure 3cpio:amd64 0.14.0-1ubuntu1 <none>
2026-08-31 17:23:58 status unpacked 3cpio:amd64 0.14.0-1ubuntu1
2026-08-31 17:23:58 status half-configured 3cpio:amd64 0.14.0-1ubuntu1
2026-08-31 17:23:58 status installed 3cpio:amd64 0.14.0-1ubuntu1
2026-08-31 17:23:58 configure libpciaccess0:amd64 0.18.1-1ubuntu4.1 <none>
2026-08-31 17:23:58 status unpacked libpciaccess0:amd64 0.18.1-1ubuntu4.1
2026-08-31 17:23:58 status half-configured libpciaccess0:amd64 0.18.1-1ubuntu4.1
2026-08-31 17:23:58 status installed libpciaccess0:amd64 0.18.1-1ubuntu4.1
2026-08-31 17:23:58 configure librabbitmq4:amd64 0.15.0-1ubuntu0.26.04.1 <none>
2026-08-31 17:23:58 status unpacked librabbitmq4:amd64 0.15.0-1ubuntu0.26.04.1
2026-08-31 17:23:58 status half-configured librabbitmq4:amd64 0.15.0-1ubuntu0.26.04.1
2026-08-31 17:23:58 status installed librabbitmq4:amd64 0.15.0-1ubuntu0.26.04.1
2026-08-31 17:23:58 configure libxau6:amd64 1:1.0.11-1build2 <none>
2026-08-31 17:23:58 status unpacked libxau6:amd64 1:1.0.11-1build2
2026-08-31 17:23:58 status half-configured libxau6:amd64 1:1.0.11-1build2
2026-08-31 17:23:58 status installed libxau6:amd64 1:1.0.11-1build2
2026-08-31 17:23:58 configure libxdmcp6:amd64 1:1.1.5-2 <none>
2026-08-31 17:23:58 status unpacked libxdmcp6:amd64 1:1.1.5-2
2026-08-31 17:23:58 status half-configured libxdmcp6:amd64 1:1.1.5-2
2026-08-31 17:23:58 status installed libxdmcp6:amd64 1:1.1.5-2
2026-08-31 17:23:58 configure libdouble-conversion3:amd64 3.4.0-1 <none>
2026-08-31 17:23:58 status unpacked libdouble-conversion3:amd64 3.4.0-1
2026-08-31 17:23:58 status half-configured libdouble-conversion3:amd64 3.4.0-1
2026-08-31 17:23:58 status installed libdouble-conversion3:amd64 3.4.0-1
2026-08-31 17:23:58 configure libnpth0t64:amd64 1.8-3build1 <none>
2026-08-31 17:23:58 status unpacked libnpth0t64:amd64 1.8-3build1
2026-08-31 17:23:58 status half-configured libnpth0t64:amd64 1.8-3build1
2026-08-31 17:23:58 status installed libnpth0t64:amd64 1.8-3build1
2026-08-31 17:23:58 configure libraw1394-11:amd64 2.1.2-2build4 <none>
2026-08-31 17:23:58 status unpacked libraw1394-11:amd64 2.1.2-2build4
2026-08-31 17:23:58 status half-configured libraw1394-11:amd64 2.1.2-2build4
2026-08-31 17:23:58 status installed libraw1394-11:amd64 2.1.2-2build4
2026-08-31 17:23:58 configure libkeyutils1:amd64 1.6.3-6ubuntu3 <none>
2026-08-31 17:23:58 status unpacked libkeyutils1:amd64 1.6.3-6ubuntu3
2026-08-31 17:23:58 status half-configured libkeyutils1:amd64 1.6.3-6ubuntu3
2026-08-31 17:23:58 status installed libkeyutils1:amd64 1.6.3-6ubuntu3
2026-08-31 17:23:58 configure libapparmor1:amd64 5.0.2-0ubuntu1~26.04.1 <none>
2026-08-31 17:23:58 status unpacked libapparmor1:amd64 5.0.2-0ubuntu1~26.04.1
2026-08-31 17:23:58 status half-configured libapparmor1:amd64 5.0.2-0ubuntu1~26.04.1
2026-08-31 17:23:58 status installed libapparmor1:amd64 5.0.2-0ubuntu1~26.04.1
2026-08-31 17:23:58 configure pci.ids:all 0.0~2026.02.12-1 <none>
2026-08-31 17:23:58 status unpacked pci.ids:all 0.0~2026.02.12-1
2026-08-31 17:23:58 status half-configured pci.ids:all 0.0~2026.02.12-1
2026-08-31 17:23:58 status installed pci.ids:all 0.0~2026.02.12-1
2026-08-31 17:23:58 configure libkf6solid-data:all 6.24.0-0ubuntu1 <none>
2026-08-31 17:23:58 status unpacked libkf6solid-data:all 6.24.0-0ubuntu1
2026-08-31 17:23:58 status half-configured libkf6solid-data:all 6.24.0-0ubuntu1
2026-08-31 17:23:58 status installed libkf6solid-data:all 6.24.0-0ubuntu1
2026-08-31 17:23:58 configure libxcb1:amd64 1.17.0-2ubuntu1 <none>
2026-08-31 17:23:58 status unpacked libxcb1:amd64 1.17.0-2ubuntu1
2026-08-31 17:23:58 status half-configured libxcb1:amd64 1.17.0-2ubuntu1
2026-08-31 17:23:58 status installed libxcb1:amd64 1.17.0-2ubuntu1
2026-08-31 17:23:58 configure libsodium23:amd64 1.0.18-2 <none>
2026-08-31 17:23:58 status unpacked libsodium23:amd64 1.0.18-2
2026-08-31 17:23:58 status half-configured libsodium23:amd64 1.0.18-2
2026-08-31 17:23:58 status installed libsodium23:amd64 1.0.18-2
2026-08-31 17:23:58 configure libudfread3:amd64 1.2.0-2 <none>
2026-08-31 17:23:58 status unpacked libudfread3:amd64 1.2.0-2
2026-08-31 17:23:58 status half-configured libudfread3:amd64 1.2.0-2
2026-08-31 17:23:58 status installed libudfread3:amd64 1.2.0-2
2026-08-31 17:23:58 configure libgpm2:amd64 1.20.7-12build1 <none>
2026-08-31 17:23:58 status unpacked libgpm2:amd64 1.20.7-12build1
2026-08-31 17:23:58 status half-configured libgpm2:amd64 1.20.7-12build1
2026-08-31 17:23:58 status installed libgpm2:amd64 1.20.7-12build1
2026-08-31 17:23:58 configure linux-base:all 4.15ubuntu5 <none>
2026-08-31 17:23:58 status unpacked linux-base:all 4.15ubuntu5
2026-08-31 17:23:58 status half-configured linux-base:all 4.15ubuntu5
2026-08-31 17:23:58 status installed linux-base:all 4.15ubuntu5
2026-08-31 17:23:58 configure libxcb-xfixes0:amd64 1.17.0-2ubuntu1 <none>
2026-08-31 17:23:58 status unpacked libxcb-xfixes0:amd64 1.17.0-2ubuntu1
2026-08-31 17:23:58 status half-configured libxcb-xfixes0:amd64 1.17.0-2ubuntu1
2026-08-31 17:23:58 status installed libxcb-xfixes0:amd64 1.17.0-2ubuntu1
2026-08-31 17:23:58 configure libogg0:amd64 1.3.6-2 <none>
2026-08-31 17:23:58 status unpacked libogg0:amd64 1.3.6-2
2026-08-31 17:23:58 status half-configured libogg0:amd64 1.3.6-2
2026-08-31 17:23:58 status installed libogg0:amd64 1.3.6-2
2026-08-31 17:23:58 configure liblerc4:amd64 4.0.0+ds-5ubuntu2 <none>
2026-08-31 17:23:58 status unpacked liblerc4:amd64 4.0.0+ds-5ubuntu2
2026-08-31 17:23:58 status half-configured liblerc4:amd64 4.0.0+ds-5ubuntu2
2026-08-31 17:23:58 status installed liblerc4:amd64 4.0.0+ds-5ubuntu2
2026-08-31 17:23:58 configure libspeex1:amd64 1.2.1-3build1 <none>
2026-08-31 17:23:58 status unpacked libspeex1:amd64 1.2.1-3build1
2026-08-31 17:23:58 status half-configured libspeex1:amd64 1.2.1-3build1
2026-08-31 17:23:58 status installed libspeex1:amd64 1.2.1-3build1
2026-08-31 17:23:58 configure libshine3:amd64 3.1.1-3build1 <none>
2026-08-31 17:23:58 status unpacked libshine3:amd64 3.1.1-3build1
2026-08-31 17:23:58 status half-configured libshine3:amd64 3.1.1-3build1
2026-08-31 17:23:58 status installed libshine3:amd64 3.1.1-3build1
2026-08-31 17:23:58 configure libkf6guiaddons-data:all 6.24.0-0ubuntu1.1 <none>
2026-08-31 17:23:58 status unpacked libkf6guiaddons-data:all 6.24.0-0ubuntu1.1
2026-08-31 17:23:58 status half-configured libkf6guiaddons-data:all 6.24.0-0ubuntu1.1
2026-08-31 17:23:58 status installed libkf6guiaddons-data:all 6.24.0-0ubuntu1.1
2026-08-31 17:23:58 configure libcaca0:amd64 0.99.beta20-6ubuntu2.1 <none>
2026-08-31 17:23:58 status unpacked libcaca0:amd64 0.99.beta20-6ubuntu2.1
2026-08-31 17:23:58 status half-configured libcaca0:amd64 0.99.beta20-6ubuntu2.1
2026-08-31 17:23:58 status installed libcaca0:amd64 0.99.beta20-6ubuntu2.1
2026-08-31 17:23:58 configure libvpl2:amd64 1:2.16.0-1 <none>
2026-08-31 17:23:58 status unpacked libvpl2:amd64 1:2.16.0-1
2026-08-31 17:23:58 status half-configured libvpl2:amd64 1:2.16.0-1
2026-08-31 17:23:58 status installed libvpl2:amd64 1:2.16.0-1
2026-08-31 17:23:58 configure linux-firmware-broadcom-wireless:all 20260319.git217ca6e4-0ubuntu1.1 <none>
2026-08-31 17:23:58 status unpacked linux-firmware-broadcom-wireless:all 20260319.git217ca6e4-0ubuntu1.1
2026-08-31 17:23:58 status half-configured linux-firmware-broadcom-wireless:all 20260319.git217ca6e4-0ubuntu1.1
2026-08-31 17:23:58 status installed linux-firmware-broadcom-wireless:all 20260319.git217ca6e4-0ubuntu1.1
2026-08-31 17:23:58 configure bsdutils:amd64 1:2.41.3-3ubuntu2.2 <none>
2026-08-31 17:23:58 status unpacked bsdutils:amd64 1:2.41.3-3ubuntu2.2
2026-08-31 17:23:58 status half-configured bsdutils:amd64 1:2.41.3-3ubuntu2.2
2026-08-31 17:23:58 status installed bsdutils:amd64 1:2.41.3-3ubuntu2.2
2026-08-31 17:23:58 configure libtwolame0:amd64 0.4.0-2build4 <none>
2026-08-31 17:23:58 status unpacked libtwolame0:amd64 0.4.0-2build4
2026-08-31 17:23:58 status half-configured libtwolame0:amd64 0.4.0-2build4
2026-08-31 17:23:58 status installed libtwolame0:amd64 0.4.0-2build4
2026-08-31 17:23:58 configure libkf6purpose-data:all 6.24.0-0ubuntu1 <none>
2026-08-31 17:23:58 status unpacked libkf6purpose-data:all 6.24.0-0ubuntu1
2026-08-31 17:23:58 status half-configured libkf6purpose-data:all 6.24.0-0ubuntu1
2026-08-31 17:23:58 status installed libkf6purpose-data:all 6.24.0-0ubuntu1
2026-08-31 17:23:58 configure libxcb-xinput0:amd64 1.17.0-2ubuntu1 <none>
2026-08-31 17:23:58 status unpacked libxcb-xinput0:amd64 1.17.0-2ubuntu1
2026-08-31 17:23:58 status half-configured libxcb-xinput0:amd64 1.17.0-2ubuntu1
2026-08-31 17:23:58 status installed libxcb-xinput0:amd64 1.17.0-2ubuntu1
2026-08-31 17:23:58 configure init:amd64 1.69 <none>
2026-08-31 17:23:58 status unpacked init:amd64 1.69
2026-08-31 17:23:58 status half-configured init:amd64 1.69
2026-08-31 17:23:58 status installed init:amd64 1.69
2026-08-31 17:23:58 configure libqrencode4:amd64 4.1.1-2build1 <none>
2026-08-31 17:23:58 status unpacked libqrencode4:amd64 4.1.1-2build1
2026-08-31 17:23:58 status half-configured libqrencode4:amd64 4.1.1-2build1
2026-08-31 17:23:58 status installed libqrencode4:amd64 4.1.1-2build1
2026-08-31 17:23:58 configure libdatrie1:amd64 0.2.14-1 <none>
2026-08-31 17:23:58 status unpacked libdatrie1:amd64 0.2.14-1
2026-08-31 17:23:58 status half-configured libdatrie1:amd64 0.2.14-1
2026-08-31 17:23:58 status installed libdatrie1:amd64 0.2.14-1
2026-08-31 17:23:58 configure iucode-tool:amd64 2.3.1-3build2 <none>
2026-08-31 17:23:58 status unpacked iucode-tool:amd64 2.3.1-3build2
2026-08-31 17:23:58 status half-configured iucode-tool:amd64 2.3.1-3build2
2026-08-31 17:23:58 status installed iucode-tool:amd64 2.3.1-3build2
2026-08-31 17:23:58 configure mobile-broadband-provider-info:all 20251101-1build1 <none>
2026-08-31 17:23:58 status unpacked mobile-broadband-provider-info:all 20251101-1build1
2026-08-31 17:23:58 status half-configured mobile-broadband-provider-info:all 20251101-1build1
2026-08-31 17:23:58 status installed mobile-broadband-provider-info:all 20251101-1build1
2026-08-31 17:23:58 configure libzip5:amd64 1.11.4-2 <none>
2026-08-31 17:23:58 status unpacked libzip5:amd64 1.11.4-2
2026-08-31 17:23:58 status half-configured libzip5:amd64 1.11.4-2
2026-08-31 17:23:58 status installed libzip5:amd64 1.11.4-2
2026-08-31 17:23:58 configure libmagic-mgc:amd64 1:5.46-5build2 <none>
2026-08-31 17:23:58 status unpacked libmagic-mgc:amd64 1:5.46-5build2
2026-08-31 17:23:58 status half-configured libmagic-mgc:amd64 1:5.46-5build2
2026-08-31 17:23:58 status installed libmagic-mgc:amd64 1:5.46-5build2
2026-08-31 17:23:58 configure libgsm1:amd64 1.0.23-2 <none>
2026-08-31 17:23:58 status unpacked libgsm1:amd64 1.0.23-2
2026-08-31 17:23:58 status half-configured libgsm1:amd64 1.0.23-2
2026-08-31 17:23:58 status installed libgsm1:amd64 1.0.23-2
2026-08-31 17:23:58 configure libvisual-0.4-0:amd64 0.4.2-4 <none>
2026-08-31 17:23:58 status unpacked libvisual-0.4-0:amd64 0.4.2-4
2026-08-31 17:23:58 status half-configured libvisual-0.4-0:amd64 0.4.2-4
2026-08-31 17:23:58 status installed libvisual-0.4-0:amd64 0.4.2-4
2026-08-31 17:23:58 configure libxcb-render0:amd64 1.17.0-2ubuntu1 <none>
2026-08-31 17:23:58 status unpacked libxcb-render0:amd64 1.17.0-2ubuntu1
2026-08-31 17:23:58 status half-configured libxcb-render0:amd64 1.17.0-2ubuntu1
2026-08-31 17:23:58 status installed libxcb-render0:amd64 1.17.0-2ubuntu1
2026-08-31 17:23:58 configure libzix-0-0:amd64 0.8.0-1 <none>
2026-08-31 17:23:58 status unpacked libzix-0-0:amd64 0.8.0-1
2026-08-31 17:23:58 status half-configured libzix-0-0:amd64 0.8.0-1
2026-08-31 17:23:58 status installed libzix-0-0:amd64 0.8.0-1
2026-08-31 17:23:58 configure libx264-165:amd64 2:0.165.3222+gitb35605ac-3build1 <none>
2026-08-31 17:23:58 status unpacked libx264-165:amd64 2:0.165.3222+gitb35605ac-3build1
2026-08-31 17:23:58 status half-configured libx264-165:amd64 2:0.165.3222+gitb35605ac-3build1
2026-08-31 17:23:58 status installed libx264-165:amd64 2:0.165.3222+gitb35605ac-3build1
2026-08-31 17:23:58 configure libtommath1:amd64 1.3.0-1build1 <none>
2026-08-31 17:23:58 status unpacked libtommath1:amd64 1.3.0-1build1
2026-08-31 17:23:58 status half-configured libtommath1:amd64 1.3.0-1build1
2026-08-31 17:23:58 status installed libtommath1:amd64 1.3.0-1build1
2026-08-31 17:23:58 configure libyaml-0-2:amd64 0.2.5-2build3 <none>
2026-08-31 17:23:58 status unpacked libyaml-0-2:amd64 0.2.5-2build3
2026-08-31 17:23:58 status half-configured libyaml-0-2:amd64 0.2.5-2build3
2026-08-31 17:23:58 status installed libyaml-0-2:amd64 0.2.5-2build3
2026-08-31 17:23:58 configure distro-info-data:all 0.72-0ubuntu0.26.04.1 <none>
2026-08-31 17:23:58 status unpacked distro-info-data:all 0.72-0ubuntu0.26.04.1
2026-08-31 17:23:58 status half-configured distro-info-data:all 0.72-0ubuntu0.26.04.1
2026-08-31 17:23:58 status installed distro-info-data:all 0.72-0ubuntu0.26.04.1
2026-08-31 17:23:58 configure libkirigami-data:all 6.24.0-0ubuntu1 <none>
2026-08-31 17:23:58 status unpacked libkirigami-data:all 6.24.0-0ubuntu1
2026-08-31 17:23:58 status half-configured libkirigami-data:all 6.24.0-0ubuntu1
2026-08-31 17:23:58 status installed libkirigami-data:all 6.24.0-0ubuntu1
2026-08-31 17:23:58 configure libglvnd0:amd64 1.7.0-3 <none>
2026-08-31 17:23:58 status unpacked libglvnd0:amd64 1.7.0-3
2026-08-31 17:23:58 status half-configured libglvnd0:amd64 1.7.0-3
2026-08-31 17:23:58 status installed libglvnd0:amd64 1.7.0-3
2026-08-31 17:23:58 configure libkf6userfeedback-data:all 6.24.0-0ubuntu1 <none>
2026-08-31 17:23:58 status unpacked libkf6userfeedback-data:all 6.24.0-0ubuntu1
2026-08-31 17:23:58 status half-configured libkf6userfeedback-data:all 6.24.0-0ubuntu1
2026-08-31 17:23:58 status installed libkf6userfeedback-data:all 6.24.0-0ubuntu1
2026-08-31 17:23:58 configure libtag2:amd64 2.2.1-3 <none>
2026-08-31 17:23:58 status unpacked libtag2:amd64 2.2.1-3
2026-08-31 17:23:58 status half-configured libtag2:amd64 2.2.1-3
2026-08-31 17:23:58 status installed libtag2:amd64 2.2.1-3
2026-08-31 17:23:58 configure libxml2-16:amd64 2.15.2+dfsg-0.1ubuntu0.1 <none>
2026-08-31 17:23:58 status unpacked libxml2-16:amd64 2.15.2+dfsg-0.1ubuntu0.1
2026-08-31 17:23:58 status half-configured libxml2-16:amd64 2.15.2+dfsg-0.1ubuntu0.1
2026-08-31 17:23:58 status installed libxml2-16:amd64 2.15.2+dfsg-0.1ubuntu0.1
2026-08-31 17:23:58 configure libinih1:amd64 61-1ubuntu1 <none>
2026-08-31 17:23:58 status unpacked libinih1:amd64 61-1ubuntu1
2026-08-31 17:23:58 status half-configured libinih1:amd64 61-1ubuntu1
2026-08-31 17:23:58 status installed libinih1:amd64 61-1ubuntu1
2026-08-31 17:23:58 configure libtdb1:amd64 2:1.4.14+samba4.23.6+dfsg-1ubuntu2.2 <none>
2026-08-31 17:23:58 status unpacked libtdb1:amd64 2:1.4.14+samba4.23.6+dfsg-1ubuntu2.2
2026-08-31 17:23:58 status half-configured libtdb1:amd64 2:1.4.14+samba4.23.6+dfsg-1ubuntu2.2
2026-08-31 17:23:58 status installed libtdb1:amd64 2:1.4.14+samba4.23.6+dfsg-1ubuntu2.2
2026-08-31 17:23:58 configure libdisplay-info3:amd64 0.3.0-1 <none>
2026-08-31 17:23:58 status unpacked libdisplay-info3:amd64 0.3.0-1
2026-08-31 17:23:58 status half-configured libdisplay-info3:amd64 0.3.0-1
2026-08-31 17:23:58 status installed libdisplay-info3:amd64 0.3.0-1
2026-08-31 17:23:58 configure libtirpc-common:all 1.3.7-0.1 <none>
2026-08-31 17:23:58 status unpacked libtirpc-common:all 1.3.7-0.1
2026-08-31 17:23:58 status half-configured libtirpc-common:all 1.3.7-0.1
2026-08-31 17:23:58 status installed libtirpc-common:all 1.3.7-0.1
2026-08-31 17:23:58 configure intel-microcode:amd64 3.20260210.1ubuntu2 <none>
2026-08-31 17:23:58 status unpacked intel-microcode:amd64 3.20260210.1ubuntu2
2026-08-31 17:23:58 status half-configured intel-microcode:amd64 3.20260210.1ubuntu2
2026-08-31 17:23:58 status installed intel-microcode:amd64 3.20260210.1ubuntu2
2026-08-31 17:23:58 configure libcodec2-1.2:amd64 1.2.0-4 <none>
2026-08-31 17:23:58 status unpacked libcodec2-1.2:amd64 1.2.0-4
2026-08-31 17:23:58 status half-configured libcodec2-1.2:amd64 1.2.0-4
2026-08-31 17:23:58 status installed libcodec2-1.2:amd64 1.2.0-4
2026-08-31 17:23:58 configure kwayland6-data:all 4:6.6.4-0ubuntu1 <none>
2026-08-31 17:23:58 status unpacked kwayland6-data:all 4:6.6.4-0ubuntu1
2026-08-31 17:23:58 status half-configured kwayland6-data:all 4:6.6.4-0ubuntu1
2026-08-31 17:23:58 status installed kwayland6-data:all 4:6.6.4-0ubuntu1
2026-08-31 17:23:58 configure libkf6pty-data:all 6.24.0-0ubuntu1 <none>
2026-08-31 17:23:58 status unpacked libkf6pty-data:all 6.24.0-0ubuntu1
2026-08-31 17:23:58 status half-configured libkf6pty-data:all 6.24.0-0ubuntu1
2026-08-31 17:23:58 status installed libkf6pty-data:all 6.24.0-0ubuntu1
2026-08-31 17:23:58 configure libts0t64:amd64 1.22-1.1build2 <none>
2026-08-31 17:23:58 status unpacked libts0t64:amd64 1.22-1.1build2
2026-08-31 17:23:58 status half-configured libts0t64:amd64 1.22-1.1build2
2026-08-31 17:23:58 status installed libts0t64:amd64 1.22-1.1build2
2026-08-31 17:23:58 configure libxcb-glx0:amd64 1.17.0-2ubuntu1 <none>
2026-08-31 17:23:58 status unpacked libxcb-glx0:amd64 1.17.0-2ubuntu1
2026-08-31 17:23:58 status half-configured libxcb-glx0:amd64 1.17.0-2ubuntu1
2026-08-31 17:23:58 status installed libxcb-glx0:amd64 1.17.0-2ubuntu1
2026-08-31 17:23:58 configure libbrotli1:amd64 1.2.0-3build1 <none>
2026-08-31 17:23:58 status unpacked libbrotli1:amd64 1.2.0-3build1
2026-08-31 17:23:58 status half-configured libbrotli1:amd64 1.2.0-3build1
2026-08-31 17:23:58 status installed libbrotli1:amd64 1.2.0-3build1
2026-08-31 17:23:58 configure linux-firmware-nvidia-graphics:all 20260319.git217ca6e4-0ubuntu1.1 <none>
2026-08-31 17:23:58 status unpacked linux-firmware-nvidia-graphics:all 20260319.git217ca6e4-0ubuntu1.1
2026-08-31 17:23:58 status half-configured linux-firmware-nvidia-graphics:all 20260319.git217ca6e4-0ubuntu1.1
2026-08-31 17:23:58 status installed linux-firmware-nvidia-graphics:all 20260319.git217ca6e4-0ubuntu1.1
2026-08-31 17:23:58 configure libkf6windowsystem-data:all 6.24.0-0ubuntu1 <none>
2026-08-31 17:23:58 status unpacked libkf6windowsystem-data:all 6.24.0-0ubuntu1
2026-08-31 17:23:58 status half-configured libkf6windowsystem-data:all 6.24.0-0ubuntu1
2026-08-31 17:23:58 status installed libkf6windowsystem-data:all 6.24.0-0ubuntu1
2026-08-31 17:23:58 configure libedit2:amd64 3.1-20251016-1 <none>
2026-08-31 17:23:58 status unpacked libedit2:amd64 3.1-20251016-1
2026-08-31 17:23:58 status half-configured libedit2:amd64 3.1-20251016-1
2026-08-31 17:23:58 status installed libedit2:amd64 3.1-20251016-1
2026-08-31 17:23:58 configure wireless-regdb:all 2026.02.04-0ubuntu1 <none>
2026-08-31 17:23:58 status unpacked wireless-regdb:all 2026.02.04-0ubuntu1
2026-08-31 17:23:58 status half-configured wireless-regdb:all 2026.02.04-0ubuntu1
2026-08-31 17:23:58 status installed wireless-regdb:all 2026.02.04-0ubuntu1
2026-08-31 17:23:58 configure libtss2-mu-4.0.1-0t64:amd64 4.1.3-6 <none>
2026-08-31 17:23:58 status unpacked libtss2-mu-4.0.1-0t64:amd64 4.1.3-6
2026-08-31 17:23:58 status half-configured libtss2-mu-4.0.1-0t64:amd64 4.1.3-6
2026-08-31 17:23:58 status installed libtss2-mu-4.0.1-0t64:amd64 4.1.3-6
2026-08-31 17:23:58 configure libsqlite3-0:amd64 3.46.1-9ubuntu0.2 <none>
2026-08-31 17:23:58 status unpacked libsqlite3-0:amd64 3.46.1-9ubuntu0.2
2026-08-31 17:23:58 status half-configured libsqlite3-0:amd64 3.46.1-9ubuntu0.2
2026-08-31 17:23:58 status installed libsqlite3-0:amd64 3.46.1-9ubuntu0.2
2026-08-31 17:23:58 configure libkf6config-data:all 6.24.0-0ubuntu1 <none>
2026-08-31 17:23:58 status unpacked libkf6config-data:all 6.24.0-0ubuntu1
2026-08-31 17:23:58 status half-configured libkf6config-data:all 6.24.0-0ubuntu1
2026-08-31 17:23:58 status installed libkf6config-data:all 6.24.0-0ubuntu1
2026-08-31 17:23:58 configure libgdk-pixbuf2.0-common:all 2.44.5+dfsg-4ubuntu1 <none>
2026-08-31 17:23:58 status unpacked libgdk-pixbuf2.0-common:all 2.44.5+dfsg-4ubuntu1
2026-08-31 17:23:58 status half-configured libgdk-pixbuf2.0-common:all 2.44.5+dfsg-4ubuntu1
2026-08-31 17:23:58 status installed libgdk-pixbuf2.0-common:all 2.44.5+dfsg-4ubuntu1
2026-08-31 17:23:58 configure libuv1t64:amd64 1.51.0-2ubuntu1 <none>
2026-08-31 17:23:58 status unpacked libuv1t64:amd64 1.51.0-2ubuntu1
2026-08-31 17:23:58 status half-configured libuv1t64:amd64 1.51.0-2ubuntu1
2026-08-31 17:23:58 status installed libuv1t64:amd64 1.51.0-2ubuntu1
2026-08-31 17:23:58 configure libkf6parts-data:all 6.24.0-0ubuntu1 <none>
2026-08-31 17:23:58 status unpacked libkf6parts-data:all 6.24.0-0ubuntu1
2026-08-31 17:23:58 status half-configured libkf6parts-data:all 6.24.0-0ubuntu1
2026-08-31 17:23:58 status installed libkf6parts-data:all 6.24.0-0ubuntu1
2026-08-31 17:23:58 configure libmagic1t64:amd64 1:5.46-5build2 <none>
2026-08-31 17:23:58 status unpacked libmagic1t64:amd64 1:5.46-5build2
2026-08-31 17:23:58 status half-configured libmagic1t64:amd64 1:5.46-5build2
2026-08-31 17:23:58 status installed libmagic1t64:amd64 1:5.46-5build2
2026-08-31 17:23:58 configure linux-firmware-mellanox-spectrum:all 20260319.git217ca6e4-0ubuntu1.1 <none>
2026-08-31 17:23:58 status unpacked linux-firmware-mellanox-spectrum:all 20260319.git217ca6e4-0ubuntu1.1
2026-08-31 17:23:58 status half-configured linux-firmware-mellanox-spectrum:all 20260319.git217ca6e4-0ubuntu1.1
2026-08-31 17:23:58 status installed linux-firmware-mellanox-spectrum:all 20260319.git217ca6e4-0ubuntu1.1
2026-08-31 17:23:58 configure libkf6wallet-data:all 6.24.0-0ubuntu1 <none>
2026-08-31 17:23:58 status unpacked libkf6wallet-data:all 6.24.0-0ubuntu1
2026-08-31 17:23:58 status half-configured libkf6wallet-data:all 6.24.0-0ubuntu1
2026-08-31 17:23:58 status installed libkf6wallet-data:all 6.24.0-0ubuntu1
2026-08-31 17:23:58 configure libmysofa1:amd64 1.3.3+dfsg-1ubuntu2 <none>
2026-08-31 17:23:58 status unpacked libmysofa1:amd64 1.3.3+dfsg-1ubuntu2
2026-08-31 17:23:58 status half-configured libmysofa1:amd64 1.3.3+dfsg-1ubuntu2
2026-08-31 17:23:58 status installed libmysofa1:amd64 1.3.3+dfsg-1ubuntu2
2026-08-31 17:23:58 configure libxcb-keysyms1:amd64 0.4.1-1build1 <none>
2026-08-31 17:23:58 status unpacked libxcb-keysyms1:amd64 0.4.1-1build1
2026-08-31 17:23:58 status half-configured libxcb-keysyms1:amd64 0.4.1-1build1
2026-08-31 17:23:58 status installed libxcb-keysyms1:amd64 0.4.1-1build1
2026-08-31 17:23:58 configure netcat-openbsd:amd64 1.234-1 <none>
2026-08-31 17:23:58 status unpacked netcat-openbsd:amd64 1.234-1
2026-08-31 17:23:58 status half-configured netcat-openbsd:amd64 1.234-1
2026-08-31 17:23:58 status installed netcat-openbsd:amd64 1.234-1
2026-08-31 17:23:58 configure libxcb-shape0:amd64 1.17.0-2ubuntu1 <none>
2026-08-31 17:23:58 status unpacked libxcb-shape0:amd64 1.17.0-2ubuntu1
2026-08-31 17:23:58 status half-configured libxcb-shape0:amd64 1.17.0-2ubuntu1
2026-08-31 17:23:58 status installed libxcb-shape0:amd64 1.17.0-2ubuntu1
2026-08-31 17:23:58 configure x11-common:all 1:7.7+26ubuntu1 <none>
2026-08-31 17:23:58 status unpacked x11-common:all 1:7.7+26ubuntu1
2026-08-31 17:23:58 status half-configured x11-common:all 1:7.7+26ubuntu1
2026-08-31 17:23:58 status installed x11-common:all 1:7.7+26ubuntu1
2026-08-31 17:23:58 configure libsensors-config:all 1:3.6.2-2build1 <none>
2026-08-31 17:23:58 status unpacked libsensors-config:all 1:3.6.2-2build1
2026-08-31 17:23:58 status half-configured libsensors-config:all 1:3.6.2-2build1
2026-08-31 17:23:58 status installed libsensors-config:all 1:3.6.2-2build1
2026-08-31 17:23:58 configure libnghttp2-14:amd64 1.68.0-2ubuntu0.2 <none>
2026-08-31 17:23:58 status unpacked libnghttp2-14:amd64 1.68.0-2ubuntu0.2
2026-08-31 17:23:58 status half-configured libnghttp2-14:amd64 1.68.0-2ubuntu0.2
2026-08-31 17:23:58 status installed libnghttp2-14:amd64 1.68.0-2ubuntu0.2
2026-08-31 17:23:58 configure libdeflate0:amd64 1.23-2ubuntu1 <none>
2026-08-31 17:23:58 status unpacked libdeflate0:amd64 1.23-2ubuntu1
2026-08-31 17:23:58 status half-configured libdeflate0:amd64 1.23-2ubuntu1
2026-08-31 17:23:58 status installed libdeflate0:amd64 1.23-2ubuntu1
2026-08-31 17:23:58 configure less:amd64 668-1build1 <none>
2026-08-31 17:23:58 status unpacked less:amd64 668-1build1
2026-08-31 17:23:58 status half-configured less:amd64 668-1build1
2026-08-31 17:23:58 status installed less:amd64 668-1build1
2026-08-31 17:23:58 configure libkf6coreaddons-data:all 6.24.0-0ubuntu1 <none>
2026-08-31 17:23:58 status unpacked libkf6coreaddons-data:all 6.24.0-0ubuntu1
2026-08-31 17:23:58 status half-configured libkf6coreaddons-data:all 6.24.0-0ubuntu1
2026-08-31 17:23:58 status installed libkf6coreaddons-data:all 6.24.0-0ubuntu1
2026-08-31 17:23:58 configure linux-firmware-qlogic:all 20260319.git217ca6e4-0ubuntu1.1 <none>
2026-08-31 17:23:58 status unpacked linux-firmware-qlogic:all 20260319.git217ca6e4-0ubuntu1.1
2026-08-31 17:23:58 status half-configured linux-firmware-qlogic:all 20260319.git217ca6e4-0ubuntu1.1
2026-08-31 17:23:58 status installed linux-firmware-qlogic:all 20260319.git217ca6e4-0ubuntu1.1
2026-08-31 17:23:58 configure linux-firmware-amd-graphics:all 20260319.git217ca6e4-0ubuntu3.1 <none>
2026-08-31 17:23:58 status unpacked linux-firmware-amd-graphics:all 20260319.git217ca6e4-0ubuntu3.1
2026-08-31 17:23:58 status half-configured linux-firmware-amd-graphics:all 20260319.git217ca6e4-0ubuntu3.1
2026-08-31 17:23:58 status installed linux-firmware-amd-graphics:all 20260319.git217ca6e4-0ubuntu3.1
2026-08-31 17:23:58 configure libxcb-render-util0:amd64 0.3.10-1build1 <none>
2026-08-31 17:23:58 status unpacked libxcb-render-util0:amd64 0.3.10-1build1
2026-08-31 17:23:58 status half-configured libxcb-render-util0:amd64 0.3.10-1build1
2026-08-31 17:23:58 status installed libxcb-render-util0:amd64 0.3.10-1build1
2026-08-31 17:23:58 configure libkf6kcmutils-data:all 6.24.0-0ubuntu1 <none>
2026-08-31 17:23:58 status unpacked libkf6kcmutils-data:all 6.24.0-0ubuntu1
2026-08-31 17:23:58 status half-configured libkf6kcmutils-data:all 6.24.0-0ubuntu1
2026-08-31 17:23:58 status installed libkf6kcmutils-data:all 6.24.0-0ubuntu1
2026-08-31 17:23:58 configure xkb-data:all 2.46-2 <none>
2026-08-31 17:23:58 status unpacked xkb-data:all 2.46-2
2026-08-31 17:23:58 status half-configured xkb-data:all 2.46-2
2026-08-31 17:23:58 status installed xkb-data:all 2.46-2
2026-08-31 17:23:58 configure liblzo2-2:amd64 2.10-3build2 <none>
2026-08-31 17:23:58 status unpacked liblzo2-2:amd64 2.10-3build2
2026-08-31 17:23:58 status half-configured liblzo2-2:amd64 2.10-3build2
2026-08-31 17:23:58 status installed liblzo2-2:amd64 2.10-3build2
2026-08-31 17:23:58 configure libkf6su-data:all 6.24.0-0ubuntu1 <none>
2026-08-31 17:23:58 status unpacked libkf6su-data:all 6.24.0-0ubuntu1
2026-08-31 17:23:58 status half-configured libkf6su-data:all 6.24.0-0ubuntu1
2026-08-31 17:23:58 status installed libkf6su-data:all 6.24.0-0ubuntu1
2026-08-31 17:23:58 configure libxcb-shm0:amd64 1.17.0-2ubuntu1 <none>
2026-08-31 17:23:58 status unpacked libxcb-shm0:amd64 1.17.0-2ubuntu1
2026-08-31 17:23:58 status half-configured libxcb-shm0:amd64 1.17.0-2ubuntu1
2026-08-31 17:23:58 status installed libxcb-shm0:amd64 1.17.0-2ubuntu1
2026-08-31 17:23:58 configure libxcb-icccm4:amd64 0.4.2-1build1 <none>
2026-08-31 17:23:58 status unpacked libxcb-icccm4:amd64 0.4.2-1build1
2026-08-31 17:23:58 status half-configured libxcb-icccm4:amd64 0.4.2-1build1
2026-08-31 17:23:58 status installed libxcb-icccm4:amd64 0.4.2-1build1
2026-08-31 17:23:58 configure libtss2-tcti-libtpms0t64:amd64 4.1.3-6 <none>
2026-08-31 17:23:58 status unpacked libtss2-tcti-libtpms0t64:amd64 4.1.3-6
2026-08-31 17:23:58 status half-configured libtss2-tcti-libtpms0t64:amd64 4.1.3-6
2026-08-31 17:23:58 status installed libtss2-tcti-libtpms0t64:amd64 4.1.3-6
2026-08-31 17:23:58 configure file:amd64 1:5.46-5build2 <none>
2026-08-31 17:23:58 status unpacked file:amd64 1:5.46-5build2
2026-08-31 17:23:58 status half-configured file:amd64 1:5.46-5build2
2026-08-31 17:23:58 status installed file:amd64 1:5.46-5build2
2026-08-31 17:23:58 configure libsoup-3.0-common:all 3.6.6-1 <none>
2026-08-31 17:23:58 status unpacked libsoup-3.0-common:all 3.6.6-1
2026-08-31 17:23:58 status half-configured libsoup-3.0-common:all 3.6.6-1
2026-08-31 17:23:58 status installed libsoup-3.0-common:all 3.6.6-1
2026-08-31 17:23:58 configure libmpg123-0t64:amd64 1.33.3-2 <none>
2026-08-31 17:23:58 status unpacked libmpg123-0t64:amd64 1.33.3-2
2026-08-31 17:23:58 status half-configured libmpg123-0t64:amd64 1.33.3-2
2026-08-31 17:23:58 status installed libmpg123-0t64:amd64 1.33.3-2
2026-08-31 17:23:58 configure powerdevil-data:all 4:6.6.6-0ubuntu0.1 <none>
2026-08-31 17:23:58 status unpacked powerdevil-data:all 4:6.6.6-0ubuntu0.1
2026-08-31 17:23:58 status half-configured powerdevil-data:all 4:6.6.6-0ubuntu0.1
2026-08-31 17:23:58 status installed powerdevil-data:all 4:6.6.6-0ubuntu0.1
2026-08-31 17:23:58 configure libgomp1:amd64 16-20260322-1ubuntu1 <none>
2026-08-31 17:23:58 status unpacked libgomp1:amd64 16-20260322-1ubuntu1
2026-08-31 17:23:58 status half-configured libgomp1:amd64 16-20260322-1ubuntu1
2026-08-31 17:23:58 status installed libgomp1:amd64 16-20260322-1ubuntu1
2026-08-31 17:23:58 configure libcjson1:amd64 1.7.19-2 <none>
2026-08-31 17:23:58 status unpacked libcjson1:amd64 1.7.19-2
2026-08-31 17:23:58 status half-configured libcjson1:amd64 1.7.19-2
2026-08-31 17:23:58 status installed libcjson1:amd64 1.7.19-2
2026-08-31 17:23:58 configure libxvidcore4:amd64 2:1.3.7-3 <none>
2026-08-31 17:23:58 status unpacked libxvidcore4:amd64 2:1.3.7-3
2026-08-31 17:23:58 status half-configured libxvidcore4:amd64 2:1.3.7-3
2026-08-31 17:23:58 status installed libxvidcore4:amd64 2:1.3.7-3
2026-08-31 17:23:58 configure libkf6sonnet-data:all 6.24.0-0ubuntu1 <none>
2026-08-31 17:23:58 status unpacked libkf6sonnet-data:all 6.24.0-0ubuntu1
2026-08-31 17:23:58 status half-configured libkf6sonnet-data:all 6.24.0-0ubuntu1
2026-08-31 17:23:58 status installed libkf6sonnet-data:all 6.24.0-0ubuntu1
2026-08-31 17:23:58 configure amd64-microcode:amd64 3.20251202.1ubuntu2 <none>
2026-08-31 17:23:58 status unpacked amd64-microcode:amd64 3.20251202.1ubuntu2
2026-08-31 17:23:58 status half-configured amd64-microcode:amd64 3.20251202.1ubuntu2
2026-08-31 17:23:58 status installed amd64-microcode:amd64 3.20251202.1ubuntu2
2026-08-31 17:23:58 configure locales:all 2.43-2ubuntu2.3 <none>
2026-08-31 17:23:58 status unpacked locales:all 2.43-2ubuntu2.3
2026-08-31 17:23:58 status half-configured locales:all 2.43-2ubuntu2.3
2026-08-31 17:23:59 status installed locales:all 2.43-2ubuntu2.3
2026-08-31 17:23:59 configure libldap-common:all 2.6.10+dfsg-1ubuntu5 <none>
2026-08-31 17:23:59 status unpacked libldap-common:all 2.6.10+dfsg-1ubuntu5
2026-08-31 17:23:59 status half-configured libldap-common:all 2.6.10+dfsg-1ubuntu5
2026-08-31 17:23:59 status installed libldap-common:all 2.6.10+dfsg-1ubuntu5
2026-08-31 17:23:59 configure libwebrtc-audio-processing-1-3:amd64 1.3-3build2 <none>
2026-08-31 17:23:59 status unpacked libwebrtc-audio-processing-1-3:amd64 1.3-3build2
2026-08-31 17:23:59 status half-configured libwebrtc-audio-processing-1-3:amd64 1.3-3build2
2026-08-31 17:23:59 status installed libwebrtc-audio-processing-1-3:amd64 1.3-3build2
2026-08-31 17:23:59 configure libtext-wrapi18n-perl:all 0.06-10 <none>
2026-08-31 17:23:59 status unpacked libtext-wrapi18n-perl:all 0.06-10
2026-08-31 17:23:59 status half-configured libtext-wrapi18n-perl:all 0.06-10
2026-08-31 17:23:59 status installed libtext-wrapi18n-perl:all 0.06-10
2026-08-31 17:23:59 configure libkf6itemviews-data:all 6.24.0-0ubuntu1 <none>
2026-08-31 17:23:59 status unpacked libkf6itemviews-data:all 6.24.0-0ubuntu1
2026-08-31 17:23:59 status half-configured libkf6itemviews-data:all 6.24.0-0ubuntu1
2026-08-31 17:23:59 status installed libkf6itemviews-data:all 6.24.0-0ubuntu1
2026-08-31 17:23:59 configure finalrd:all 9build2 <none>
2026-08-31 17:23:59 status unpacked finalrd:all 9build2
2026-08-31 17:23:59 status half-configured finalrd:all 9build2
2026-08-31 17:23:59 status installed finalrd:all 9build2
2026-08-31 17:23:59 configure libjbig0:amd64 2.1-6.1ubuntu3 <none>
2026-08-31 17:23:59 status unpacked libjbig0:amd64 2.1-6.1ubuntu3
2026-08-31 17:23:59 status half-configured libjbig0:amd64 2.1-6.1ubuntu3
2026-08-31 17:23:59 status installed libjbig0:amd64 2.1-6.1ubuntu3
2026-08-31 17:23:59 configure libxdgutilsbasedir1.0.1:amd64 1.0.1-3.2 <none>
2026-08-31 17:23:59 status unpacked libxdgutilsbasedir1.0.1:amd64 1.0.1-3.2
2026-08-31 17:23:59 status half-configured libxdgutilsbasedir1.0.1:amd64 1.0.1-3.2
2026-08-31 17:23:59 status installed libxdgutilsbasedir1.0.1:amd64 1.0.1-3.2
2026-08-31 17:23:59 configure libwbclient0:amd64 2:4.23.6+dfsg-1ubuntu2.2 <none>
2026-08-31 17:23:59 status unpacked libwbclient0:amd64 2:4.23.6+dfsg-1ubuntu2.2
2026-08-31 17:23:59 status half-configured libwbclient0:amd64 2:4.23.6+dfsg-1ubuntu2.2
2026-08-31 17:23:59 status installed libwbclient0:amd64 2:4.23.6+dfsg-1ubuntu2.2
2026-08-31 17:23:59 configure libpcre2-16-0:amd64 10.46-1build1 <none>
2026-08-31 17:23:59 status unpacked libpcre2-16-0:amd64 10.46-1build1
2026-08-31 17:23:59 status half-configured libpcre2-16-0:amd64 10.46-1build1
2026-08-31 17:23:59 status installed libpcre2-16-0:amd64 10.46-1build1
2026-08-31 17:23:59 configure libkf6notifyconfig-data:all 6.24.0-0ubuntu1 <none>
2026-08-31 17:23:59 status unpacked libkf6notifyconfig-data:all 6.24.0-0ubuntu1
2026-08-31 17:23:59 status half-configured libkf6notifyconfig-data:all 6.24.0-0ubuntu1
2026-08-31 17:23:59 status installed libkf6notifyconfig-data:all 6.24.0-0ubuntu1
2026-08-31 17:23:59 configure libcap2:amd64 1:2.75-10ubuntu2 <none>
2026-08-31 17:23:59 status unpacked libcap2:amd64 1:2.75-10ubuntu2
2026-08-31 17:23:59 status half-configured libcap2:amd64 1:2.75-10ubuntu2
2026-08-31 17:23:59 status installed libcap2:amd64 1:2.75-10ubuntu2
2026-08-31 17:23:59 configure libopengl0:amd64 1.7.0-3 <none>
2026-08-31 17:23:59 status unpacked libopengl0:amd64 1.7.0-3
2026-08-31 17:23:59 status half-configured libopengl0:amd64 1.7.0-3
2026-08-31 17:23:59 status installed libopengl0:amd64 1.7.0-3
2026-08-31 17:23:59 configure libkf6widgetsaddons-data:all 6.24.0-0ubuntu1 <none>
2026-08-31 17:23:59 status unpacked libkf6widgetsaddons-data:all 6.24.0-0ubuntu1
2026-08-31 17:23:59 status half-configured libkf6widgetsaddons-data:all 6.24.0-0ubuntu1
2026-08-31 17:23:59 status installed libkf6widgetsaddons-data:all 6.24.0-0ubuntu1
2026-08-31 17:23:59 configure libelf1t64:amd64 0.194-4 <none>
2026-08-31 17:23:59 status unpacked libelf1t64:amd64 0.194-4
2026-08-31 17:23:59 status half-configured libelf1t64:amd64 0.194-4
2026-08-31 17:23:59 status installed libelf1t64:amd64 0.194-4
2026-08-31 17:23:59 configure libxcb-util1:amd64 0.4.1-1build1 <none>
2026-08-31 17:23:59 status unpacked libxcb-util1:amd64 0.4.1-1build1
2026-08-31 17:23:59 status half-configured libxcb-util1:amd64 0.4.1-1build1
2026-08-31 17:23:59 status installed libxcb-util1:amd64 0.4.1-1build1
2026-08-31 17:23:59 configure libtheoraenc2:amd64 1.2.0+dfsg-6 <none>
2026-08-31 17:23:59 status unpacked libtheoraenc2:amd64 1.2.0+dfsg-6
2026-08-31 17:23:59 status half-configured libtheoraenc2:amd64 1.2.0+dfsg-6
2026-08-31 17:23:59 status installed libtheoraenc2:amd64 1.2.0+dfsg-6
2026-08-31 17:23:59 configure libjansson4:amd64 2.14-2build4 <none>
2026-08-31 17:23:59 status unpacked libjansson4:amd64 2.14-2build4
2026-08-31 17:23:59 status half-configured libjansson4:amd64 2.14-2build4
2026-08-31 17:23:59 status installed libjansson4:amd64 2.14-2build4
2026-08-31 17:23:59 configure libkscreen-data:all 4:6.6.4-0ubuntu1 <none>
2026-08-31 17:23:59 status unpacked libkscreen-data:all 4:6.6.4-0ubuntu1
2026-08-31 17:23:59 status half-configured libkscreen-data:all 4:6.6.4-0ubuntu1
2026-08-31 17:23:59 status installed libkscreen-data:all 4:6.6.4-0ubuntu1
2026-08-31 17:23:59 configure libsnappy1v5:amd64 1.2.2-2 <none>
2026-08-31 17:23:59 status unpacked libsnappy1v5:amd64 1.2.2-2
2026-08-31 17:23:59 status half-configured libsnappy1v5:amd64 1.2.2-2
2026-08-31 17:23:59 status installed libsnappy1v5:amd64 1.2.2-2
2026-08-31 17:23:59 configure liborc-0.4-0t64:amd64 1:0.4.42-2 <none>
2026-08-31 17:23:59 status unpacked liborc-0.4-0t64:amd64 1:0.4.42-2
2026-08-31 17:23:59 status half-configured liborc-0.4-0t64:amd64 1:0.4.42-2
2026-08-31 17:23:59 status installed liborc-0.4-0t64:amd64 1:0.4.42-2
2026-08-31 17:23:59 configure libkf6notifications-data:all 6.24.0-0ubuntu1 <none>
2026-08-31 17:23:59 status unpacked libkf6notifications-data:all 6.24.0-0ubuntu1
2026-08-31 17:23:59 status half-configured libkf6notifications-data:all 6.24.0-0ubuntu1
2026-08-31 17:23:59 status installed libkf6notifications-data:all 6.24.0-0ubuntu1
2026-08-31 17:23:59 configure libxcb-xkb1:amd64 1.17.0-2ubuntu1 <none>
2026-08-31 17:23:59 status unpacked libxcb-xkb1:amd64 1.17.0-2ubuntu1
2026-08-31 17:23:59 status half-configured libxcb-xkb1:amd64 1.17.0-2ubuntu1
2026-08-31 17:23:59 status installed libxcb-xkb1:amd64 1.17.0-2ubuntu1
2026-08-31 17:23:59 configure libxcb-image0:amd64 0.4.0-2build2 <none>
2026-08-31 17:23:59 status unpacked libxcb-image0:amd64 0.4.0-2build2
2026-08-31 17:23:59 status half-configured libxcb-image0:amd64 0.4.0-2build2
2026-08-31 17:23:59 status installed libxcb-image0:amd64 0.4.0-2build2
2026-08-31 17:23:59 configure libkrb5support0:amd64 1.22.1-2ubuntu4.1 <none>
2026-08-31 17:23:59 status unpacked libkrb5support0:amd64 1.22.1-2ubuntu4.1
2026-08-31 17:23:59 status half-configured libkrb5support0:amd64 1.22.1-2ubuntu4.1
2026-08-31 17:23:59 status installed libkrb5support0:amd64 1.22.1-2ubuntu4.1
2026-08-31 17:23:59 configure libkf6codecs-data:all 6.24.0-0ubuntu1 <none>
2026-08-31 17:23:59 status unpacked libkf6codecs-data:all 6.24.0-0ubuntu1
2026-08-31 17:23:59 status half-configured libkf6codecs-data:all 6.24.0-0ubuntu1
2026-08-31 17:23:59 status installed libkf6codecs-data:all 6.24.0-0ubuntu1
2026-08-31 17:23:59 configure libkf6completion-data:all 6.24.0-0ubuntu1 <none>
2026-08-31 17:23:59 status unpacked libkf6completion-data:all 6.24.0-0ubuntu1
2026-08-31 17:23:59 status half-configured libkf6completion-data:all 6.24.0-0ubuntu1
2026-08-31 17:23:59 status installed libkf6completion-data:all 6.24.0-0ubuntu1
2026-08-31 17:23:59 configure librav1e0.8:amd64 0.8.1-7 <none>
2026-08-31 17:23:59 status unpacked librav1e0.8:amd64 0.8.1-7
2026-08-31 17:23:59 status half-configured librav1e0.8:amd64 0.8.1-7
2026-08-31 17:23:59 status installed librav1e0.8:amd64 0.8.1-7
2026-08-31 17:23:59 configure kirigami-addons-data:all 1.11.0-2ubuntu2 <none>
2026-08-31 17:23:59 status unpacked kirigami-addons-data:all 1.11.0-2ubuntu2
2026-08-31 17:23:59 status half-configured kirigami-addons-data:all 1.11.0-2ubuntu2
2026-08-31 17:23:59 status installed kirigami-addons-data:all 1.11.0-2ubuntu2
2026-08-31 17:23:59 configure libsasl2-modules-db:amd64 2.1.28+dfsg1-9ubuntu3 <none>
2026-08-31 17:23:59 status unpacked libsasl2-modules-db:amd64 2.1.28+dfsg1-9ubuntu3
2026-08-31 17:23:59 status half-configured libsasl2-modules-db:amd64 2.1.28+dfsg1-9ubuntu3
2026-08-31 17:23:59 status installed libsasl2-modules-db:amd64 2.1.28+dfsg1-9ubuntu3
2026-08-31 17:23:59 configure tzdata:all 2026c-0ubuntu0.26.04.1 <none>
2026-08-31 17:23:59 status unpacked tzdata:all 2026c-0ubuntu0.26.04.1
2026-08-31 17:23:59 status half-configured tzdata:all 2026c-0ubuntu0.26.04.1
2026-08-31 17:23:59 status installed tzdata:all 2026c-0ubuntu0.26.04.1
2026-08-31 17:23:59 configure libicu78:amd64 78.2-2ubuntu1 <none>
2026-08-31 17:23:59 status unpacked libicu78:amd64 78.2-2ubuntu1
2026-08-31 17:23:59 status half-configured libicu78:amd64 78.2-2ubuntu1
2026-08-31 17:23:59 status installed libicu78:amd64 78.2-2ubuntu1
2026-08-31 17:23:59 configure libcap2-bin:amd64 1:2.75-10ubuntu2 <none>
2026-08-31 17:23:59 status unpacked libcap2-bin:amd64 1:2.75-10ubuntu2
2026-08-31 17:23:59 status half-configured libcap2-bin:amd64 1:2.75-10ubuntu2
2026-08-31 17:23:59 status installed libcap2-bin:amd64 1:2.75-10ubuntu2
2026-08-31 17:23:59 configure libxcb-present0:amd64 1.17.0-2ubuntu1 <none>
2026-08-31 17:23:59 status unpacked libxcb-present0:amd64 1.17.0-2ubuntu1
2026-08-31 17:23:59 status half-configured libxcb-present0:amd64 1.17.0-2ubuntu1
2026-08-31 17:23:59 status installed libxcb-present0:amd64 1.17.0-2ubuntu1
2026-08-31 17:23:59 configure libtalloc2:amd64 2:2.4.3+samba4.23.6+dfsg-1ubuntu2.2 <none>
2026-08-31 17:23:59 status unpacked libtalloc2:amd64 2:2.4.3+samba4.23.6+dfsg-1ubuntu2.2
2026-08-31 17:23:59 status half-configured libtalloc2:amd64 2:2.4.3+samba4.23.6+dfsg-1ubuntu2.2
2026-08-31 17:23:59 status installed libtalloc2:amd64 2:2.4.3+samba4.23.6+dfsg-1ubuntu2.2
2026-08-31 17:23:59 configure eject:amd64 2.41.3-3ubuntu2.2 <none>
2026-08-31 17:23:59 status unpacked eject:amd64 2.41.3-3ubuntu2.2
2026-08-31 17:23:59 status half-configured eject:amd64 2.41.3-3ubuntu2.2
2026-08-31 17:23:59 status installed eject:amd64 2.41.3-3ubuntu2.2
2026-08-31 17:23:59 configure libasound2-data:all 1.2.15.3-1ubuntu1.1 <none>
2026-08-31 17:23:59 status unpacked libasound2-data:all 1.2.15.3-1ubuntu1.1
2026-08-31 17:23:59 status half-configured libasound2-data:all 1.2.15.3-1ubuntu1.1
2026-08-31 17:23:59 status installed libasound2-data:all 1.2.15.3-1ubuntu1.1
2026-08-31 17:23:59 configure libvpx12:amd64 1.16.0-3 <none>
2026-08-31 17:23:59 status unpacked libvpx12:amd64 1.16.0-3
2026-08-31 17:23:59 status half-configured libvpx12:amd64 1.16.0-3
2026-08-31 17:23:59 status installed libvpx12:amd64 1.16.0-3
2026-08-31 17:23:59 configure linux-firmware-qualcomm-wireless:all 20260319.git217ca6e4-0ubuntu1.2 <none>
2026-08-31 17:23:59 status unpacked linux-firmware-qualcomm-wireless:all 20260319.git217ca6e4-0ubuntu1.2
2026-08-31 17:23:59 status half-configured linux-firmware-qualcomm-wireless:all 20260319.git217ca6e4-0ubuntu1.2
2026-08-31 17:23:59 status installed linux-firmware-qualcomm-wireless:all 20260319.git217ca6e4-0ubuntu1.2
2026-08-31 17:23:59 configure libklibc:amd64 2.0.14-1ubuntu2 <none>
2026-08-31 17:23:59 status unpacked libklibc:amd64 2.0.14-1ubuntu2
2026-08-31 17:23:59 status half-configured libklibc:amd64 2.0.14-1ubuntu2
2026-08-31 17:23:59 status installed libklibc:amd64 2.0.14-1ubuntu2
2026-08-31 17:23:59 configure libpgm-5.3-0t64:amd64 5.3.128~dfsg-2.1build2 <none>
2026-08-31 17:23:59 status unpacked libpgm-5.3-0t64:amd64 5.3.128~dfsg-2.1build2
2026-08-31 17:23:59 status half-configured libpgm-5.3-0t64:amd64 5.3.128~dfsg-2.1build2
2026-08-31 17:23:59 status installed libpgm-5.3-0t64:amd64 5.3.128~dfsg-2.1build2
2026-08-31 17:23:59 configure libkf6bookmarks-data:all 6.24.0-0ubuntu1 <none>
2026-08-31 17:23:59 status unpacked libkf6bookmarks-data:all 6.24.0-0ubuntu1
2026-08-31 17:23:59 status half-configured libkf6bookmarks-data:all 6.24.0-0ubuntu1
2026-08-31 17:23:59 status installed libkf6bookmarks-data:all 6.24.0-0ubuntu1
2026-08-31 17:23:59 configure libnettle8t64:amd64 3.10.2-1 <none>
2026-08-31 17:23:59 status unpacked libnettle8t64:amd64 3.10.2-1
2026-08-31 17:23:59 status half-configured libnettle8t64:amd64 3.10.2-1
2026-08-31 17:23:59 status installed libnettle8t64:amd64 3.10.2-1
2026-08-31 17:23:59 configure libfontenc1:amd64 1:1.1.8-1build2 <none>
2026-08-31 17:23:59 status unpacked libfontenc1:amd64 1:1.1.8-1build2
2026-08-31 17:23:59 status half-configured libfontenc1:amd64 1:1.1.8-1build2
2026-08-31 17:23:59 status installed libfontenc1:amd64 1:1.1.8-1build2
2026-08-31 17:23:59 configure libkf6newstuff-data:all 6.24.0-0ubuntu1 <none>
2026-08-31 17:23:59 status unpacked libkf6newstuff-data:all 6.24.0-0ubuntu1
2026-08-31 17:23:59 status half-configured libkf6newstuff-data:all 6.24.0-0ubuntu1
2026-08-31 17:23:59 status installed libkf6newstuff-data:all 6.24.0-0ubuntu1
2026-08-31 17:23:59 configure libkf6configwidgets-data:all 6.24.0-0ubuntu1 <none>
2026-08-31 17:23:59 status unpacked libkf6configwidgets-data:all 6.24.0-0ubuntu1
2026-08-31 17:23:59 status half-configured libkf6configwidgets-data:all 6.24.0-0ubuntu1
2026-08-31 17:23:59 status installed libkf6configwidgets-data:all 6.24.0-0ubuntu1
2026-08-31 17:23:59 configure libkf6filemetadata-data:all 6.24.0-0ubuntu1 <none>
2026-08-31 17:23:59 status unpacked libkf6filemetadata-data:all 6.24.0-0ubuntu1
2026-08-31 17:23:59 status half-configured libkf6filemetadata-data:all 6.24.0-0ubuntu1
2026-08-31 17:23:59 status installed libkf6filemetadata-data:all 6.24.0-0ubuntu1
2026-08-31 17:23:59 configure libei1:amd64 1.5.0-3 <none>
2026-08-31 17:23:59 status unpacked libei1:amd64 1.5.0-3
2026-08-31 17:23:59 status half-configured libei1:amd64 1.5.0-3
2026-08-31 17:23:59 status installed libei1:amd64 1.5.0-3
2026-08-31 17:23:59 configure libxcb-xinerama0:amd64 1.17.0-2ubuntu1 <none>
2026-08-31 17:23:59 status unpacked libxcb-xinerama0:amd64 1.17.0-2ubuntu1
2026-08-31 17:23:59 status half-configured libxcb-xinerama0:amd64 1.17.0-2ubuntu1
2026-08-31 17:23:59 status installed libxcb-xinerama0:amd64 1.17.0-2ubuntu1
2026-08-31 17:23:59 configure vim-common:all 2:9.1.2141-1ubuntu4.8 <none>
2026-08-31 17:23:59 status unpacked vim-common:all 2:9.1.2141-1ubuntu4.8
2026-08-31 17:23:59 status half-configured vim-common:all 2:9.1.2141-1ubuntu4.8
2026-08-31 17:23:59 status installed vim-common:all 2:9.1.2141-1ubuntu4.8
2026-08-31 17:23:59 configure libasound2t64:amd64 1.2.15.3-1ubuntu1.1 <none>
2026-08-31 17:23:59 status unpacked libasound2t64:amd64 1.2.15.3-1ubuntu1.1
2026-08-31 17:23:59 status half-configured libasound2t64:amd64 1.2.15.3-1ubuntu1.1
2026-08-31 17:23:59 status installed libasound2t64:amd64 1.2.15.3-1ubuntu1.1
2026-08-31 17:23:59 configure libslang2:amd64 2.3.3-5build1 <none>
2026-08-31 17:23:59 status unpacked libslang2:amd64 2.3.3-5build1
2026-08-31 17:23:59 status half-configured libslang2:amd64 2.3.3-5build1
2026-08-31 17:23:59 status installed libslang2:amd64 2.3.3-5build1
2026-08-31 17:23:59 configure libva2:amd64 2.23.0-1ubuntu1 <none>
2026-08-31 17:23:59 status unpacked libva2:amd64 2.23.0-1ubuntu1
2026-08-31 17:23:59 status half-configured libva2:amd64 2.23.0-1ubuntu1
2026-08-31 17:23:59 status installed libva2:amd64 2.23.0-1ubuntu1
2026-08-31 17:23:59 configure libtss2-sys1t64:amd64 4.1.3-6 <none>
2026-08-31 17:23:59 status unpacked libtss2-sys1t64:amd64 4.1.3-6
2026-08-31 17:23:59 status half-configured libtss2-sys1t64:amd64 4.1.3-6
2026-08-31 17:23:59 status installed libtss2-sys1t64:amd64 4.1.3-6
2026-08-31 17:23:59 configure libx11-data:all 2:1.8.13-1 <none>
2026-08-31 17:23:59 status unpacked libx11-data:all 2:1.8.13-1
2026-08-31 17:23:59 status half-configured libx11-data:all 2:1.8.13-1
2026-08-31 17:23:59 status installed libx11-data:all 2:1.8.13-1
2026-08-31 17:23:59 configure libsvtav1enc2:amd64 2.3.0+dfsg-1build1 <none>
2026-08-31 17:23:59 status unpacked libsvtav1enc2:amd64 2.3.0+dfsg-1build1
2026-08-31 17:23:59 status half-configured libsvtav1enc2:amd64 2.3.0+dfsg-1build1
2026-08-31 17:23:59 status installed libsvtav1enc2:amd64 2.3.0+dfsg-1build1
2026-08-31 17:23:59 configure libepoxy0:amd64 1.5.10-2build1 <none>
2026-08-31 17:23:59 status unpacked libepoxy0:amd64 1.5.10-2build1
2026-08-31 17:23:59 status half-configured libepoxy0:amd64 1.5.10-2build1
2026-08-31 17:23:59 status installed libepoxy0:amd64 1.5.10-2build1
2026-08-31 17:23:59 configure libnspr4:amd64 2:4.38.2-1ubuntu1 <none>
2026-08-31 17:23:59 status unpacked libnspr4:amd64 2:4.38.2-1ubuntu1
2026-08-31 17:23:59 status half-configured libnspr4:amd64 2:4.38.2-1ubuntu1
2026-08-31 17:23:59 status installed libnspr4:amd64 2:4.38.2-1ubuntu1
2026-08-31 17:23:59 configure libxcb-sync1:amd64 1.17.0-2ubuntu1 <none>
2026-08-31 17:23:59 status unpacked libxcb-sync1:amd64 1.17.0-2ubuntu1
2026-08-31 17:23:59 status half-configured libxcb-sync1:amd64 1.17.0-2ubuntu1
2026-08-31 17:23:59 status installed libxcb-sync1:amd64 1.17.0-2ubuntu1
2026-08-31 17:23:59 configure libdmtx0t64:amd64 0.7.8-1 <none>
2026-08-31 17:23:59 status unpacked libdmtx0t64:amd64 0.7.8-1
2026-08-31 17:23:59 status half-configured libdmtx0t64:amd64 0.7.8-1
2026-08-31 17:23:59 status installed libdmtx0t64:amd64 0.7.8-1
2026-08-31 17:23:59 configure linux-firmware-amd-misc:all 20260319.git217ca6e4-0ubuntu1.1 <none>
2026-08-31 17:23:59 status unpacked linux-firmware-amd-misc:all 20260319.git217ca6e4-0ubuntu1.1
2026-08-31 17:23:59 status half-configured linux-firmware-amd-misc:all 20260319.git217ca6e4-0ubuntu1.1
2026-08-31 17:23:59 status installed linux-firmware-amd-misc:all 20260319.git217ca6e4-0ubuntu1.1
2026-08-31 17:23:59 configure libkf6globalaccel-data:all 6.24.0-0ubuntu1 <none>
2026-08-31 17:23:59 status unpacked libkf6globalaccel-data:all 6.24.0-0ubuntu1
2026-08-31 17:23:59 status half-configured libkf6globalaccel-data:all 6.24.0-0ubuntu1
2026-08-31 17:23:59 status installed libkf6globalaccel-data:all 6.24.0-0ubuntu1
2026-08-31 17:23:59 configure libkf6archive-data:all 6.24.0-0ubuntu1 <none>
2026-08-31 17:23:59 status unpacked libkf6archive-data:all 6.24.0-0ubuntu1
2026-08-31 17:23:59 status half-configured libkf6archive-data:all 6.24.0-0ubuntu1
2026-08-31 17:23:59 status installed libkf6archive-data:all 6.24.0-0ubuntu1
2026-08-31 17:23:59 configure libzxing3:amd64 2.3.0-5 <none>
2026-08-31 17:23:59 status unpacked libzxing3:amd64 2.3.0-5
2026-08-31 17:23:59 status half-configured libzxing3:amd64 2.3.0-5
2026-08-31 17:23:59 status installed libzxing3:amd64 2.3.0-5
2026-08-31 17:23:59 configure libxcb-cursor0:amd64 0.1.6-1 <none>
2026-08-31 17:23:59 status unpacked libxcb-cursor0:amd64 0.1.6-1
2026-08-31 17:23:59 status half-configured libxcb-cursor0:amd64 0.1.6-1
2026-08-31 17:23:59 status installed libxcb-cursor0:amd64 0.1.6-1
2026-08-31 17:23:59 configure libavahi-common-data:amd64 0.8-18ubuntu1.1 <none>
2026-08-31 17:23:59 status unpacked libavahi-common-data:amd64 0.8-18ubuntu1.1
2026-08-31 17:23:59 status half-configured libavahi-common-data:amd64 0.8-18ubuntu1.1
2026-08-31 17:23:59 status installed libavahi-common-data:amd64 0.8-18ubuntu1.1
2026-08-31 17:23:59 configure libncurses6:amd64 6.6+20251231-1 <none>
2026-08-31 17:23:59 status unpacked libncurses6:amd64 6.6+20251231-1
2026-08-31 17:23:59 status half-configured libncurses6:amd64 6.6+20251231-1
2026-08-31 17:23:59 status installed libncurses6:amd64 6.6+20251231-1
2026-08-31 17:23:59 configure libdbus-1-3:amd64 1.16.2-2ubuntu4 <none>
2026-08-31 17:23:59 status unpacked libdbus-1-3:amd64 1.16.2-2ubuntu4
2026-08-31 17:23:59 status half-configured libdbus-1-3:amd64 1.16.2-2ubuntu4
2026-08-31 17:23:59 status installed libdbus-1-3:amd64 1.16.2-2ubuntu4
2026-08-31 17:23:59 configure libfribidi0:amd64 1.0.16-5 <none>
2026-08-31 17:23:59 status unpacked libfribidi0:amd64 1.0.16-5
2026-08-31 17:23:59 status half-configured libfribidi0:amd64 1.0.16-5
2026-08-31 17:23:59 status installed libfribidi0:amd64 1.0.16-5
2026-08-31 17:23:59 configure libopus0:amd64 1.6.1-1 <none>
2026-08-31 17:23:59 status unpacked libopus0:amd64 1.6.1-1
2026-08-31 17:23:59 status half-configured libopus0:amd64 1.6.1-1
2026-08-31 17:23:59 status installed libopus0:amd64 1.6.1-1
2026-08-31 17:23:59 configure libunistring5:amd64 1.3-2build1 <none>
2026-08-31 17:23:59 status unpacked libunistring5:amd64 1.3-2build1
2026-08-31 17:23:59 status half-configured libunistring5:amd64 1.3-2build1
2026-08-31 17:23:59 status installed libunistring5:amd64 1.3-2build1
2026-08-31 17:23:59 configure fonts-dejavu-mono:all 2.37-8build1 <none>
2026-08-31 17:23:59 status unpacked fonts-dejavu-mono:all 2.37-8build1
2026-08-31 17:23:59 status half-configured fonts-dejavu-mono:all 2.37-8build1
2026-08-31 17:23:59 status installed fonts-dejavu-mono:all 2.37-8build1
2026-08-31 17:23:59 configure libpng16-16t64:amd64 1.6.57-1 <none>
2026-08-31 17:23:59 status unpacked libpng16-16t64:amd64 1.6.57-1
2026-08-31 17:23:59 status half-configured libpng16-16t64:amd64 1.6.57-1
2026-08-31 17:23:59 status installed libpng16-16t64:amd64 1.6.57-1
2026-08-31 17:23:59 configure libhwloc15:amd64 2.13.0-2 <none>
2026-08-31 17:23:59 status unpacked libhwloc15:amd64 2.13.0-2
2026-08-31 17:23:59 status half-configured libhwloc15:amd64 2.13.0-2
2026-08-31 17:23:59 status installed libhwloc15:amd64 2.13.0-2
2026-08-31 17:23:59 configure libmnl0:amd64 1.0.5-3build1 <none>
2026-08-31 17:23:59 status unpacked libmnl0:amd64 1.0.5-3build1
2026-08-31 17:23:59 status half-configured libmnl0:amd64 1.0.5-3build1
2026-08-31 17:23:59 status installed libmnl0:amd64 1.0.5-3build1
2026-08-31 17:23:59 configure libkf6colorscheme-data:all 6.24.0-0ubuntu1 <none>
2026-08-31 17:23:59 status unpacked libkf6colorscheme-data:all 6.24.0-0ubuntu1
2026-08-31 17:23:59 status half-configured libkf6colorscheme-data:all 6.24.0-0ubuntu1
2026-08-31 17:23:59 status installed libkf6colorscheme-data:all 6.24.0-0ubuntu1
2026-08-31 17:23:59 configure libtss2-tcti-device0t64:amd64 4.1.3-6 <none>
2026-08-31 17:23:59 status unpacked libtss2-tcti-device0t64:amd64 4.1.3-6
2026-08-31 17:23:59 status half-configured libtss2-tcti-device0t64:amd64 4.1.3-6
2026-08-31 17:23:59 status installed libtss2-tcti-device0t64:amd64 4.1.3-6
2026-08-31 17:23:59 configure libatomic1:amd64 16-20260322-1ubuntu1 <none>
2026-08-31 17:23:59 status unpacked libatomic1:amd64 16-20260322-1ubuntu1
2026-08-31 17:23:59 status half-configured libatomic1:amd64 16-20260322-1ubuntu1
2026-08-31 17:23:59 status installed libatomic1:amd64 16-20260322-1ubuntu1
2026-08-31 17:23:59 configure libvorbis0a:amd64 1.3.7-3build2 <none>
2026-08-31 17:23:59 status unpacked libvorbis0a:amd64 1.3.7-3build2
2026-08-31 17:23:59 status half-configured libvorbis0a:amd64 1.3.7-3build2
2026-08-31 17:23:59 status installed libvorbis0a:amd64 1.3.7-3build2
2026-08-31 17:23:59 configure libkf6textwidgets-data:all 6.24.0-0ubuntu1 <none>
2026-08-31 17:23:59 status unpacked libkf6textwidgets-data:all 6.24.0-0ubuntu1
2026-08-31 17:23:59 status half-configured libkf6textwidgets-data:all 6.24.0-0ubuntu1
2026-08-31 17:23:59 status installed libkf6textwidgets-data:all 6.24.0-0ubuntu1
2026-08-31 17:23:59 configure usb.ids:all 2025.12.13-1 <none>
2026-08-31 17:23:59 status unpacked usb.ids:all 2025.12.13-1
2026-08-31 17:23:59 status half-configured usb.ids:all 2025.12.13-1
2026-08-31 17:23:59 status installed usb.ids:all 2025.12.13-1
2026-08-31 17:23:59 configure sudo:amd64 1.9.17p2-1ubuntu3 <none>
2026-08-31 17:23:59 status unpacked sudo:amd64 1.9.17p2-1ubuntu3
2026-08-31 17:23:59 status half-configured sudo:amd64 1.9.17p2-1ubuntu3
2026-08-31 17:23:59 status installed sudo:amd64 1.9.17p2-1ubuntu3
2026-08-31 17:23:59 configure fonts-dejavu-core:all 2.37-8build1 <none>
2026-08-31 17:23:59 status unpacked fonts-dejavu-core:all 2.37-8build1
2026-08-31 17:23:59 status half-configured fonts-dejavu-core:all 2.37-8build1
2026-08-31 17:23:59 status installed fonts-dejavu-core:all 2.37-8build1
2026-08-31 17:23:59 configure libexiv2-data:all 0.28.8+dfsg-1 <none>
2026-08-31 17:23:59 status unpacked libexiv2-data:all 0.28.8+dfsg-1
2026-08-31 17:23:59 status half-configured libexiv2-data:all 0.28.8+dfsg-1
2026-08-31 17:23:59 status installed libexiv2-data:all 0.28.8+dfsg-1
2026-08-31 17:23:59 configure libflac14:amd64 1.5.0+ds-5 <none>
2026-08-31 17:23:59 status unpacked libflac14:amd64 1.5.0+ds-5
2026-08-31 17:23:59 status half-configured libflac14:amd64 1.5.0+ds-5
2026-08-31 17:23:59 status installed libflac14:amd64 1.5.0+ds-5
2026-08-31 17:23:59 configure dhcpcd-base:amd64 1:10.3.0-7 <none>
2026-08-31 17:23:59 status unpacked dhcpcd-base:amd64 1:10.3.0-7
2026-08-31 17:23:59 status half-configured dhcpcd-base:amd64 1:10.3.0-7
2026-08-31 17:23:59 status installed dhcpcd-base:amd64 1:10.3.0-7
2026-08-31 17:23:59 configure lzma:amd64 25.00+dfsg-1 <none>
2026-08-31 17:23:59 status unpacked lzma:amd64 25.00+dfsg-1
2026-08-31 17:23:59 status half-configured lzma:amd64 25.00+dfsg-1
2026-08-31 17:23:59 status installed lzma:amd64 25.00+dfsg-1
2026-08-31 17:23:59 configure linux-firmware-intel-misc:all 20260319.git217ca6e4-0ubuntu1.2 <none>
2026-08-31 17:23:59 status unpacked linux-firmware-intel-misc:all 20260319.git217ca6e4-0ubuntu1.2
2026-08-31 17:23:59 status half-configured linux-firmware-intel-misc:all 20260319.git217ca6e4-0ubuntu1.2
2026-08-31 17:23:59 status installed linux-firmware-intel-misc:all 20260319.git217ca6e4-0ubuntu1.2
2026-08-31 17:23:59 configure libdv4t64:amd64 1.0.0-17.1build2 <none>
2026-08-31 17:23:59 status unpacked libdv4t64:amd64 1.0.0-17.1build2
2026-08-31 17:23:59 status half-configured libdv4t64:amd64 1.0.0-17.1build2
2026-08-31 17:23:59 status installed libdv4t64:amd64 1.0.0-17.1build2
2026-08-31 17:23:59 configure libxcb-dpms0:amd64 1.17.0-2ubuntu1 <none>
2026-08-31 17:23:59 status unpacked libxcb-dpms0:amd64 1.17.0-2ubuntu1
2026-08-31 17:23:59 status half-configured libxcb-dpms0:amd64 1.17.0-2ubuntu1
2026-08-31 17:23:59 status installed libxcb-dpms0:amd64 1.17.0-2ubuntu1
2026-08-31 17:23:59 configure libpcsclite1:amd64 2.4.1-1 <none>
2026-08-31 17:23:59 status unpacked libpcsclite1:amd64 2.4.1-1
2026-08-31 17:23:59 status half-configured libpcsclite1:amd64 2.4.1-1
2026-08-31 17:23:59 status installed libpcsclite1:amd64 2.4.1-1
2026-08-31 17:23:59 configure ucf:all 3.0052ubuntu1 <none>
2026-08-31 17:23:59 status unpacked ucf:all 3.0052ubuntu1
2026-08-31 17:23:59 status half-configured ucf:all 3.0052ubuntu1
2026-08-31 17:23:59 status installed ucf:all 3.0052ubuntu1
2026-08-31 17:23:59 configure libsensors5:amd64 1:3.6.2-2build1 <none>
2026-08-31 17:23:59 status unpacked libsensors5:amd64 1:3.6.2-2build1
2026-08-31 17:23:59 status half-configured libsensors5:amd64 1:3.6.2-2build1
2026-08-31 17:23:59 status installed libsensors5:amd64 1:3.6.2-2build1
2026-08-31 17:23:59 configure linux-firmware-intel-graphics:all 20260319.git217ca6e4-0ubuntu2.1 <none>
2026-08-31 17:23:59 status unpacked linux-firmware-intel-graphics:all 20260319.git217ca6e4-0ubuntu2.1
2026-08-31 17:23:59 status half-configured linux-firmware-intel-graphics:all 20260319.git217ca6e4-0ubuntu2.1
2026-08-31 17:23:59 status installed linux-firmware-intel-graphics:all 20260319.git217ca6e4-0ubuntu2.1
2026-08-31 17:23:59 configure libk5crypto3:amd64 1.22.1-2ubuntu4.1 <none>
2026-08-31 17:23:59 status unpacked libk5crypto3:amd64 1.22.1-2ubuntu4.1
2026-08-31 17:23:59 status half-configured libk5crypto3:amd64 1.22.1-2ubuntu4.1
2026-08-31 17:23:59 status installed libk5crypto3:amd64 1.22.1-2ubuntu4.1
2026-08-31 17:23:59 configure libjpeg-turbo8:amd64 2.1.5-4ubuntu4 <none>
2026-08-31 17:23:59 status unpacked libjpeg-turbo8:amd64 2.1.5-4ubuntu4
2026-08-31 17:23:59 status half-configured libjpeg-turbo8:amd64 2.1.5-4ubuntu4
2026-08-31 17:23:59 status installed libjpeg-turbo8:amd64 2.1.5-4ubuntu4
2026-08-31 17:23:59 configure busybox-initramfs:amd64 1:1.37.0-7ubuntu1 <none>
2026-08-31 17:23:59 status unpacked busybox-initramfs:amd64 1:1.37.0-7ubuntu1
2026-08-31 17:23:59 status half-configured busybox-initramfs:amd64 1:1.37.0-7ubuntu1
2026-08-31 17:23:59 status installed busybox-initramfs:amd64 1:1.37.0-7ubuntu1
2026-08-31 17:23:59 configure libxtables12:amd64 1.8.11-2ubuntu3 <none>
2026-08-31 17:23:59 status unpacked libxtables12:amd64 1.8.11-2ubuntu3
2026-08-31 17:23:59 status half-configured libxtables12:amd64 1.8.11-2ubuntu3
2026-08-31 17:23:59 status installed libxtables12:amd64 1.8.11-2ubuntu3
2026-08-31 17:23:59 configure linux-firmware-realtek:all 20260319.git217ca6e4-0ubuntu1.2 <none>
2026-08-31 17:23:59 status unpacked linux-firmware-realtek:all 20260319.git217ca6e4-0ubuntu1.2
2026-08-31 17:23:59 status half-configured linux-firmware-realtek:all 20260319.git217ca6e4-0ubuntu1.2
2026-08-31 17:23:59 status installed linux-firmware-realtek:all 20260319.git217ca6e4-0ubuntu1.2
2026-08-31 17:23:59 configure libltdl7:amd64 2.5.4-9 <none>
2026-08-31 17:23:59 status unpacked libltdl7:amd64 2.5.4-9
2026-08-31 17:23:59 status half-configured libltdl7:amd64 2.5.4-9
2026-08-31 17:23:59 status installed libltdl7:amd64 2.5.4-9
2026-08-31 17:23:59 configure libfftw3-double3:amd64 3.3.10-2fakesync1build3 <none>
2026-08-31 17:23:59 status unpacked libfftw3-double3:amd64 3.3.10-2fakesync1build3
2026-08-31 17:23:59 status half-configured libfftw3-double3:amd64 3.3.10-2fakesync1build3
2026-08-31 17:23:59 status installed libfftw3-double3:amd64 3.3.10-2fakesync1build3
2026-08-31 17:23:59 configure libsasl2-2:amd64 2.1.28+dfsg1-9ubuntu3 <none>
2026-08-31 17:23:59 status unpacked libsasl2-2:amd64 2.1.28+dfsg1-9ubuntu3
2026-08-31 17:23:59 status half-configured libsasl2-2:amd64 2.1.28+dfsg1-9ubuntu3
2026-08-31 17:23:59 status installed libsasl2-2:amd64 2.1.28+dfsg1-9ubuntu3
2026-08-31 17:23:59 configure libgfortran5:amd64 16-20260322-1ubuntu1 <none>
2026-08-31 17:23:59 status unpacked libgfortran5:amd64 16-20260322-1ubuntu1
2026-08-31 17:23:59 status half-configured libgfortran5:amd64 16-20260322-1ubuntu1
2026-08-31 17:23:59 status installed libgfortran5:amd64 16-20260322-1ubuntu1
2026-08-31 17:23:59 configure libvulkan1:amd64 1.4.341.0-1 <none>
2026-08-31 17:23:59 status unpacked libvulkan1:amd64 1.4.341.0-1
2026-08-31 17:23:59 status half-configured libvulkan1:amd64 1.4.341.0-1
2026-08-31 17:23:59 status installed libvulkan1:amd64 1.4.341.0-1
2026-08-31 17:23:59 configure linux-firmware-intel-wireless:all 20260319.git217ca6e4-0ubuntu2.1 <none>
2026-08-31 17:23:59 status unpacked linux-firmware-intel-wireless:all 20260319.git217ca6e4-0ubuntu2.1
2026-08-31 17:23:59 status half-configured linux-firmware-intel-wireless:all 20260319.git217ca6e4-0ubuntu2.1
2026-08-31 17:23:59 status installed linux-firmware-intel-wireless:all 20260319.git217ca6e4-0ubuntu2.1
2026-08-31 17:23:59 configure libwebp7:amd64 1.5.0-0.1build1 <none>
2026-08-31 17:23:59 status unpacked libwebp7:amd64 1.5.0-0.1build1
2026-08-31 17:23:59 status half-configured libwebp7:amd64 1.5.0-0.1build1
2026-08-31 17:23:59 status installed libwebp7:amd64 1.5.0-0.1build1
2026-08-31 17:23:59 configure libfdisk1:amd64 2.41.3-3ubuntu2.2 <none>
2026-08-31 17:23:59 status unpacked libfdisk1:amd64 2.41.3-3ubuntu2.2
2026-08-31 17:23:59 status half-configured libfdisk1:amd64 2.41.3-3ubuntu2.2
2026-08-31 17:23:59 status installed libfdisk1:amd64 2.41.3-3ubuntu2.2
2026-08-31 17:23:59 configure libplacebo360:amd64 7.360.0-3 <none>
2026-08-31 17:23:59 status unpacked libplacebo360:amd64 7.360.0-3
2026-08-31 17:23:59 status half-configured libplacebo360:amd64 7.360.0-3
2026-08-31 17:23:59 status installed libplacebo360:amd64 7.360.0-3
2026-08-31 17:23:59 configure linux-firmware-marvell-prestera:all 20260319.git217ca6e4-0ubuntu1.2 <none>
2026-08-31 17:23:59 status unpacked linux-firmware-marvell-prestera:all 20260319.git217ca6e4-0ubuntu1.2
2026-08-31 17:23:59 status half-configured linux-firmware-marvell-prestera:all 20260319.git217ca6e4-0ubuntu1.2
2026-08-31 17:23:59 status installed linux-firmware-marvell-prestera:all 20260319.git217ca6e4-0ubuntu1.2
2026-08-31 17:23:59 configure libffi8:amd64 3.5.2-4 <none>
2026-08-31 17:23:59 status unpacked libffi8:amd64 3.5.2-4
2026-08-31 17:23:59 status half-configured libffi8:amd64 3.5.2-4
2026-08-31 17:23:59 status installed libffi8:amd64 3.5.2-4
2026-08-31 17:23:59 configure libdevmapper1.02.1:amd64 2:1.02.205-2ubuntu3 <none>
2026-08-31 17:23:59 status unpacked libdevmapper1.02.1:amd64 2:1.02.205-2ubuntu3
2026-08-31 17:23:59 status half-configured libdevmapper1.02.1:amd64 2:1.02.205-2ubuntu3
2026-08-31 17:23:59 status installed libdevmapper1.02.1:amd64 2:1.02.205-2ubuntu3
2026-08-31 17:23:59 configure libnuma1:amd64 2.0.19-1build1 <none>
2026-08-31 17:23:59 status unpacked libnuma1:amd64 2.0.19-1build1
2026-08-31 17:23:59 status half-configured libnuma1:amd64 2.0.19-1build1
2026-08-31 17:23:59 status installed libnuma1:amd64 2.0.19-1build1
2026-08-31 17:23:59 configure libvidstab1.1:amd64 1.1.0-2.1 <none>
2026-08-31 17:23:59 status unpacked libvidstab1.1:amd64 1.1.0-2.1
2026-08-31 17:23:59 status half-configured libvidstab1.1:amd64 1.1.0-2.1
2026-08-31 17:23:59 status installed libvidstab1.1:amd64 1.1.0-2.1
2026-08-31 17:23:59 configure libplist-2.0-4:amd64 2.7.0+git20250820-1build1 <none>
2026-08-31 17:23:59 status unpacked libplist-2.0-4:amd64 2.7.0+git20250820-1build1
2026-08-31 17:23:59 status half-configured libplist-2.0-4:amd64 2.7.0+git20250820-1build1
2026-08-31 17:23:59 status installed libplist-2.0-4:amd64 2.7.0+git20250820-1build1
2026-08-31 17:23:59 configure python-apt-common:all 3.1.0ubuntu1.1 <none>
2026-08-31 17:23:59 status unpacked python-apt-common:all 3.1.0ubuntu1.1
2026-08-31 17:23:59 status half-configured python-apt-common:all 3.1.0ubuntu1.1
2026-08-31 17:23:59 status installed python-apt-common:all 3.1.0ubuntu1.1
2026-08-31 17:23:59 configure libxcb-composite0:amd64 1.17.0-2ubuntu1 <none>
2026-08-31 17:23:59 status unpacked libxcb-composite0:amd64 1.17.0-2ubuntu1
2026-08-31 17:23:59 status half-configured libxcb-composite0:amd64 1.17.0-2ubuntu1
2026-08-31 17:23:59 status installed libxcb-composite0:amd64 1.17.0-2ubuntu1
2026-08-31 17:23:59 configure libflite1:amd64 2.2-7build1 <none>
2026-08-31 17:23:59 status unpacked libflite1:amd64 2.2-7build1
2026-08-31 17:23:59 status half-configured libflite1:amd64 2.2-7build1
2026-08-31 17:23:59 status installed libflite1:amd64 2.2-7build1
2026-08-31 17:23:59 configure libdav1d7:amd64 1.5.3-1 <none>
2026-08-31 17:23:59 status unpacked libdav1d7:amd64 1.5.3-1
2026-08-31 17:23:59 status half-configured libdav1d7:amd64 1.5.3-1
2026-08-31 17:23:59 status installed libdav1d7:amd64 1.5.3-1
2026-08-31 17:23:59 configure libhogweed6t64:amd64 3.10.2-1 <none>
2026-08-31 17:23:59 status unpacked libhogweed6t64:amd64 3.10.2-1
2026-08-31 17:23:59 status half-configured libhogweed6t64:amd64 3.10.2-1
2026-08-31 17:23:59 status installed libhogweed6t64:amd64 3.10.2-1
2026-08-31 17:23:59 configure libmtdev1t64:amd64 1.1.7-1build1 <none>
2026-08-31 17:23:59 status unpacked libmtdev1t64:amd64 1.1.7-1build1
2026-08-31 17:23:59 status half-configured libmtdev1t64:amd64 1.1.7-1build1
2026-08-31 17:23:59 status installed libmtdev1t64:amd64 1.1.7-1build1
2026-08-31 17:23:59 configure dmsetup:amd64 2:1.02.205-2ubuntu3 <none>
2026-08-31 17:23:59 status unpacked dmsetup:amd64 2:1.02.205-2ubuntu3
2026-08-31 17:23:59 status half-configured dmsetup:amd64 2:1.02.205-2ubuntu3
2026-08-31 17:23:59 status installed dmsetup:amd64 2:1.02.205-2ubuntu3
2026-08-31 17:23:59 configure sound-theme-freedesktop:all 0.8-7build1 <none>
2026-08-31 17:23:59 status unpacked sound-theme-freedesktop:all 0.8-7build1
2026-08-31 17:23:59 status half-configured sound-theme-freedesktop:all 0.8-7build1
2026-08-31 17:23:59 status installed sound-theme-freedesktop:all 0.8-7build1
2026-08-31 17:23:59 configure linux-firmware-qualcomm-misc:all 20260319.git217ca6e4-0ubuntu2.1 <none>
2026-08-31 17:23:59 status unpacked linux-firmware-qualcomm-misc:all 20260319.git217ca6e4-0ubuntu2.1
2026-08-31 17:23:59 status half-configured linux-firmware-qualcomm-misc:all 20260319.git217ca6e4-0ubuntu2.1
2026-08-31 17:23:59 status installed linux-firmware-qualcomm-misc:all 20260319.git217ca6e4-0ubuntu2.1
2026-08-31 17:23:59 configure libminizip1t64:amd64 1:1.3.dfsg+really1.3.1-1ubuntu3.1 <none>
2026-08-31 17:23:59 status unpacked libminizip1t64:amd64 1:1.3.dfsg+really1.3.1-1ubuntu3.1
2026-08-31 17:23:59 status half-configured libminizip1t64:amd64 1:1.3.dfsg+really1.3.1-1ubuntu3.1
2026-08-31 17:23:59 status installed libminizip1t64:amd64 1:1.3.dfsg+really1.3.1-1ubuntu3.1
2026-08-31 17:23:59 configure ocl-icd-libopencl1:amd64 2.3.4-1 <none>
2026-08-31 17:23:59 status unpacked ocl-icd-libopencl1:amd64 2.3.4-1
2026-08-31 17:23:59 status half-configured ocl-icd-libopencl1:amd64 2.3.4-1
2026-08-31 17:23:59 status installed ocl-icd-libopencl1:amd64 2.3.4-1
2026-08-31 17:23:59 configure libduktape207:amd64 2.7.0+tests-0ubuntu4 <none>
2026-08-31 17:23:59 status unpacked libduktape207:amd64 2.7.0+tests-0ubuntu4
2026-08-31 17:23:59 status half-configured libduktape207:amd64 2.7.0+tests-0ubuntu4
2026-08-31 17:23:59 status installed libduktape207:amd64 2.7.0+tests-0ubuntu4
2026-08-31 17:23:59 configure uuid-runtime:amd64 2.41.3-3ubuntu2.2 <none>
2026-08-31 17:23:59 status unpacked uuid-runtime:amd64 2.41.3-3ubuntu2.2
2026-08-31 17:23:59 status half-configured uuid-runtime:amd64 2.41.3-3ubuntu2.2
2026-08-31 17:24:00 status installed uuid-runtime:amd64 2.41.3-3ubuntu2.2
2026-08-31 17:24:00 configure libasyncns0:amd64 0.8-7 <none>
2026-08-31 17:24:00 status unpacked libasyncns0:amd64 0.8-7
2026-08-31 17:24:00 status half-configured libasyncns0:amd64 0.8-7
2026-08-31 17:24:00 status installed libasyncns0:amd64 0.8-7
2026-08-31 17:24:00 configure dolphin-data:all 4:25.12.3-0ubuntu1 <none>
2026-08-31 17:24:00 status unpacked dolphin-data:all 4:25.12.3-0ubuntu1
2026-08-31 17:24:00 status half-configured dolphin-data:all 4:25.12.3-0ubuntu1
2026-08-31 17:24:00 status installed dolphin-data:all 4:25.12.3-0ubuntu1
2026-08-31 17:24:00 configure libxshmfence1:amd64 1.3.3-1build1 <none>
2026-08-31 17:24:00 status unpacked libxshmfence1:amd64 1.3.3-1build1
2026-08-31 17:24:00 status half-configured libxshmfence1:amd64 1.3.3-1build1
2026-08-31 17:24:00 status installed libxshmfence1:amd64 1.3.3-1build1
2026-08-31 17:24:00 configure libbluetooth3:amd64 5.85-4ubuntu0.1 <none>
2026-08-31 17:24:00 status unpacked libbluetooth3:amd64 5.85-4ubuntu0.1
2026-08-31 17:24:00 status half-configured libbluetooth3:amd64 5.85-4ubuntu0.1
2026-08-31 17:24:00 status installed libbluetooth3:amd64 5.85-4ubuntu0.1
2026-08-31 17:24:00 configure libxdgutilsdesktopentry1.0.1:amd64 1.0.1-3.2 <none>
2026-08-31 17:24:00 status unpacked libxdgutilsdesktopentry1.0.1:amd64 1.0.1-3.2
2026-08-31 17:24:00 status half-configured libxdgutilsdesktopentry1.0.1:amd64 1.0.1-3.2
2026-08-31 17:24:00 status installed libxdgutilsdesktopentry1.0.1:amd64 1.0.1-3.2
2026-08-31 17:24:00 configure libwavpack1:amd64 5.9.0-1 <none>
2026-08-31 17:24:00 status unpacked libwavpack1:amd64 5.9.0-1
2026-08-31 17:24:00 status half-configured libwavpack1:amd64 5.9.0-1
2026-08-31 17:24:00 status installed libwavpack1:amd64 5.9.0-1
2026-08-31 17:24:00 configure linux-firmware-marvell-wireless:all 20260319.git217ca6e4-0ubuntu1.1 <none>
2026-08-31 17:24:00 status unpacked linux-firmware-marvell-wireless:all 20260319.git217ca6e4-0ubuntu1.1
2026-08-31 17:24:00 status half-configured linux-firmware-marvell-wireless:all 20260319.git217ca6e4-0ubuntu1.1
2026-08-31 17:24:00 status installed linux-firmware-marvell-wireless:all 20260319.git217ca6e4-0ubuntu1.1
2026-08-31 17:24:00 configure libbs2b0:amd64 3.1.0+dfsg-8build1 <none>
2026-08-31 17:24:00 status unpacked libbs2b0:amd64 3.1.0+dfsg-8build1
2026-08-31 17:24:00 status half-configured libbs2b0:amd64 3.1.0+dfsg-8build1
2026-08-31 17:24:00 status installed libbs2b0:amd64 3.1.0+dfsg-8build1
2026-08-31 17:24:00 configure libxcb-randr0:amd64 1.17.0-2ubuntu1 <none>
2026-08-31 17:24:00 status unpacked libxcb-randr0:amd64 1.17.0-2ubuntu1
2026-08-31 17:24:00 status half-configured libxcb-randr0:amd64 1.17.0-2ubuntu1
2026-08-31 17:24:00 status installed libxcb-randr0:amd64 1.17.0-2ubuntu1
2026-08-31 17:24:00 configure dbus-session-bus-common:all 1.16.2-2ubuntu4 <none>
2026-08-31 17:24:00 status unpacked dbus-session-bus-common:all 1.16.2-2ubuntu4
2026-08-31 17:24:00 status half-configured dbus-session-bus-common:all 1.16.2-2ubuntu4
2026-08-31 17:24:00 status installed dbus-session-bus-common:all 1.16.2-2ubuntu4
2026-08-31 17:24:00 configure linux-firmware-netronome:all 20260319.git217ca6e4-0ubuntu1.1 <none>
2026-08-31 17:24:00 status unpacked linux-firmware-netronome:all 20260319.git217ca6e4-0ubuntu1.1
2026-08-31 17:24:00 status half-configured linux-firmware-netronome:all 20260319.git217ca6e4-0ubuntu1.1
2026-08-31 17:24:00 status installed linux-firmware-netronome:all 20260319.git217ca6e4-0ubuntu1.1
2026-08-31 17:24:00 configure libassuan9:amd64 3.0.2-2build1 <none>
2026-08-31 17:24:00 status unpacked libassuan9:amd64 3.0.2-2build1
2026-08-31 17:24:00 status half-configured libassuan9:amd64 3.0.2-2build1
2026-08-31 17:24:00 status installed libassuan9:amd64 3.0.2-2build1
2026-08-31 17:24:00 configure libtss2-tcti-mssim0t64:amd64 4.1.3-6 <none>
2026-08-31 17:24:00 status unpacked libtss2-tcti-mssim0t64:amd64 4.1.3-6
2026-08-31 17:24:00 status half-configured libtss2-tcti-mssim0t64:amd64 4.1.3-6
2026-08-31 17:24:00 status installed libtss2-tcti-mssim0t64:amd64 4.1.3-6
2026-08-31 17:24:00 configure libspeexdsp1:amd64 1.2.1-3build1 <none>
2026-08-31 17:24:00 status unpacked libspeexdsp1:amd64 1.2.1-3build1
2026-08-31 17:24:00 status half-configured libspeexdsp1:amd64 1.2.1-3build1
2026-08-31 17:24:00 status installed libspeexdsp1:amd64 1.2.1-3build1
2026-08-31 17:24:00 configure linux-firmware-mediatek:all 20260319.git217ca6e4-0ubuntu1.2 <none>
2026-08-31 17:24:00 status unpacked linux-firmware-mediatek:all 20260319.git217ca6e4-0ubuntu1.2
2026-08-31 17:24:00 status half-configured linux-firmware-mediatek:all 20260319.git217ca6e4-0ubuntu1.2
2026-08-31 17:24:00 status installed linux-firmware-mediatek:all 20260319.git217ca6e4-0ubuntu1.2
2026-08-31 17:24:00 configure libxslt1.1:amd64 1.1.45-0.1 <none>
2026-08-31 17:24:00 status unpacked libxslt1.1:amd64 1.1.45-0.1
2026-08-31 17:24:00 status half-configured libxslt1.1:amd64 1.1.45-0.1
2026-08-31 17:24:00 status installed libxslt1.1:amd64 1.1.45-0.1
2026-08-31 17:24:00 configure libkf6jobwidgets-data:all 6.24.0-0ubuntu1 <none>
2026-08-31 17:24:00 status unpacked libkf6jobwidgets-data:all 6.24.0-0ubuntu1
2026-08-31 17:24:00 status half-configured libkf6jobwidgets-data:all 6.24.0-0ubuntu1
2026-08-31 17:24:00 status installed libkf6jobwidgets-data:all 6.24.0-0ubuntu1
2026-08-31 17:24:00 configure sse3-support:amd64 27ubuntu2 <none>
2026-08-31 17:24:00 status unpacked sse3-support:amd64 27ubuntu2
2026-08-31 17:24:00 status half-configured sse3-support:amd64 27ubuntu2
2026-08-31 17:24:00 status installed sse3-support:amd64 27ubuntu2
2026-08-31 17:24:00 configure libxcvt0:amd64 0.1.3-1build1 <none>
2026-08-31 17:24:00 status unpacked libxcvt0:amd64 0.1.3-1build1
2026-08-31 17:24:00 status half-configured libxcvt0:amd64 0.1.3-1build1
2026-08-31 17:24:00 status installed libxcvt0:amd64 0.1.3-1build1
2026-08-31 17:24:00 configure libtasn1-6:amd64 4.21.0-2 <none>
2026-08-31 17:24:00 status unpacked libtasn1-6:amd64 4.21.0-2
2026-08-31 17:24:00 status half-configured libtasn1-6:amd64 4.21.0-2
2026-08-31 17:24:00 status installed libtasn1-6:amd64 4.21.0-2
2026-08-31 17:24:00 configure libmd4c0:amd64 0.5.2-2build1 <none>
2026-08-31 17:24:00 status unpacked libmd4c0:amd64 0.5.2-2build1
2026-08-31 17:24:00 status half-configured libmd4c0:amd64 0.5.2-2build1
2026-08-31 17:24:00 status installed libmd4c0:amd64 0.5.2-2build1
2026-08-31 17:24:00 configure libzimg2:amd64 3.0.6+ds1-1 <none>
2026-08-31 17:24:00 status unpacked libzimg2:amd64 3.0.6+ds1-1
2026-08-31 17:24:00 status half-configured libzimg2:amd64 3.0.6+ds1-1
2026-08-31 17:24:00 status installed libzimg2:amd64 3.0.6+ds1-1
2026-08-31 17:24:00 configure liblua5.4-0:amd64 5.4.8-1build1 <none>
2026-08-31 17:24:00 status unpacked liblua5.4-0:amd64 5.4.8-1build1
2026-08-31 17:24:00 status half-configured liblua5.4-0:amd64 5.4.8-1build1
2026-08-31 17:24:00 status installed liblua5.4-0:amd64 5.4.8-1build1
2026-08-31 17:24:00 configure libopenjp2-7:amd64 2.5.4-1ubuntu0.1 <none>
2026-08-31 17:24:00 status unpacked libopenjp2-7:amd64 2.5.4-1ubuntu0.1
2026-08-31 17:24:00 status half-configured libopenjp2-7:amd64 2.5.4-1ubuntu0.1
2026-08-31 17:24:00 status installed libopenjp2-7:amd64 2.5.4-1ubuntu0.1
2026-08-31 17:24:00 configure libx11-6:amd64 2:1.8.13-1 <none>
2026-08-31 17:24:00 status unpacked libx11-6:amd64 2:1.8.13-1
2026-08-31 17:24:00 status half-configured libx11-6:amd64 2:1.8.13-1
2026-08-31 17:24:00 status installed libx11-6:amd64 2:1.8.13-1
2026-08-31 17:24:00 configure libthai-data:all 0.1.30-1 <none>
2026-08-31 17:24:00 status unpacked libthai-data:all 0.1.30-1
2026-08-31 17:24:00 status half-configured libthai-data:all 0.1.30-1
2026-08-31 17:24:00 status installed libthai-data:all 0.1.30-1
2026-08-31 17:24:00 configure netbase:all 6.5build1 <none>
2026-08-31 17:24:00 status unpacked netbase:all 6.5build1
2026-08-31 17:24:00 status half-configured netbase:all 6.5build1
2026-08-31 17:24:00 status installed netbase:all 6.5build1
2026-08-31 17:24:00 configure libjson-glib-1.0-common:all 1.10.8+ds-2 <none>
2026-08-31 17:24:00 status unpacked libjson-glib-1.0-common:all 1.10.8+ds-2
2026-08-31 17:24:00 status half-configured libjson-glib-1.0-common:all 1.10.8+ds-2
2026-08-31 17:24:00 status installed libjson-glib-1.0-common:all 1.10.8+ds-2
2026-08-31 17:24:00 configure libkf6iconthemes-data:all 6.24.0-0ubuntu2 <none>
2026-08-31 17:24:00 status unpacked libkf6iconthemes-data:all 6.24.0-0ubuntu2
2026-08-31 17:24:00 status half-configured libkf6iconthemes-data:all 6.24.0-0ubuntu2
2026-08-31 17:24:00 status installed libkf6iconthemes-data:all 6.24.0-0ubuntu2
2026-08-31 17:24:00 configure libkrb5-3:amd64 1.22.1-2ubuntu4.1 <none>
2026-08-31 17:24:00 status unpacked libkrb5-3:amd64 1.22.1-2ubuntu4.1
2026-08-31 17:24:00 status half-configured libkrb5-3:amd64 1.22.1-2ubuntu4.1
2026-08-31 17:24:00 status installed libkrb5-3:amd64 1.22.1-2ubuntu4.1
2026-08-31 17:24:00 configure libtss2-tcti-cmd0t64:amd64 4.1.3-6 <none>
2026-08-31 17:24:00 status unpacked libtss2-tcti-cmd0t64:amd64 4.1.3-6
2026-08-31 17:24:00 status half-configured libtss2-tcti-cmd0t64:amd64 4.1.3-6
2026-08-31 17:24:00 status installed libtss2-tcti-cmd0t64:amd64 4.1.3-6
2026-08-31 17:24:00 configure libunibreak6:amd64 6.1-3build1 <none>
2026-08-31 17:24:00 status unpacked libunibreak6:amd64 6.1-3build1
2026-08-31 17:24:00 status half-configured libunibreak6:amd64 6.1-3build1
2026-08-31 17:24:00 status installed libunibreak6:amd64 6.1-3build1
2026-08-31 17:24:00 configure libwayland-egl1:amd64 1.24.0-2 <none>
2026-08-31 17:24:00 status unpacked libwayland-egl1:amd64 1.24.0-2
2026-08-31 17:24:00 status half-configured libwayland-egl1:amd64 1.24.0-2
2026-08-31 17:24:00 status installed libwayland-egl1:amd64 1.24.0-2
2026-08-31 17:24:00 configure libusb-1.0-0:amd64 2:1.0.29-2build1 <none>
2026-08-31 17:24:00 status unpacked libusb-1.0-0:amd64 2:1.0.29-2build1
2026-08-31 17:24:00 status half-configured libusb-1.0-0:amd64 2:1.0.29-2build1
2026-08-31 17:24:00 status installed libusb-1.0-0:amd64 2:1.0.29-2build1
2026-08-31 17:24:00 configure libkf6dbusaddons-data:all 6.24.0-0ubuntu1 <none>
2026-08-31 17:24:00 status unpacked libkf6dbusaddons-data:all 6.24.0-0ubuntu1
2026-08-31 17:24:00 status half-configured libkf6dbusaddons-data:all 6.24.0-0ubuntu1
2026-08-31 17:24:00 status installed libkf6dbusaddons-data:all 6.24.0-0ubuntu1
2026-08-31 17:24:00 configure libmbedcrypto16:amd64 3.6.5-0.1ubuntu2 <none>
2026-08-31 17:24:00 status unpacked libmbedcrypto16:amd64 3.6.5-0.1ubuntu2
2026-08-31 17:24:00 status half-configured libmbedcrypto16:amd64 3.6.5-0.1ubuntu2
2026-08-31 17:24:00 status installed libmbedcrypto16:amd64 3.6.5-0.1ubuntu2
2026-08-31 17:24:00 configure libxkbfile1:amd64 1:1.1.0-1build5 <none>
2026-08-31 17:24:00 status unpacked libxkbfile1:amd64 1:1.1.0-1build5
2026-08-31 17:24:00 status half-configured libxkbfile1:amd64 1:1.1.0-1build5
2026-08-31 17:24:00 status installed libxkbfile1:amd64 1:1.1.0-1build5
2026-08-31 17:24:00 configure libkpipewire-data:all 6.6.4-0ubuntu1 <none>
2026-08-31 17:24:00 status unpacked libkpipewire-data:all 6.6.4-0ubuntu1
2026-08-31 17:24:00 status half-configured libkpipewire-data:all 6.6.4-0ubuntu1
2026-08-31 17:24:00 status installed libkpipewire-data:all 6.6.4-0ubuntu1
2026-08-31 17:24:00 configure libssh2-1t64:amd64 1.11.1-1ubuntu0.26.04.3 <none>
2026-08-31 17:24:00 status unpacked libssh2-1t64:amd64 1.11.1-1ubuntu0.26.04.3
2026-08-31 17:24:00 status half-configured libssh2-1t64:amd64 1.11.1-1ubuntu0.26.04.3
2026-08-31 17:24:00 status installed libssh2-1t64:amd64 1.11.1-1ubuntu0.26.04.3
2026-08-31 17:24:00 configure libboost-filesystem1.90.0:amd64 1.90.0-6ubuntu1 <none>
2026-08-31 17:24:00 status unpacked libboost-filesystem1.90.0:amd64 1.90.0-6ubuntu1
2026-08-31 17:24:00 status half-configured libboost-filesystem1.90.0:amd64 1.90.0-6ubuntu1
2026-08-31 17:24:00 status installed libboost-filesystem1.90.0:amd64 1.90.0-6ubuntu1
2026-08-31 17:24:00 configure user-setup:all 1.107ubuntu2 <none>
2026-08-31 17:24:00 status unpacked user-setup:all 1.107ubuntu2
2026-08-31 17:24:00 status half-configured user-setup:all 1.107ubuntu2
2026-08-31 17:24:00 status installed user-setup:all 1.107ubuntu2
2026-08-31 17:24:00 configure libndp0:amd64 1.9-1build1 <none>
2026-08-31 17:24:00 status unpacked libndp0:amd64 1.9-1build1
2026-08-31 17:24:00 status half-configured libndp0:amd64 1.9-1build1
2026-08-31 17:24:00 status installed libndp0:amd64 1.9-1build1
2026-08-31 17:24:00 configure kde-cli-tools-data:all 4:6.6.4-0ubuntu1 <none>
2026-08-31 17:24:00 status unpacked kde-cli-tools-data:all 4:6.6.4-0ubuntu1
2026-08-31 17:24:00 status half-configured kde-cli-tools-data:all 4:6.6.4-0ubuntu1
2026-08-31 17:24:00 status installed kde-cli-tools-data:all 4:6.6.4-0ubuntu1
2026-08-31 17:24:00 configure libfuse3-4:amd64 3.18.2-1 <none>
2026-08-31 17:24:00 status unpacked libfuse3-4:amd64 3.18.2-1
2026-08-31 17:24:00 status half-configured libfuse3-4:amd64 3.18.2-1
2026-08-31 17:24:00 status installed libfuse3-4:amd64 3.18.2-1
2026-08-31 17:24:00 configure glib-networking-common:all 2.80.1-1build2 <none>
2026-08-31 17:24:00 status unpacked glib-networking-common:all 2.80.1-1build2
2026-08-31 17:24:00 status half-configured glib-networking-common:all 2.80.1-1build2
2026-08-31 17:24:00 status installed glib-networking-common:all 2.80.1-1build2
2026-08-31 17:24:00 configure lsb-release:all 12.1-2build1 <none>
2026-08-31 17:24:00 status unpacked lsb-release:all 12.1-2build1
2026-08-31 17:24:00 status half-configured lsb-release:all 12.1-2build1
2026-08-31 17:24:00 status installed lsb-release:all 12.1-2build1
2026-08-31 17:24:00 configure dbus-system-bus-common:all 1.16.2-2ubuntu4 <none>
2026-08-31 17:24:00 status unpacked dbus-system-bus-common:all 1.16.2-2ubuntu4
2026-08-31 17:24:00 status half-configured dbus-system-bus-common:all 1.16.2-2ubuntu4
2026-08-31 17:24:00 status installed dbus-system-bus-common:all 1.16.2-2ubuntu4
2026-08-31 17:24:00 configure libkf6package-data:all 6.24.0-0ubuntu1 <none>
2026-08-31 17:24:00 status unpacked libkf6package-data:all 6.24.0-0ubuntu1
2026-08-31 17:24:00 status half-configured libkf6package-data:all 6.24.0-0ubuntu1
2026-08-31 17:24:00 status installed libkf6package-data:all 6.24.0-0ubuntu1
2026-08-31 17:24:00 configure libkf6xmlgui-data:all 6.24.0-0ubuntu1 <none>
2026-08-31 17:24:00 status unpacked libkf6xmlgui-data:all 6.24.0-0ubuntu1
2026-08-31 17:24:00 status half-configured libkf6xmlgui-data:all 6.24.0-0ubuntu1
2026-08-31 17:24:00 status installed libkf6xmlgui-data:all 6.24.0-0ubuntu1
2026-08-31 17:24:00 configure libx265-215:amd64 4.1-4 <none>
2026-08-31 17:24:00 status unpacked libx265-215:amd64 4.1-4
2026-08-31 17:24:00 status half-configured libx265-215:amd64 4.1-4
2026-08-31 17:24:00 status installed libx265-215:amd64 4.1-4
2026-08-31 17:24:00 configure libtss2-tcti-swtpm0t64:amd64 4.1.3-6 <none>
2026-08-31 17:24:00 status unpacked libtss2-tcti-swtpm0t64:amd64 4.1.3-6
2026-08-31 17:24:00 status half-configured libtss2-tcti-swtpm0t64:amd64 4.1.3-6
2026-08-31 17:24:00 status installed libtss2-tcti-swtpm0t64:amd64 4.1.3-6
2026-08-31 17:24:00 configure klibc-utils:amd64 2.0.14-1ubuntu2 <none>
2026-08-31 17:24:00 status unpacked klibc-utils:amd64 2.0.14-1ubuntu2
2026-08-31 17:24:00 status half-configured klibc-utils:amd64 2.0.14-1ubuntu2
2026-08-31 17:24:00 status installed klibc-utils:amd64 2.0.14-1ubuntu2
2026-08-31 17:24:00 configure libsamplerate0:amd64 0.2.2-4build2 <none>
2026-08-31 17:24:00 status unpacked libsamplerate0:amd64 0.2.2-4build2
2026-08-31 17:24:00 status half-configured libsamplerate0:amd64 0.2.2-4build2
2026-08-31 17:24:00 status installed libsamplerate0:amd64 0.2.2-4build2
2026-08-31 17:24:00 configure openssl:amd64 3.5.5-1ubuntu3.5 <none>
2026-08-31 17:24:00 status unpacked openssl:amd64 3.5.5-1ubuntu3.5
2026-08-31 17:24:00 status half-configured openssl:amd64 3.5.5-1ubuntu3.5
2026-08-31 17:24:00 status installed openssl:amd64 3.5.5-1ubuntu3.5
2026-08-31 17:24:00 configure libwebpmux3:amd64 1.5.0-0.1build1 <none>
2026-08-31 17:24:00 status unpacked libwebpmux3:amd64 1.5.0-0.1build1
2026-08-31 17:24:00 status half-configured libwebpmux3:amd64 1.5.0-0.1build1
2026-08-31 17:24:00 status installed libwebpmux3:amd64 1.5.0-0.1build1
2026-08-31 17:24:00 configure libkf6service-data:all 6.24.0-0ubuntu1 <none>
2026-08-31 17:24:00 status unpacked libkf6service-data:all 6.24.0-0ubuntu1
2026-08-31 17:24:00 status half-configured libkf6service-data:all 6.24.0-0ubuntu1
2026-08-31 17:24:00 status installed libkf6service-data:all 6.24.0-0ubuntu1
2026-08-31 17:24:00 configure libkf6qqc2desktopstyle-data:all 6.24.0-0ubuntu1 <none>
2026-08-31 17:24:00 status unpacked libkf6qqc2desktopstyle-data:all 6.24.0-0ubuntu1
2026-08-31 17:24:00 status half-configured libkf6qqc2desktopstyle-data:all 6.24.0-0ubuntu1
2026-08-31 17:24:00 status installed libkf6qqc2desktopstyle-data:all 6.24.0-0ubuntu1
2026-08-31 17:24:00 configure linux-firmware-misc:all 20260319.git217ca6e4-0ubuntu2.2 <none>
2026-08-31 17:24:00 status unpacked linux-firmware-misc:all 20260319.git217ca6e4-0ubuntu2.2
2026-08-31 17:24:00 status half-configured linux-firmware-misc:all 20260319.git217ca6e4-0ubuntu2.2
2026-08-31 17:24:00 status installed linux-firmware-misc:all 20260319.git217ca6e4-0ubuntu2.2
2026-08-31 17:24:00 configure libkf6bluezqt-data:all 6.24.0-0ubuntu1 <none>
2026-08-31 17:24:00 status unpacked libkf6bluezqt-data:all 6.24.0-0ubuntu1
2026-08-31 17:24:00 status half-configured libkf6bluezqt-data:all 6.24.0-0ubuntu1
2026-08-31 17:24:00 status installed libkf6bluezqt-data:all 6.24.0-0ubuntu1
2026-08-31 17:24:00 configure libdrm-common:all 2.4.131-1 <none>
2026-08-31 17:24:00 status unpacked libdrm-common:all 2.4.131-1
2026-08-31 17:24:00 status half-configured libdrm-common:all 2.4.131-1
2026-08-31 17:24:00 status installed libdrm-common:all 2.4.131-1
2026-08-31 17:24:00 configure libepub0:amd64 0.2.2-8 <none>
2026-08-31 17:24:00 status unpacked libepub0:amd64 0.2.2-8
2026-08-31 17:24:00 status half-configured libepub0:amd64 0.2.2-8
2026-08-31 17:24:00 status installed libepub0:amd64 0.2.2-8
2026-08-31 17:24:00 configure libxcomposite1:amd64 1:0.4.6-1build1 <none>
2026-08-31 17:24:00 status unpacked libxcomposite1:amd64 1:0.4.6-1build1
2026-08-31 17:24:00 status half-configured libxcomposite1:amd64 1:0.4.6-1build1
2026-08-31 17:24:00 status installed libxcomposite1:amd64 1:0.4.6-1build1
2026-08-31 17:24:00 configure libarchive13t64:amd64 3.8.5-1ubuntu2.2 <none>
2026-08-31 17:24:00 status unpacked libarchive13t64:amd64 3.8.5-1ubuntu2.2
2026-08-31 17:24:00 status half-configured libarchive13t64:amd64 3.8.5-1ubuntu2.2
2026-08-31 17:24:00 status installed libarchive13t64:amd64 3.8.5-1ubuntu2.2
2026-08-31 17:24:00 configure libjxl0.11:amd64 0.11.1-6ubuntu4.2 <none>
2026-08-31 17:24:00 status unpacked libjxl0.11:amd64 0.11.1-6ubuntu4.2
2026-08-31 17:24:00 status half-configured libjxl0.11:amd64 0.11.1-6ubuntu4.2
2026-08-31 17:24:00 status installed libjxl0.11:amd64 0.11.1-6ubuntu4.2
2026-08-31 17:24:00 configure libjson-c5:amd64 0.18+ds-3 <none>
2026-08-31 17:24:00 status unpacked libjson-c5:amd64 0.18+ds-3
2026-08-31 17:24:00 status half-configured libjson-c5:amd64 0.18+ds-3
2026-08-31 17:24:00 status installed libjson-c5:amd64 0.18+ds-3
2026-08-31 17:24:00 configure libevdev2:amd64 1.13.6+dfsg-1 <none>
2026-08-31 17:24:00 status unpacked libevdev2:amd64 1.13.6+dfsg-1
2026-08-31 17:24:00 status half-configured libevdev2:amd64 1.13.6+dfsg-1
2026-08-31 17:24:00 status installed libevdev2:amd64 1.13.6+dfsg-1
2026-08-31 17:24:00 configure readline-common:all 8.3-4 <none>
2026-08-31 17:24:00 status unpacked readline-common:all 8.3-4
2026-08-31 17:24:00 status half-configured readline-common:all 8.3-4
2026-08-31 17:24:00 status installed readline-common:all 8.3-4
2026-08-31 17:24:00 configure libxmlsec1-1:amd64 1.3.9-1 <none>
2026-08-31 17:24:00 status unpacked libxmlsec1-1:amd64 1.3.9-1
2026-08-31 17:24:00 status half-configured libxmlsec1-1:amd64 1.3.9-1
2026-08-31 17:24:00 status installed libxmlsec1-1:amd64 1.3.9-1
2026-08-31 17:24:00 configure libldap2:amd64 2.6.10+dfsg-1ubuntu5 <none>
2026-08-31 17:24:00 status unpacked libldap2:amd64 2.6.10+dfsg-1ubuntu5
2026-08-31 17:24:00 status half-configured libldap2:amd64 2.6.10+dfsg-1ubuntu5
2026-08-31 17:24:00 status installed libldap2:amd64 2.6.10+dfsg-1ubuntu5
2026-08-31 17:24:00 configure linux-firmware-qualcomm-graphics:all 20260319.git217ca6e4-0ubuntu1.1 <none>
2026-08-31 17:24:00 status unpacked linux-firmware-qualcomm-graphics:all 20260319.git217ca6e4-0ubuntu1.1
2026-08-31 17:24:00 status half-configured linux-firmware-qualcomm-graphics:all 20260319.git217ca6e4-0ubuntu1.1
2026-08-31 17:24:00 status installed linux-firmware-qualcomm-graphics:all 20260319.git217ca6e4-0ubuntu1.1
2026-08-31 17:24:00 configure iso-codes:all 4.20.1-1 <none>
2026-08-31 17:24:00 status unpacked iso-codes:all 4.20.1-1
2026-08-31 17:24:00 status half-configured iso-codes:all 4.20.1-1
2026-08-31 17:24:00 status installed iso-codes:all 4.20.1-1
2026-08-31 17:24:00 configure dbus-bin:amd64 1.16.2-2ubuntu4 <none>
2026-08-31 17:24:00 status unpacked dbus-bin:amd64 1.16.2-2ubuntu4
2026-08-31 17:24:00 status half-configured dbus-bin:amd64 1.16.2-2ubuntu4
2026-08-31 17:24:00 status installed dbus-bin:amd64 1.16.2-2ubuntu4
2026-08-31 17:24:00 configure liblocale-gettext-perl:amd64 1.07-8 <none>
2026-08-31 17:24:00 status unpacked liblocale-gettext-perl:amd64 1.07-8
2026-08-31 17:24:00 status half-configured liblocale-gettext-perl:amd64 1.07-8
2026-08-31 17:24:00 status installed liblocale-gettext-perl:amd64 1.07-8
2026-08-31 17:24:00 configure libzvbi-common:all 0.2.44-1ubuntu2 <none>
2026-08-31 17:24:00 status unpacked libzvbi-common:all 0.2.44-1ubuntu2
2026-08-31 17:24:00 status half-configured libzvbi-common:all 0.2.44-1ubuntu2
2026-08-31 17:24:00 status installed libzvbi-common:all 0.2.44-1ubuntu2
2026-08-31 17:24:00 configure libbpf1:amd64 1:1.6.3-1ubuntu1 <none>
2026-08-31 17:24:00 status unpacked libbpf1:amd64 1:1.6.3-1ubuntu1
2026-08-31 17:24:00 status half-configured libbpf1:amd64 1:1.6.3-1ubuntu1
2026-08-31 17:24:00 status installed libbpf1:amd64 1:1.6.3-1ubuntu1
2026-08-31 17:24:00 configure libsecret-common:all 0.21.7-2build1 <none>
2026-08-31 17:24:00 status unpacked libsecret-common:all 0.21.7-2build1
2026-08-31 17:24:00 status half-configured libsecret-common:all 0.21.7-2build1
2026-08-31 17:24:00 status installed libsecret-common:all 0.21.7-2build1
2026-08-31 17:24:00 configure libmp3lame0:amd64 3.101~svn6525+dfsg-2 <none>
2026-08-31 17:24:00 status unpacked libmp3lame0:amd64 3.101~svn6525+dfsg-2
2026-08-31 17:24:00 status half-configured libmp3lame0:amd64 3.101~svn6525+dfsg-2
2026-08-31 17:24:00 status installed libmp3lame0:amd64 3.101~svn6525+dfsg-2
2026-08-31 17:24:00 configure libvorbisenc2:amd64 1.3.7-3build2 <none>
2026-08-31 17:24:00 status unpacked libvorbisenc2:amd64 1.3.7-3build2
2026-08-31 17:24:00 status half-configured libvorbisenc2:amd64 1.3.7-3build2
2026-08-31 17:24:00 status installed libvorbisenc2:amd64 1.3.7-3build2
2026-08-31 17:24:00 configure libplasmaactivities-data:all 6.6.4-0ubuntu1 <none>
2026-08-31 17:24:00 status unpacked libplasmaactivities-data:all 6.6.4-0ubuntu1
2026-08-31 17:24:00 status half-configured libplasmaactivities-data:all 6.6.4-0ubuntu1
2026-08-31 17:24:00 status installed libplasmaactivities-data:all 6.6.4-0ubuntu1
2026-08-31 17:24:00 configure libkmod2:amd64 34.2-2ubuntu2 <none>
2026-08-31 17:24:00 status unpacked libkmod2:amd64 34.2-2ubuntu2
2026-08-31 17:24:00 status half-configured libkmod2:amd64 34.2-2ubuntu2
2026-08-31 17:24:00 status installed libkmod2:amd64 34.2-2ubuntu2
2026-08-31 17:24:00 configure liboeffis1:amd64 1.5.0-3 <none>
2026-08-31 17:24:00 status unpacked liboeffis1:amd64 1.5.0-3
2026-08-31 17:24:00 status half-configured liboeffis1:amd64 1.5.0-3
2026-08-31 17:24:00 status installed liboeffis1:amd64 1.5.0-3
2026-08-31 17:24:00 configure libdvdnav4:amd64 7.0.0-2 <none>
2026-08-31 17:24:00 status unpacked libdvdnav4:amd64 7.0.0-2
2026-08-31 17:24:00 status half-configured libdvdnav4:amd64 7.0.0-2
2026-08-31 17:24:00 status installed libdvdnav4:amd64 7.0.0-2
2026-08-31 17:24:00 configure libpopt0:amd64 1.19+dfsg-2build1 <none>
2026-08-31 17:24:00 status unpacked libpopt0:amd64 1.19+dfsg-2build1
2026-08-31 17:24:00 status half-configured libpopt0:amd64 1.19+dfsg-2build1
2026-08-31 17:24:00 status installed libpopt0:amd64 1.19+dfsg-2build1
2026-08-31 17:24:00 configure ethtool:amd64 1:6.19-1 <none>
2026-08-31 17:24:00 status unpacked ethtool:amd64 1:6.19-1
2026-08-31 17:24:00 status half-configured ethtool:amd64 1:6.19-1
2026-08-31 17:24:00 status installed ethtool:amd64 1:6.19-1
2026-08-31 17:24:00 configure libaa1:amd64 1.4p5-51.1build1 <none>
2026-08-31 17:24:00 status unpacked libaa1:amd64 1.4p5-51.1build1
2026-08-31 17:24:00 status half-configured libaa1:amd64 1.4p5-51.1build1
2026-08-31 17:24:00 status installed libaa1:amd64 1.4p5-51.1build1
2026-08-31 17:24:00 configure libiec61883-0:amd64 1.2.0-8 <none>
2026-08-31 17:24:00 status unpacked libiec61883-0:amd64 1.2.0-8
2026-08-31 17:24:00 status half-configured libiec61883-0:amd64 1.2.0-8
2026-08-31 17:24:00 status installed libiec61883-0:amd64 1.2.0-8
2026-08-31 17:24:00 configure libserd-0-0:amd64 0.32.6-1 <none>
2026-08-31 17:24:00 status unpacked libserd-0-0:amd64 0.32.6-1
2026-08-31 17:24:00 status half-configured libserd-0-0:amd64 0.32.6-1
2026-08-31 17:24:00 status installed libserd-0-0:amd64 0.32.6-1
2026-08-31 17:24:00 configure initramfs-tools-bin:amd64 0.151ubuntu1 <none>
2026-08-31 17:24:00 status unpacked initramfs-tools-bin:amd64 0.151ubuntu1
2026-08-31 17:24:00 status half-configured initramfs-tools-bin:amd64 0.151ubuntu1
2026-08-31 17:24:00 status installed initramfs-tools-bin:amd64 0.151ubuntu1
2026-08-31 17:24:00 configure libkf6statusnotifieritem-data:all 6.24.0-0ubuntu1 <none>
2026-08-31 17:24:00 status unpacked libkf6statusnotifieritem-data:all 6.24.0-0ubuntu1
2026-08-31 17:24:00 status half-configured libkf6statusnotifieritem-data:all 6.24.0-0ubuntu1
2026-08-31 17:24:00 status installed libkf6statusnotifieritem-data:all 6.24.0-0ubuntu1
2026-08-31 17:24:00 configure libwacom-common:all 2.18.0-1 <none>
2026-08-31 17:24:00 status unpacked libwacom-common:all 2.18.0-1
2026-08-31 17:24:00 status half-configured libwacom-common:all 2.18.0-1
2026-08-31 17:24:00 status installed libwacom-common:all 2.18.0-1
2026-08-31 17:24:00 configure libxcb-damage0:amd64 1.17.0-2ubuntu1 <none>
2026-08-31 17:24:00 status unpacked libxcb-damage0:amd64 1.17.0-2ubuntu1
2026-08-31 17:24:00 status half-configured libxcb-damage0:amd64 1.17.0-2ubuntu1
2026-08-31 17:24:00 status installed libxcb-damage0:amd64 1.17.0-2ubuntu1
2026-08-31 17:24:00 configure libxcb-record0:amd64 1.17.0-2ubuntu1 <none>
2026-08-31 17:24:00 status unpacked libxcb-record0:amd64 1.17.0-2ubuntu1
2026-08-31 17:24:00 status half-configured libxcb-record0:amd64 1.17.0-2ubuntu1
2026-08-31 17:24:00 status installed libxcb-record0:amd64 1.17.0-2ubuntu1
2026-08-31 17:24:00 configure login:amd64 1:4.16.0-2+really2.41.3-3ubuntu2.2 <none>
2026-08-31 17:24:00 status unpacked login:amd64 1:4.16.0-2+really2.41.3-3ubuntu2.2
2026-08-31 17:24:00 status half-configured login:amd64 1:4.16.0-2+really2.41.3-3ubuntu2.2
2026-08-31 17:24:00 status installed login:amd64 1:4.16.0-2+really2.41.3-3ubuntu2.2
2026-08-31 17:24:00 configure libxkbcommon0:amd64 1.13.1-1 <none>
2026-08-31 17:24:00 status unpacked libxkbcommon0:amd64 1.13.1-1
2026-08-31 17:24:00 status half-configured libxkbcommon0:amd64 1.13.1-1
2026-08-31 17:24:00 status installed libxkbcommon0:amd64 1.13.1-1
2026-08-31 17:24:00 configure qt-style-kvantum-themes:all 1.1.5-1 <none>
2026-08-31 17:24:00 status unpacked qt-style-kvantum-themes:all 1.1.5-1
2026-08-31 17:24:00 status half-configured qt-style-kvantum-themes:all 1.1.5-1
2026-08-31 17:24:00 status installed qt-style-kvantum-themes:all 1.1.5-1
2026-08-31 17:24:00 configure libwayland-client0:amd64 1.24.0-2 <none>
2026-08-31 17:24:00 status unpacked libwayland-client0:amd64 1.24.0-2
2026-08-31 17:24:00 status half-configured libwayland-client0:amd64 1.24.0-2
2026-08-31 17:24:00 status installed libwayland-client0:amd64 1.24.0-2
2026-08-31 17:24:00 configure libjpeg8:amd64 8c-2ubuntu12 <none>
2026-08-31 17:24:00 status unpacked libjpeg8:amd64 8c-2ubuntu12
2026-08-31 17:24:00 status half-configured libjpeg8:amd64 8c-2ubuntu12
2026-08-31 17:24:00 status installed libjpeg8:amd64 8c-2ubuntu12
2026-08-31 17:24:00 configure libtomcrypt1:amd64 1.18.2+dfsg-7build2 <none>
2026-08-31 17:24:00 status unpacked libtomcrypt1:amd64 1.18.2+dfsg-7build2
2026-08-31 17:24:00 status half-configured libtomcrypt1:amd64 1.18.2+dfsg-7build2
2026-08-31 17:24:00 status installed libtomcrypt1:amd64 1.18.2+dfsg-7build2
2026-08-31 17:24:00 configure pinentry-curses:amd64 1.3.2-3ubuntu1 <none>
2026-08-31 17:24:00 status unpacked pinentry-curses:amd64 1.3.2-3ubuntu1
2026-08-31 17:24:00 status half-configured pinentry-curses:amd64 1.3.2-3ubuntu1
2026-08-31 17:24:00 status installed pinentry-curses:amd64 1.3.2-3ubuntu1
2026-08-31 17:24:00 configure libb2-1:amd64 0.98.1-1.1build2 <none>
2026-08-31 17:24:00 status unpacked libb2-1:amd64 0.98.1-1.1build2
2026-08-31 17:24:00 status half-configured libb2-1:amd64 0.98.1-1.1build2
2026-08-31 17:24:00 status installed libb2-1:amd64 0.98.1-1.1build2
2026-08-31 17:24:00 configure libavc1394-0:amd64 0.5.4-5build4 <none>
2026-08-31 17:24:00 status unpacked libavc1394-0:amd64 0.5.4-5build4
2026-08-31 17:24:00 status half-configured libavc1394-0:amd64 0.5.4-5build4
2026-08-31 17:24:00 status installed libavc1394-0:amd64 0.5.4-5build4
2026-08-31 17:24:00 configure bubblewrap:amd64 0.11.1-1ubuntu0.1 <none>
2026-08-31 17:24:00 status unpacked bubblewrap:amd64 0.11.1-1ubuntu0.1
2026-08-31 17:24:00 status half-configured bubblewrap:amd64 0.11.1-1ubuntu0.1
2026-08-31 17:24:00 status installed bubblewrap:amd64 0.11.1-1ubuntu0.1
2026-08-31 17:24:00 configure libxcb-dri3-0:amd64 1.17.0-2ubuntu1 <none>
2026-08-31 17:24:00 status unpacked libxcb-dri3-0:amd64 1.17.0-2ubuntu1
2026-08-31 17:24:00 status half-configured libxcb-dri3-0:amd64 1.17.0-2ubuntu1
2026-08-31 17:24:00 status installed libxcb-dri3-0:amd64 1.17.0-2ubuntu1
2026-08-31 17:24:00 configure distro-info:amd64 1.15 <none>
2026-08-31 17:24:00 status unpacked distro-info:amd64 1.15
2026-08-31 17:24:00 status half-configured distro-info:amd64 1.15
2026-08-31 17:24:00 status installed distro-info:amd64 1.15
2026-08-31 17:24:00 configure libroc0.4:amd64 0.4.0+dfsg-5ubuntu3.1 <none>
2026-08-31 17:24:00 status unpacked libroc0.4:amd64 0.4.0+dfsg-5ubuntu3.1
2026-08-31 17:24:00 status half-configured libroc0.4:amd64 0.4.0+dfsg-5ubuntu3.1
2026-08-31 17:24:00 status installed libroc0.4:amd64 0.4.0+dfsg-5ubuntu3.1
2026-08-31 17:24:00 configure libwayland-server0:amd64 1.24.0-2 <none>
2026-08-31 17:24:00 status unpacked libwayland-server0:amd64 1.24.0-2
2026-08-31 17:24:00 status half-configured libwayland-server0:amd64 1.24.0-2
2026-08-31 17:24:00 status installed libwayland-server0:amd64 1.24.0-2
2026-08-31 17:24:00 configure libx11-xcb1:amd64 2:1.8.13-1 <none>
2026-08-31 17:24:00 status unpacked libx11-xcb1:amd64 2:1.8.13-1
2026-08-31 17:24:00 status half-configured libx11-xcb1:amd64 2:1.8.13-1
2026-08-31 17:24:00 status installed libx11-xcb1:amd64 2:1.8.13-1
2026-08-31 17:24:00 configure libice6:amd64 2:1.1.1-1build1 <none>
2026-08-31 17:24:00 status unpacked libice6:amd64 2:1.1.1-1build1
2026-08-31 17:24:00 status half-configured libice6:amd64 2:1.1.1-1build1
2026-08-31 17:24:00 status installed libice6:amd64 2:1.1.1-1build1
2026-08-31 17:24:00 configure libxcb-res0:amd64 1.17.0-2ubuntu1 <none>
2026-08-31 17:24:00 status unpacked libxcb-res0:amd64 1.17.0-2ubuntu1
2026-08-31 17:24:00 status half-configured libxcb-res0:amd64 1.17.0-2ubuntu1
2026-08-31 17:24:00 status installed libxcb-res0:amd64 1.17.0-2ubuntu1
2026-08-31 17:24:00 configure libtss2-tcti-spi-helper0t64:amd64 4.1.3-6 <none>
2026-08-31 17:24:00 status unpacked libtss2-tcti-spi-helper0t64:amd64 4.1.3-6
2026-08-31 17:24:00 status half-configured libtss2-tcti-spi-helper0t64:amd64 4.1.3-6
2026-08-31 17:24:00 status installed libtss2-tcti-spi-helper0t64:amd64 4.1.3-6
2026-08-31 17:24:00 configure libnewt0.52:amd64 0.52.25-1ubuntu3 <none>
2026-08-31 17:24:00 status unpacked libnewt0.52:amd64 0.52.25-1ubuntu3
2026-08-31 17:24:00 status half-configured libnewt0.52:amd64 0.52.25-1ubuntu3
2026-08-31 17:24:00 status installed libnewt0.52:amd64 0.52.25-1ubuntu3
2026-08-31 17:24:00 configure libfftw3-single3:amd64 3.3.10-2fakesync1build3 <none>
2026-08-31 17:24:00 status unpacked libfftw3-single3:amd64 3.3.10-2fakesync1build3
2026-08-31 17:24:00 status half-configured libfftw3-single3:amd64 3.3.10-2fakesync1build3
2026-08-31 17:24:00 status installed libfftw3-single3:amd64 3.3.10-2fakesync1build3
2026-08-31 17:24:00 configure libxdamage1:amd64 1:1.1.7-1 <none>
2026-08-31 17:24:00 status unpacked libxdamage1:amd64 1:1.1.7-1
2026-08-31 17:24:00 status half-configured libxdamage1:amd64 1:1.1.7-1
2026-08-31 17:24:00 status installed libxdamage1:amd64 1:1.1.7-1
2026-08-31 17:24:00 configure libopenblas0-pthread:amd64 0.3.32+ds-5 <none>
2026-08-31 17:24:00 status unpacked libopenblas0-pthread:amd64 0.3.32+ds-5
2026-08-31 17:24:00 status half-configured libopenblas0-pthread:amd64 0.3.32+ds-5
2026-08-31 17:24:00 status installed libopenblas0-pthread:amd64 0.3.32+ds-5
2026-08-31 17:24:00 configure libxpm4:amd64 1:3.5.17-1ubuntu0.26.04.1 <none>
2026-08-31 17:24:00 status unpacked libxpm4:amd64 1:3.5.17-1ubuntu0.26.04.1
2026-08-31 17:24:00 status half-configured libxpm4:amd64 1:3.5.17-1ubuntu0.26.04.1
2026-08-31 17:24:00 status installed libxpm4:amd64 1:3.5.17-1ubuntu0.26.04.1
2026-08-31 17:24:00 configure libv4lconvert0t64:amd64 1.32.0-2ubuntu1 <none>
2026-08-31 17:24:00 status unpacked libv4lconvert0t64:amd64 1.32.0-2ubuntu1
2026-08-31 17:24:00 status half-configured libv4lconvert0t64:amd64 1.32.0-2ubuntu1
2026-08-31 17:24:00 status installed libv4lconvert0t64:amd64 1.32.0-2ubuntu1
2026-08-31 17:24:00 configure libzvbi0t64:amd64 0.2.44-1ubuntu2 <none>
2026-08-31 17:24:00 status unpacked libzvbi0t64:amd64 0.2.44-1ubuntu2
2026-08-31 17:24:00 status half-configured libzvbi0t64:amd64 0.2.44-1ubuntu2
2026-08-31 17:24:00 status installed libzvbi0t64:amd64 0.2.44-1ubuntu2
2026-08-31 17:24:00 configure libinireader0:amd64 61-1ubuntu1 <none>
2026-08-31 17:24:00 status unpacked libinireader0:amd64 61-1ubuntu1
2026-08-31 17:24:00 status half-configured libinireader0:amd64 61-1ubuntu1
2026-08-31 17:24:00 status installed libinireader0:amd64 61-1ubuntu1
2026-08-31 17:24:00 configure libxrender1:amd64 1:0.9.12-1build1 <none>
2026-08-31 17:24:00 status unpacked libxrender1:amd64 1:0.9.12-1build1
2026-08-31 17:24:00 status half-configured libxrender1:amd64 1:0.9.12-1build1
2026-08-31 17:24:00 status installed libxrender1:amd64 1:0.9.12-1build1
2026-08-31 17:24:00 configure linux-firmware:all 20260319.git217ca6e4.1ubuntu <none>
2026-08-31 17:24:00 status unpacked linux-firmware:all 20260319.git217ca6e4.1ubuntu
2026-08-31 17:24:00 status half-configured linux-firmware:all 20260319.git217ca6e4.1ubuntu
2026-08-31 17:24:00 status installed linux-firmware:all 20260319.git217ca6e4.1ubuntu
2026-08-31 17:24:00 configure libsoxr0:amd64 0.1.3-4.1 <none>
2026-08-31 17:24:00 status unpacked libsoxr0:amd64 0.1.3-4.1
2026-08-31 17:24:00 status half-configured libsoxr0:amd64 0.1.3-4.1
2026-08-31 17:24:00 status installed libsoxr0:amd64 0.1.3-4.1
2026-08-31 17:24:00 configure fontconfig-config:amd64 2.17.1-3ubuntu1 <none>
2026-08-31 17:24:00 status unpacked fontconfig-config:amd64 2.17.1-3ubuntu1
2026-08-31 17:24:00 status half-configured fontconfig-config:amd64 2.17.1-3ubuntu1
2026-08-31 17:24:00 status installed fontconfig-config:amd64 2.17.1-3ubuntu1
2026-08-31 17:24:00 configure libwebpdemux2:amd64 1.5.0-0.1build1 <none>
2026-08-31 17:24:00 status unpacked libwebpdemux2:amd64 1.5.0-0.1build1
2026-08-31 17:24:00 status half-configured libwebpdemux2:amd64 1.5.0-0.1build1
2026-08-31 17:24:00 status installed libwebpdemux2:amd64 1.5.0-0.1build1
2026-08-31 17:24:00 configure libavahi-common3:amd64 0.8-18ubuntu1.1 <none>
2026-08-31 17:24:00 status unpacked libavahi-common3:amd64 0.8-18ubuntu1.1
2026-08-31 17:24:00 status half-configured libavahi-common3:amd64 0.8-18ubuntu1.1
2026-08-31 17:24:00 status installed libavahi-common3:amd64 0.8-18ubuntu1.1
2026-08-31 17:24:00 configure libxext6:amd64 2:1.3.4-1build3 <none>
2026-08-31 17:24:00 status unpacked libxext6:amd64 2:1.3.4-1build3
2026-08-31 17:24:00 status half-configured libxext6:amd64 2:1.3.4-1build3
2026-08-31 17:24:00 status installed libxext6:amd64 2:1.3.4-1build3
2026-08-31 17:24:00 configure libxmlsec1-openssl1:amd64 1.3.9-1 <none>
2026-08-31 17:24:00 status unpacked libxmlsec1-openssl1:amd64 1.3.9-1
2026-08-31 17:24:00 status half-configured libxmlsec1-openssl1:amd64 1.3.9-1
2026-08-31 17:24:00 status installed libxmlsec1-openssl1:amd64 1.3.9-1
2026-08-31 17:24:00 configure debconf-i18n:all 1.5.92 <none>
2026-08-31 17:24:00 status unpacked debconf-i18n:all 1.5.92
2026-08-31 17:24:00 status half-configured debconf-i18n:all 1.5.92
2026-08-31 17:24:00 status installed debconf-i18n:all 1.5.92
2026-08-31 17:24:00 configure libidn2-0:amd64 2.3.8-4build1 <none>
2026-08-31 17:24:00 status unpacked libidn2-0:amd64 2.3.8-4build1
2026-08-31 17:24:00 status half-configured libidn2-0:amd64 2.3.8-4build1
2026-08-31 17:24:00 status installed libidn2-0:amd64 2.3.8-4build1
2026-08-31 17:24:00 configure libnss3:amd64 2:3.120-1ubuntu2.1 <none>
2026-08-31 17:24:00 status unpacked libnss3:amd64 2:3.120-1ubuntu2.1
2026-08-31 17:24:00 status half-configured libnss3:amd64 2:3.120-1ubuntu2.1
2026-08-31 17:24:00 status installed libnss3:amd64 2:3.120-1ubuntu2.1
2026-08-31 17:24:00 configure dbus-daemon:amd64 1.16.2-2ubuntu4 <none>
2026-08-31 17:24:00 status unpacked dbus-daemon:amd64 1.16.2-2ubuntu4
2026-08-31 17:24:00 status half-configured dbus-daemon:amd64 1.16.2-2ubuntu4
2026-08-31 17:24:00 status installed dbus-daemon:amd64 1.16.2-2ubuntu4
2026-08-31 17:24:00 configure vim-tiny:amd64 2:9.1.2141-1ubuntu4.8 <none>
2026-08-31 17:24:00 status unpacked vim-tiny:amd64 2:9.1.2141-1ubuntu4.8
2026-08-31 17:24:00 status half-configured vim-tiny:amd64 2:9.1.2141-1ubuntu4.8
2026-08-31 17:24:00 status installed vim-tiny:amd64 2:9.1.2141-1ubuntu4.8
2026-08-31 17:24:00 configure kmod:amd64 34.2-2ubuntu2 <none>
2026-08-31 17:24:00 status unpacked kmod:amd64 34.2-2ubuntu2
2026-08-31 17:24:00 status half-configured kmod:amd64 34.2-2ubuntu2
2026-08-31 17:24:00 status installed kmod:amd64 34.2-2ubuntu2
2026-08-31 17:24:00 configure libexiv2-28:amd64 0.28.8+dfsg-1 <none>
2026-08-31 17:24:00 status unpacked libexiv2-28:amd64 0.28.8+dfsg-1
2026-08-31 17:24:00 status half-configured libexiv2-28:amd64 0.28.8+dfsg-1
2026-08-31 17:24:00 status installed libexiv2-28:amd64 0.28.8+dfsg-1
2026-08-31 17:24:00 configure usbutils:amd64 1:019-1 <none>
2026-08-31 17:24:00 status unpacked usbutils:amd64 1:019-1
2026-08-31 17:24:00 status half-configured usbutils:amd64 1:019-1
2026-08-31 17:24:00 status installed usbutils:amd64 1:019-1
2026-08-31 17:24:00 configure libxxf86vm1:amd64 1:1.1.4-2 <none>
2026-08-31 17:24:00 status unpacked libxxf86vm1:amd64 1:1.1.4-2
2026-08-31 17:24:00 status half-configured libxxf86vm1:amd64 1:1.1.4-2
2026-08-31 17:24:00 status installed libxxf86vm1:amd64 1:1.1.4-2
2026-08-31 17:24:00 configure libtbbbind-2-5:amd64 2022.3.0-2 <none>
2026-08-31 17:24:00 status unpacked libtbbbind-2-5:amd64 2022.3.0-2
2026-08-31 17:24:00 status half-configured libtbbbind-2-5:amd64 2022.3.0-2
2026-08-31 17:24:00 status installed libtbbbind-2-5:amd64 2022.3.0-2
2026-08-31 17:24:00 configure fuse3:amd64 3.18.2-1 <none>
2026-08-31 17:24:00 status unpacked fuse3:amd64 3.18.2-1
2026-08-31 17:24:00 status half-configured fuse3:amd64 3.18.2-1
2026-08-31 17:24:00 status installed fuse3:amd64 3.18.2-1
2026-08-31 17:24:00 configure librist4:amd64 0.2.11+dfsg-1build1 <none>
2026-08-31 17:24:00 status unpacked librist4:amd64 0.2.11+dfsg-1build1
2026-08-31 17:24:00 status half-configured librist4:amd64 0.2.11+dfsg-1build1
2026-08-31 17:24:00 status installed librist4:amd64 0.2.11+dfsg-1build1
2026-08-31 17:24:00 configure libstoken1t64:amd64 0.93-1 <none>
2026-08-31 17:24:00 status unpacked libstoken1t64:amd64 0.93-1
2026-08-31 17:24:00 status half-configured libstoken1t64:amd64 0.93-1
2026-08-31 17:24:00 status installed libstoken1t64:amd64 0.93-1
2026-08-31 17:24:00 configure libtss2-tctildr0t64:amd64 4.1.3-6 <none>
2026-08-31 17:24:00 status unpacked libtss2-tctildr0t64:amd64 4.1.3-6
2026-08-31 17:24:00 status half-configured libtss2-tctildr0t64:amd64 4.1.3-6
2026-08-31 17:24:00 status installed libtss2-tctildr0t64:amd64 4.1.3-6
2026-08-31 17:24:00 configure libthai0:amd64 0.1.30-1 <none>
2026-08-31 17:24:00 status unpacked libthai0:amd64 0.1.30-1
2026-08-31 17:24:00 status half-configured libthai0:amd64 0.1.30-1
2026-08-31 17:24:00 status installed libthai0:amd64 0.1.30-1
2026-08-31 17:24:00 configure ca-certificates:all 20260601~26.04.1 <none>
2026-08-31 17:24:00 status unpacked ca-certificates:all 20260601~26.04.1
2026-08-31 17:24:00 status half-configured ca-certificates:all 20260601~26.04.1
2026-08-31 17:24:02 status installed ca-certificates:all 20260601~26.04.1
2026-08-31 17:24:02 status triggers-pending ca-certificates:all 20260601~26.04.1
2026-08-31 17:24:02 configure libvorbisfile3:amd64 1.3.7-3build2 <none>
2026-08-31 17:24:02 status unpacked libvorbisfile3:amd64 1.3.7-3build2
2026-08-31 17:24:02 status half-configured libvorbisfile3:amd64 1.3.7-3build2
2026-08-31 17:24:02 status installed libvorbisfile3:amd64 1.3.7-3build2
2026-08-31 17:24:02 configure libimobiledevice-glue-1.0-0:amd64 1.3.2-2build1 <none>
2026-08-31 17:24:02 status unpacked libimobiledevice-glue-1.0-0:amd64 1.3.2-2build1
2026-08-31 17:24:02 status half-configured libimobiledevice-glue-1.0-0:amd64 1.3.2-2build1
2026-08-31 17:24:02 status installed libimobiledevice-glue-1.0-0:amd64 1.3.2-2build1
2026-08-31 17:24:02 configure libglib2.0-0t64:amd64 2.88.0-1 <none>
2026-08-31 17:24:02 status unpacked libglib2.0-0t64:amd64 2.88.0-1
2026-08-31 17:24:02 status half-configured libglib2.0-0t64:amd64 2.88.0-1
2026-08-31 17:24:02 status installed libglib2.0-0t64:amd64 2.88.0-1
2026-08-31 17:24:02 configure libsecret-1-0:amd64 0.21.7-2build1 <none>
2026-08-31 17:24:02 status unpacked libsecret-1-0:amd64 0.21.7-2build1
2026-08-31 17:24:02 status half-configured libsecret-1-0:amd64 0.21.7-2build1
2026-08-31 17:24:02 status installed libsecret-1-0:amd64 0.21.7-2build1
2026-08-31 17:24:02 configure libfreetype6:amd64 2.14.2+dfsg-1ubuntu0.1 <none>
2026-08-31 17:24:02 status unpacked libfreetype6:amd64 2.14.2+dfsg-1ubuntu0.1
2026-08-31 17:24:02 status half-configured libfreetype6:amd64 2.14.2+dfsg-1ubuntu0.1
2026-08-31 17:24:02 status installed libfreetype6:amd64 2.14.2+dfsg-1ubuntu0.1
2026-08-31 17:24:02 configure libxfixes3:amd64 1:6.0.0-2build2 <none>
2026-08-31 17:24:02 status unpacked libxfixes3:amd64 1:6.0.0-2build2
2026-08-31 17:24:02 status half-configured libxfixes3:amd64 1:6.0.0-2build2
2026-08-31 17:24:02 status installed libxfixes3:amd64 1:6.0.0-2build2
2026-08-31 17:24:02 configure libllvm21:amd64 1:21.1.8-6ubuntu1 <none>
2026-08-31 17:24:02 status unpacked libllvm21:amd64 1:21.1.8-6ubuntu1
2026-08-31 17:24:02 status half-configured libllvm21:amd64 1:21.1.8-6ubuntu1
2026-08-31 17:24:02 status installed libllvm21:amd64 1:21.1.8-6ubuntu1
2026-08-31 17:24:02 configure libteamdctl0:amd64 1.31-1build4 <none>
2026-08-31 17:24:02 status unpacked libteamdctl0:amd64 1.31-1build4
2026-08-31 17:24:02 status half-configured libteamdctl0:amd64 1.31-1build4
2026-08-31 17:24:02 status installed libteamdctl0:amd64 1.31-1build4
2026-08-31 17:24:02 configure dbus:amd64 1.16.2-2ubuntu4 <none>
2026-08-31 17:24:02 status unpacked dbus:amd64 1.16.2-2ubuntu4
2026-08-31 17:24:02 status half-configured dbus:amd64 1.16.2-2ubuntu4
2026-08-31 17:24:02 status installed dbus:amd64 1.16.2-2ubuntu4
2026-08-31 17:24:02 configure shared-mime-info:amd64 2.4-5build3 <none>
2026-08-31 17:24:02 status unpacked shared-mime-info:amd64 2.4-5build3
2026-08-31 17:24:02 status half-configured shared-mime-info:amd64 2.4-5build3
2026-08-31 17:24:02 status installed shared-mime-info:amd64 2.4-5build3
2026-08-31 17:24:02 configure libp11-kit0:amd64 0.26.2-2 <none>
2026-08-31 17:24:02 status unpacked libp11-kit0:amd64 0.26.2-2
2026-08-31 17:24:02 status half-configured libp11-kit0:amd64 0.26.2-2
2026-08-31 17:24:02 status installed libp11-kit0:amd64 0.26.2-2
2026-08-31 17:24:02 configure libxkbcommon-x11-0:amd64 1.13.1-1 <none>
2026-08-31 17:24:02 status unpacked libxkbcommon-x11-0:amd64 1.13.1-1
2026-08-31 17:24:02 status half-configured libxkbcommon-x11-0:amd64 1.13.1-1
2026-08-31 17:24:02 status installed libxkbcommon-x11-0:amd64 1.13.1-1
2026-08-31 17:24:02 configure libgssapi-krb5-2:amd64 1.22.1-2ubuntu4.1 <none>
2026-08-31 17:24:02 status unpacked libgssapi-krb5-2:amd64 1.22.1-2ubuntu4.1
2026-08-31 17:24:02 status half-configured libgssapi-krb5-2:amd64 1.22.1-2ubuntu4.1
2026-08-31 17:24:02 status installed libgssapi-krb5-2:amd64 1.22.1-2ubuntu4.1
2026-08-31 17:24:02 configure udev:amd64 259.5-0ubuntu3.4 <none>
2026-08-31 17:24:02 status unpacked udev:amd64 259.5-0ubuntu3.4
2026-08-31 17:24:02 status half-configured udev:amd64 259.5-0ubuntu3.4
2026-08-31 17:24:03 status installed udev:amd64 259.5-0ubuntu3.4
2026-08-31 17:24:03 configure libxrandr2:amd64 2:1.5.4-1build1 <none>
2026-08-31 17:24:03 status unpacked libxrandr2:amd64 2:1.5.4-1build1
2026-08-31 17:24:03 status half-configured libxrandr2:amd64 2:1.5.4-1build1
2026-08-31 17:24:03 status installed libxrandr2:amd64 2:1.5.4-1build1
2026-08-31 17:24:03 configure libtss2-esys-3.0.2-0t64:amd64 4.1.3-6 <none>
2026-08-31 17:24:03 status unpacked libtss2-esys-3.0.2-0t64:amd64 4.1.3-6
2026-08-31 17:24:03 status half-configured libtss2-esys-3.0.2-0t64:amd64 4.1.3-6
2026-08-31 17:24:03 status installed libtss2-esys-3.0.2-0t64:amd64 4.1.3-6
2026-08-31 17:24:03 configure librubberband3:amd64 4.0.0+dfsg-2ubuntu1 <none>
2026-08-31 17:24:03 status unpacked librubberband3:amd64 4.0.0+dfsg-2ubuntu1
2026-08-31 17:24:03 status half-configured librubberband3:amd64 4.0.0+dfsg-2ubuntu1
2026-08-31 17:24:03 status installed librubberband3:amd64 4.0.0+dfsg-2ubuntu1
2026-08-31 17:24:03 configure libssh-4:amd64 0.11.3-1ubuntu2.1 <none>
2026-08-31 17:24:03 status unpacked libssh-4:amd64 0.11.3-1ubuntu2.1
2026-08-31 17:24:03 status half-configured libssh-4:amd64 0.11.3-1ubuntu2.1
2026-08-31 17:24:03 status installed libssh-4:amd64 0.11.3-1ubuntu2.1
2026-08-31 17:24:03 configure libreadline8t64:amd64 8.3-4 <none>
2026-08-31 17:24:03 status unpacked libreadline8t64:amd64 8.3-4
2026-08-31 17:24:03 status half-configured libreadline8t64:amd64 8.3-4
2026-08-31 17:24:03 status installed libreadline8t64:amd64 8.3-4
2026-08-31 17:24:03 configure libv4l-0t64:amd64 1.32.0-2ubuntu1 <none>
2026-08-31 17:24:03 status unpacked libv4l-0t64:amd64 1.32.0-2ubuntu1
2026-08-31 17:24:03 status half-configured libv4l-0t64:amd64 1.32.0-2ubuntu1
2026-08-31 17:24:03 status installed libv4l-0t64:amd64 1.32.0-2ubuntu1
2026-08-31 17:24:03 configure libdrm2:amd64 2.4.131-1 <none>
2026-08-31 17:24:03 status unpacked libdrm2:amd64 2.4.131-1
2026-08-31 17:24:03 status half-configured libdrm2:amd64 2.4.131-1
2026-08-31 17:24:03 status installed libdrm2:amd64 2.4.131-1
2026-08-31 17:24:03 configure whiptail:amd64 0.52.25-1ubuntu3 <none>
2026-08-31 17:24:03 status unpacked whiptail:amd64 0.52.25-1ubuntu3
2026-08-31 17:24:03 status half-configured whiptail:amd64 0.52.25-1ubuntu3
2026-08-31 17:24:03 status installed whiptail:amd64 0.52.25-1ubuntu3
2026-08-31 17:24:03 configure dracut-install:amd64 110-11 <none>
2026-08-31 17:24:03 status unpacked dracut-install:amd64 110-11
2026-08-31 17:24:03 status half-configured dracut-install:amd64 110-11
2026-08-31 17:24:03 status installed dracut-install:amd64 110-11
2026-08-31 17:24:03 configure libva-drm2:amd64 2.23.0-1ubuntu1 <none>
2026-08-31 17:24:03 status unpacked libva-drm2:amd64 2.23.0-1ubuntu1
2026-08-31 17:24:03 status half-configured libva-drm2:amd64 2.23.0-1ubuntu1
2026-08-31 17:24:03 status installed libva-drm2:amd64 2.23.0-1ubuntu1
2026-08-31 17:24:03 configure libopenblas0:amd64 0.3.32+ds-5 <none>
2026-08-31 17:24:03 status unpacked libopenblas0:amd64 0.3.32+ds-5
2026-08-31 17:24:03 status half-configured libopenblas0:amd64 0.3.32+ds-5
2026-08-31 17:24:03 status installed libopenblas0:amd64 0.3.32+ds-5
2026-08-31 17:24:03 configure libmm-glib0:amd64 1.25.95-1ubuntu1 <none>
2026-08-31 17:24:03 status unpacked libmm-glib0:amd64 1.25.95-1ubuntu1
2026-08-31 17:24:03 status half-configured libmm-glib0:amd64 1.25.95-1ubuntu1
2026-08-31 17:24:03 status installed libmm-glib0:amd64 1.25.95-1ubuntu1
2026-08-31 17:24:03 configure libvdpau1:amd64 1.5-4 <none>
2026-08-31 17:24:03 status unpacked libvdpau1:amd64 1.5-4
2026-08-31 17:24:03 status half-configured libvdpau1:amd64 1.5-4
2026-08-31 17:24:03 status installed libvdpau1:amd64 1.5-4
2026-08-31 17:24:03 configure libsord-0-0:amd64 0.16.20-1 <none>
2026-08-31 17:24:03 status unpacked libsord-0-0:amd64 0.16.20-1
2026-08-31 17:24:03 status half-configured libsord-0-0:amd64 0.16.20-1
2026-08-31 17:24:03 status installed libsord-0-0:amd64 0.16.20-1
2026-08-31 17:24:03 configure libtiff6:amd64 4.7.0-3ubuntu5 <none>
2026-08-31 17:24:03 status unpacked libtiff6:amd64 4.7.0-3ubuntu5
2026-08-31 17:24:03 status half-configured libtiff6:amd64 4.7.0-3ubuntu5
2026-08-31 17:24:03 status installed libtiff6:amd64 4.7.0-3ubuntu5
2026-08-31 17:24:03 configure libwayland-cursor0:amd64 1.24.0-2 <none>
2026-08-31 17:24:03 status unpacked libwayland-cursor0:amd64 1.24.0-2
2026-08-31 17:24:03 status half-configured libwayland-cursor0:amd64 1.24.0-2
2026-08-31 17:24:03 status installed libwayland-cursor0:amd64 1.24.0-2
2026-08-31 17:24:03 configure libplymouth5:amd64 24.004.60+git20250831.4a3c171d-0ubuntu8 <none>
2026-08-31 17:24:03 status unpacked libplymouth5:amd64 24.004.60+git20250831.4a3c171d-0ubuntu8
2026-08-31 17:24:03 status half-configured libplymouth5:amd64 24.004.60+git20250831.4a3c171d-0ubuntu8
2026-08-31 17:24:03 status installed libplymouth5:amd64 24.004.60+git20250831.4a3c171d-0ubuntu8
2026-08-31 17:24:03 configure libsratom-0-0:amd64 0.6.20-1 <none>
2026-08-31 17:24:03 status unpacked libsratom-0-0:amd64 0.6.20-1
2026-08-31 17:24:03 status half-configured libsratom-0-0:amd64 0.6.20-1
2026-08-31 17:24:03 status installed libsratom-0-0:amd64 0.6.20-1
2026-08-31 17:24:03 configure gpgconf:amd64 2.4.8-4ubuntu3 <none>
2026-08-31 17:24:03 status unpacked gpgconf:amd64 2.4.8-4ubuntu3
2026-08-31 17:24:03 status half-configured gpgconf:amd64 2.4.8-4ubuntu3
2026-08-31 17:24:03 status installed gpgconf:amd64 2.4.8-4ubuntu3
2026-08-31 17:24:03 configure libpam-systemd:amd64 259.5-0ubuntu3.4 <none>
2026-08-31 17:24:03 status unpacked libpam-systemd:amd64 259.5-0ubuntu3.4
2026-08-31 17:24:03 status half-configured libpam-systemd:amd64 259.5-0ubuntu3.4
2026-08-31 17:24:03 status installed libpam-systemd:amd64 259.5-0ubuntu3.4
2026-08-31 17:24:03 configure libdecor-0-0:amd64 0.2.5-1 <none>
2026-08-31 17:24:03 status unpacked libdecor-0-0:amd64 0.2.5-1
2026-08-31 17:24:03 status half-configured libdecor-0-0:amd64 0.2.5-1
2026-08-31 17:24:03 status installed libdecor-0-0:amd64 0.2.5-1
2026-08-31 17:24:03 configure libharfbuzz0b:amd64 12.3.2-2 <none>
2026-08-31 17:24:03 status unpacked libharfbuzz0b:amd64 12.3.2-2
2026-08-31 17:24:03 status half-configured libharfbuzz0b:amd64 12.3.2-2
2026-08-31 17:24:03 status installed libharfbuzz0b:amd64 12.3.2-2
2026-08-31 17:24:03 configure localechooser-data:all 2.89ubuntu7 <none>
2026-08-31 17:24:03 status unpacked localechooser-data:all 2.89ubuntu7
2026-08-31 17:24:03 status half-configured localechooser-data:all 2.89ubuntu7
2026-08-31 17:24:03 status installed localechooser-data:all 2.89ubuntu7
2026-08-31 17:24:03 configure libxss1:amd64 1:1.2.3-1build4 <none>
2026-08-31 17:24:03 status unpacked libxss1:amd64 1:1.2.3-1build4
2026-08-31 17:24:03 status half-configured libxss1:amd64 1:1.2.3-1build4
2026-08-31 17:24:03 status installed libxss1:amd64 1:1.2.3-1build4
2026-08-31 17:24:03 configure libfontconfig1:amd64 2.17.1-3ubuntu1 <none>
2026-08-31 17:24:03 status unpacked libfontconfig1:amd64 2.17.1-3ubuntu1
2026-08-31 17:24:03 status half-configured libfontconfig1:amd64 2.17.1-3ubuntu1
2026-08-31 17:24:03 status installed libfontconfig1:amd64 2.17.1-3ubuntu1
2026-08-31 17:24:03 configure libsndfile1:amd64 1.2.2-4 <none>
2026-08-31 17:24:03 status unpacked libsndfile1:amd64 1.2.2-4
2026-08-31 17:24:03 status half-configured libsndfile1:amd64 1.2.2-4
2026-08-31 17:24:03 status installed libsndfile1:amd64 1.2.2-4
2026-08-31 17:24:03 configure libsquashfuse0:amd64 0.5.2-0.3 <none>
2026-08-31 17:24:03 status unpacked libsquashfuse0:amd64 0.5.2-0.3
2026-08-31 17:24:03 status half-configured libsquashfuse0:amd64 0.5.2-0.3
2026-08-31 17:24:03 status installed libsquashfuse0:amd64 0.5.2-0.3
2026-08-31 17:24:03 configure keyboard-configuration:all 1.237ubuntu3.1 <none>
2026-08-31 17:24:03 status unpacked keyboard-configuration:all 1.237ubuntu3.1
2026-08-31 17:24:03 status half-configured keyboard-configuration:all 1.237ubuntu3.1
2026-08-31 17:24:04 status installed keyboard-configuration:all 1.237ubuntu3.1
2026-08-31 17:24:04 configure libclang1-21:amd64 1:21.1.8-6ubuntu1 <none>
2026-08-31 17:24:04 status unpacked libclang1-21:amd64 1:21.1.8-6ubuntu1
2026-08-31 17:24:04 status half-configured libclang1-21:amd64 1:21.1.8-6ubuntu1
2026-08-31 17:24:04 status installed libclang1-21:amd64 1:21.1.8-6ubuntu1
2026-08-31 17:24:04 configure initramfs-tools-core:all 0.151ubuntu1 <none>
2026-08-31 17:24:04 status unpacked initramfs-tools-core:all 0.151ubuntu1
2026-08-31 17:24:04 status half-configured initramfs-tools-core:all 0.151ubuntu1
2026-08-31 17:24:04 status installed initramfs-tools-core:all 0.151ubuntu1
2026-08-31 17:24:04 configure libva-x11-2:amd64 2.23.0-1ubuntu1 <none>
2026-08-31 17:24:04 status unpacked libva-x11-2:amd64 2.23.0-1ubuntu1
2026-08-31 17:24:04 status half-configured libva-x11-2:amd64 2.23.0-1ubuntu1
2026-08-31 17:24:04 status installed libva-x11-2:amd64 2.23.0-1ubuntu1
2026-08-31 17:24:04 configure libsm6:amd64 2:1.2.6-1build1 <none>
2026-08-31 17:24:04 status unpacked libsm6:amd64 2:1.2.6-1build1
2026-08-31 17:24:04 status half-configured libsm6:amd64 2:1.2.6-1build1
2026-08-31 17:24:04 status installed libsm6:amd64 2:1.2.6-1build1
2026-08-31 17:24:04 configure liblilv-0-0:amd64 0.26.2-1 <none>
2026-08-31 17:24:04 status unpacked liblilv-0-0:amd64 0.26.2-1
2026-08-31 17:24:04 status half-configured liblilv-0-0:amd64 0.26.2-1
2026-08-31 17:24:04 status installed liblilv-0-0:amd64 0.26.2-1
2026-08-31 17:24:04 configure libxfont2:amd64 1:2.0.6-2ubuntu0.2 <none>
2026-08-31 17:24:04 status unpacked libxfont2:amd64 1:2.0.6-2ubuntu0.2
2026-08-31 17:24:04 status half-configured libxfont2:amd64 1:2.0.6-2ubuntu0.2
2026-08-31 17:24:04 status installed libxfont2:amd64 1:2.0.6-2ubuntu0.2
2026-08-31 17:24:04 configure iputils-ping:amd64 3:20250605-1ubuntu1 <none>
2026-08-31 17:24:04 status unpacked iputils-ping:amd64 3:20250605-1ubuntu1
2026-08-31 17:24:04 status half-configured iputils-ping:amd64 3:20250605-1ubuntu1
2026-08-31 17:24:04 status installed iputils-ping:amd64 3:20250605-1ubuntu1
2026-08-31 17:24:04 configure libopenmpt0t64:amd64 0.8.4-1 <none>
2026-08-31 17:24:04 status unpacked libopenmpt0t64:amd64 0.8.4-1
2026-08-31 17:24:04 status half-configured libopenmpt0t64:amd64 0.8.4-1
2026-08-31 17:24:04 status installed libopenmpt0t64:amd64 0.8.4-1
2026-08-31 17:24:04 configure libavahi-client3:amd64 0.8-18ubuntu1.1 <none>
2026-08-31 17:24:04 status unpacked libavahi-client3:amd64 0.8-18ubuntu1.1
2026-08-31 17:24:04 status half-configured libavahi-client3:amd64 0.8-18ubuntu1.1
2026-08-31 17:24:04 status installed libavahi-client3:amd64 0.8-18ubuntu1.1
2026-08-31 17:24:04 configure gpg:amd64 2.4.8-4ubuntu3 <none>
2026-08-31 17:24:04 status unpacked gpg:amd64 2.4.8-4ubuntu3
2026-08-31 17:24:04 status half-configured gpg:amd64 2.4.8-4ubuntu3
2026-08-31 17:24:04 status installed gpg:amd64 2.4.8-4ubuntu3
2026-08-31 17:24:04 configure libgudev-1.0-0:amd64 1:238-7build1 <none>
2026-08-31 17:24:04 status unpacked libgudev-1.0-0:amd64 1:238-7build1
2026-08-31 17:24:04 status half-configured libgudev-1.0-0:amd64 1:238-7build1
2026-08-31 17:24:04 status installed libgudev-1.0-0:amd64 1:238-7build1
2026-08-31 17:24:04 configure libpolkit-gobject-1-0:amd64 127-2ubuntu1 <none>
2026-08-31 17:24:04 status unpacked libpolkit-gobject-1-0:amd64 127-2ubuntu1
2026-08-31 17:24:04 status half-configured libpolkit-gobject-1-0:amd64 127-2ubuntu1
2026-08-31 17:24:04 status installed libpolkit-gobject-1-0:amd64 127-2ubuntu1
2026-08-31 17:24:04 configure libgstreamer1.0-0:amd64 1.28.2-1 <none>
2026-08-31 17:24:04 status unpacked libgstreamer1.0-0:amd64 1.28.2-1
2026-08-31 17:24:04 status half-configured libgstreamer1.0-0:amd64 1.28.2-1
2026-08-31 17:24:04 status installed libgstreamer1.0-0:amd64 1.28.2-1
2026-08-31 17:24:04 configure libdrm-amdgpu1:amd64 2.4.131-1 <none>
2026-08-31 17:24:04 status unpacked libdrm-amdgpu1:amd64 2.4.131-1
2026-08-31 17:24:04 status half-configured libdrm-amdgpu1:amd64 2.4.131-1
2026-08-31 17:24:04 status installed libdrm-amdgpu1:amd64 2.4.131-1
2026-08-31 17:24:04 configure libgnutls30t64:amd64 3.8.12-2ubuntu1.1 <none>
2026-08-31 17:24:04 status unpacked libgnutls30t64:amd64 3.8.12-2ubuntu1.1
2026-08-31 17:24:04 status half-configured libgnutls30t64:amd64 3.8.12-2ubuntu1.1
2026-08-31 17:24:04 status installed libgnutls30t64:amd64 3.8.12-2ubuntu1.1
2026-08-31 17:24:04 configure libcanberra0:amd64 0.30-18ubuntu3 <none>
2026-08-31 17:24:04 status unpacked libcanberra0:amd64 0.30-18ubuntu3
2026-08-31 17:24:04 status half-configured libcanberra0:amd64 0.30-18ubuntu3
2026-08-31 17:24:04 status installed libcanberra0:amd64 0.30-18ubuntu3
2026-08-31 17:24:04 configure libqt6core6t64:amd64 6.10.2+dfsg-7 <none>
2026-08-31 17:24:04 status unpacked libqt6core6t64:amd64 6.10.2+dfsg-7
2026-08-31 17:24:04 status half-configured libqt6core6t64:amd64 6.10.2+dfsg-7
2026-08-31 17:24:04 status installed libqt6core6t64:amd64 6.10.2+dfsg-7
2026-08-31 17:24:04 configure fontconfig:amd64 2.17.1-3ubuntu1 <none>
2026-08-31 17:24:04 status unpacked fontconfig:amd64 2.17.1-3ubuntu1
2026-08-31 17:24:04 status half-configured fontconfig:amd64 2.17.1-3ubuntu1
2026-08-31 17:24:06 status installed fontconfig:amd64 2.17.1-3ubuntu1
2026-08-31 17:24:06 configure gpg-agent:amd64 2.4.8-4ubuntu3 <none>
2026-08-31 17:24:06 status unpacked gpg-agent:amd64 2.4.8-4ubuntu3
2026-08-31 17:24:06 status half-configured gpg-agent:amd64 2.4.8-4ubuntu3
2026-08-31 17:24:06 status installed gpg-agent:amd64 2.4.8-4ubuntu3
2026-08-31 17:24:06 configure libzmq5:amd64 4.3.5-1build3 <none>
2026-08-31 17:24:06 status unpacked libzmq5:amd64 4.3.5-1build3
2026-08-31 17:24:06 status half-configured libzmq5:amd64 4.3.5-1build3
2026-08-31 17:24:06 status installed libzmq5:amd64 4.3.5-1build3
2026-08-31 17:24:06 configure initramfs-tools:all 0.151ubuntu1 <none>
2026-08-31 17:24:06 status unpacked initramfs-tools:all 0.151ubuntu1
2026-08-31 17:24:06 status half-configured initramfs-tools:all 0.151ubuntu1
2026-08-31 17:24:06 status installed initramfs-tools:all 0.151ubuntu1
2026-08-31 17:24:06 status triggers-pending initramfs-tools:all 0.151ubuntu1
2026-08-31 17:24:06 configure user-session-migration:amd64 0.5.1 <none>
2026-08-31 17:24:06 status unpacked user-session-migration:amd64 0.5.1
2026-08-31 17:24:06 status half-configured user-session-migration:amd64 0.5.1
2026-08-31 17:24:06 status installed user-session-migration:amd64 0.5.1
2026-08-31 17:24:06 configure libxi6:amd64 2:1.8.2-2 <none>
2026-08-31 17:24:06 status unpacked libxi6:amd64 2:1.8.2-2
2026-08-31 17:24:06 status half-configured libxi6:amd64 2:1.8.2-2
2026-08-31 17:24:06 status installed libxi6:amd64 2:1.8.2-2
2026-08-31 17:24:06 configure libtirpc3t64:amd64 1.3.7-0.1 <none>
2026-08-31 17:24:06 status unpacked libtirpc3t64:amd64 1.3.7-0.1
2026-08-31 17:24:06 status half-configured libtirpc3t64:amd64 1.3.7-0.1
2026-08-31 17:24:06 status installed libtirpc3t64:amd64 1.3.7-0.1
2026-08-31 17:24:06 configure libavutil60:amd64 7:8.0.1-3ubuntu2 <none>
2026-08-31 17:24:06 status unpacked libavutil60:amd64 7:8.0.1-3ubuntu2
2026-08-31 17:24:06 status half-configured libavutil60:amd64 7:8.0.1-3ubuntu2
2026-08-31 17:24:06 status installed libavutil60:amd64 7:8.0.1-3ubuntu2
2026-08-31 17:24:06 configure libusbmuxd-2.0-7:amd64 2.1.1-1 <none>
2026-08-31 17:24:06 status unpacked libusbmuxd-2.0-7:amd64 2.1.1-1
2026-08-31 17:24:06 status half-configured libusbmuxd-2.0-7:amd64 2.1.1-1
2026-08-31 17:24:06 status installed libusbmuxd-2.0-7:amd64 2.1.1-1
2026-08-31 17:24:06 configure libpulse0:amd64 1:17.0+dfsg1-2ubuntu4 <none>
2026-08-31 17:24:06 status unpacked libpulse0:amd64 1:17.0+dfsg1-2ubuntu4
2026-08-31 17:24:06 status half-configured libpulse0:amd64 1:17.0+dfsg1-2ubuntu4
2026-08-31 17:24:06 status installed libpulse0:amd64 1:17.0+dfsg1-2ubuntu4
2026-08-31 17:24:06 configure libpython3.14-stdlib:amd64 3.14.4-1ubuntu0.1 <none>
2026-08-31 17:24:06 status unpacked libpython3.14-stdlib:amd64 3.14.4-1ubuntu0.1
2026-08-31 17:24:06 status half-configured libpython3.14-stdlib:amd64 3.14.4-1ubuntu0.1
2026-08-31 17:24:06 status installed libpython3.14-stdlib:amd64 3.14.4-1ubuntu0.1
2026-08-31 17:24:06 configure libwacom9:amd64 2.18.0-1 <none>
2026-08-31 17:24:06 status unpacked libwacom9:amd64 2.18.0-1
2026-08-31 17:24:06 status half-configured libwacom9:amd64 2.18.0-1
2026-08-31 17:24:06 status installed libwacom9:amd64 2.18.0-1
2026-08-31 17:24:06 configure iproute2:amd64 6.19.0-1ubuntu1.1 <none>
2026-08-31 17:24:06 status unpacked iproute2:amd64 6.19.0-1ubuntu1.1
2026-08-31 17:24:06 status half-configured iproute2:amd64 6.19.0-1ubuntu1.1
2026-08-31 17:24:06 status installed iproute2:amd64 6.19.0-1ubuntu1.1
2026-08-31 17:24:06 configure libxtst6:amd64 2:1.2.5-1build1 <none>
2026-08-31 17:24:06 status unpacked libxtst6:amd64 2:1.2.5-1build1
2026-08-31 17:24:06 status half-configured libxtst6:amd64 2:1.2.5-1build1
2026-08-31 17:24:06 status installed libxtst6:amd64 2:1.2.5-1build1
2026-08-31 17:24:06 configure chrony:amd64 4.8-2ubuntu1 <none>
2026-08-31 17:24:06 status unpacked chrony:amd64 4.8-2ubuntu1
2026-08-31 17:24:07 status half-configured chrony:amd64 4.8-2ubuntu1
2026-08-31 17:24:07 status installed chrony:amd64 4.8-2ubuntu1
2026-08-31 17:24:07 configure gpgsm:amd64 2.4.8-4ubuntu3 <none>
2026-08-31 17:24:07 status unpacked gpgsm:amd64 2.4.8-4ubuntu3
2026-08-31 17:24:07 status half-configured gpgsm:amd64 2.4.8-4ubuntu3
2026-08-31 17:24:07 status installed gpgsm:amd64 2.4.8-4ubuntu3
2026-08-31 17:24:07 configure libpango-1.0-0:amd64 1.57.0-1 <none>
2026-08-31 17:24:07 status unpacked libpango-1.0-0:amd64 1.57.0-1
2026-08-31 17:24:07 status half-configured libpango-1.0-0:amd64 1.57.0-1
2026-08-31 17:24:07 status installed libpango-1.0-0:amd64 1.57.0-1
2026-08-31 17:24:07 configure libdrm-intel1:amd64 2.4.131-1 <none>
2026-08-31 17:24:07 status unpacked libdrm-intel1:amd64 2.4.131-1
2026-08-31 17:24:07 status half-configured libdrm-intel1:amd64 2.4.131-1
2026-08-31 17:24:07 status installed libdrm-intel1:amd64 2.4.131-1
2026-08-31 17:24:07 configure libpskc0t64:amd64 2.6.14-1 <none>
2026-08-31 17:24:07 status unpacked libpskc0t64:amd64 2.6.14-1
2026-08-31 17:24:07 status half-configured libpskc0t64:amd64 2.6.14-1
2026-08-31 17:24:07 status installed libpskc0t64:amd64 2.6.14-1
2026-08-31 17:24:07 configure libddcutil5:amd64 2.2.5-1 <none>
2026-08-31 17:24:07 status unpacked libddcutil5:amd64 2.2.5-1
2026-08-31 17:24:07 status half-configured libddcutil5:amd64 2.2.5-1
2026-08-31 17:24:07 status installed libddcutil5:amd64 2.2.5-1
2026-08-31 17:24:07 configure libpsl5t64:amd64 0.21.2-1.1build2 <none>
2026-08-31 17:24:07 status unpacked libpsl5t64:amd64 0.21.2-1.1build2
2026-08-31 17:24:07 status half-configured libpsl5t64:amd64 0.21.2-1.1build2
2026-08-31 17:24:07 status installed libpsl5t64:amd64 0.21.2-1.1build2
2026-08-31 17:24:07 configure libqt6positioning6:amd64 6.10.2-1 <none>
2026-08-31 17:24:07 status unpacked libqt6positioning6:amd64 6.10.2-1
2026-08-31 17:24:07 status half-configured libqt6positioning6:amd64 6.10.2-1
2026-08-31 17:24:07 status installed libqt6positioning6:amd64 6.10.2-1
2026-08-31 17:24:07 configure libgstreamer-plugins-base1.0-0:amd64 1.28.2-1 <none>
2026-08-31 17:24:07 status unpacked libgstreamer-plugins-base1.0-0:amd64 1.28.2-1
2026-08-31 17:24:07 status half-configured libgstreamer-plugins-base1.0-0:amd64 1.28.2-1
2026-08-31 17:24:07 status installed libgstreamer-plugins-base1.0-0:amd64 1.28.2-1
2026-08-31 17:24:07 configure libdolphinvcs6:amd64 4:25.12.3-0ubuntu1 <none>
2026-08-31 17:24:07 status unpacked libdolphinvcs6:amd64 4:25.12.3-0ubuntu1
2026-08-31 17:24:07 status half-configured libdolphinvcs6:amd64 4:25.12.3-0ubuntu1
2026-08-31 17:24:07 status installed libdolphinvcs6:amd64 4:25.12.3-0ubuntu1
2026-08-31 17:24:07 configure libtbb12:amd64 2022.3.0-2 <none>
2026-08-31 17:24:07 status unpacked libtbb12:amd64 2022.3.0-2
2026-08-31 17:24:07 status half-configured libtbb12:amd64 2022.3.0-2
2026-08-31 17:24:07 status installed libtbb12:amd64 2022.3.0-2
2026-08-31 17:24:07 configure libnetplan1:amd64 1.2-1ubuntu5 <none>
2026-08-31 17:24:07 status unpacked libnetplan1:amd64 1.2-1ubuntu5
2026-08-31 17:24:07 status half-configured libnetplan1:amd64 1.2-1ubuntu5
2026-08-31 17:24:07 status installed libnetplan1:amd64 1.2-1ubuntu5
2026-08-31 17:24:07 configure libcairo2:amd64 1.18.4-3 <none>
2026-08-31 17:24:07 status unpacked libcairo2:amd64 1.18.4-3
2026-08-31 17:24:07 status half-configured libcairo2:amd64 1.18.4-3
2026-08-31 17:24:07 status installed libcairo2:amd64 1.18.4-3
2026-08-31 17:24:07 configure fdisk:amd64 2.41.3-3ubuntu2.2 <none>
2026-08-31 17:24:07 status unpacked fdisk:amd64 2.41.3-3ubuntu2.2
2026-08-31 17:24:07 status half-configured fdisk:amd64 2.41.3-3ubuntu2.2
2026-08-31 17:24:07 status installed fdisk:amd64 2.41.3-3ubuntu2.2
2026-08-31 17:24:07 configure libjson-glib-1.0-0:amd64 1.10.8+ds-2 <none>
2026-08-31 17:24:07 status unpacked libjson-glib-1.0-0:amd64 1.10.8+ds-2
2026-08-31 17:24:07 status half-configured libjson-glib-1.0-0:amd64 1.10.8+ds-2
2026-08-31 17:24:07 status installed libjson-glib-1.0-0:amd64 1.10.8+ds-2
2026-08-31 17:24:07 configure libaccounts-glib0:amd64 1.27-3 <none>
2026-08-31 17:24:07 status unpacked libaccounts-glib0:amd64 1.27-3
2026-08-31 17:24:07 status half-configured libaccounts-glib0:amd64 1.27-3
2026-08-31 17:24:07 status installed libaccounts-glib0:amd64 1.27-3
2026-08-31 17:24:07 configure libinput-bin:amd64 1.31.1-1ubuntu1.1 <none>
2026-08-31 17:24:07 status unpacked libinput-bin:amd64 1.31.1-1ubuntu1.1
2026-08-31 17:24:07 status half-configured libinput-bin:amd64 1.31.1-1ubuntu1.1
2026-08-31 17:24:07 status installed libinput-bin:amd64 1.31.1-1ubuntu1.1
2026-08-31 17:24:07 configure libdconf1:amd64 0.49.0-4 <none>
2026-08-31 17:24:07 status unpacked libdconf1:amd64 0.49.0-4
2026-08-31 17:24:07 status half-configured libdconf1:amd64 0.49.0-4
2026-08-31 17:24:07 status installed libdconf1:amd64 0.49.0-4
2026-08-31 17:24:07 configure libtheoradec2:amd64 1.2.0+dfsg-6 <none>
2026-08-31 17:24:07 status unpacked libtheoradec2:amd64 1.2.0+dfsg-6
2026-08-31 17:24:07 status half-configured libtheoradec2:amd64 1.2.0+dfsg-6
2026-08-31 17:24:07 status installed libtheoradec2:amd64 1.2.0+dfsg-6
2026-08-31 17:24:07 configure dirmngr:amd64 2.4.8-4ubuntu3 <none>
2026-08-31 17:24:07 status unpacked dirmngr:amd64 2.4.8-4ubuntu3
2026-08-31 17:24:07 status half-configured dirmngr:amd64 2.4.8-4ubuntu3
2026-08-31 17:24:07 status installed dirmngr:amd64 2.4.8-4ubuntu3
2026-08-31 17:24:07 configure dbus-user-session:amd64 1.16.2-2ubuntu4 <none>
2026-08-31 17:24:07 status unpacked dbus-user-session:amd64 1.16.2-2ubuntu4
2026-08-31 17:24:07 status half-configured dbus-user-session:amd64 1.16.2-2ubuntu4
2026-08-31 17:24:07 status installed dbus-user-session:amd64 1.16.2-2ubuntu4
2026-08-31 17:24:07 configure libqt5core5t64:amd64 5.15.18+dfsg-1ubuntu1 <none>
2026-08-31 17:24:07 status unpacked libqt5core5t64:amd64 5.15.18+dfsg-1ubuntu1
2026-08-31 17:24:07 status half-configured libqt5core5t64:amd64 5.15.18+dfsg-1ubuntu1
2026-08-31 17:24:07 status installed libqt5core5t64:amd64 5.15.18+dfsg-1ubuntu1
2026-08-31 17:24:07 configure gstreamer1.0-plugins-base:amd64 1.28.2-1 <none>
2026-08-31 17:24:07 status unpacked gstreamer1.0-plugins-base:amd64 1.28.2-1
2026-08-31 17:24:07 status half-configured gstreamer1.0-plugins-base:amd64 1.28.2-1
2026-08-31 17:24:07 status installed gstreamer1.0-plugins-base:amd64 1.28.2-1
2026-08-31 17:24:07 configure libass9:amd64 1:0.17.4-2 <none>
2026-08-31 17:24:07 status unpacked libass9:amd64 1:0.17.4-2
2026-08-31 17:24:07 status half-configured libass9:amd64 1:0.17.4-2
2026-08-31 17:24:07 status installed libass9:amd64 1:0.17.4-2
2026-08-31 17:24:07 configure libqt6xml6:amd64 6.10.2+dfsg-7 <none>
2026-08-31 17:24:07 status unpacked libqt6xml6:amd64 6.10.2+dfsg-7
2026-08-31 17:24:07 status half-configured libqt6xml6:amd64 6.10.2+dfsg-7
2026-08-31 17:24:07 status installed libqt6xml6:amd64 6.10.2+dfsg-7
2026-08-31 17:24:07 configure libspa-0.2-modules:amd64 1.6.2-1ubuntu1.1 <none>
2026-08-31 17:24:07 status unpacked libspa-0.2-modules:amd64 1.6.2-1ubuntu1.1
2026-08-31 17:24:07 status half-configured libspa-0.2-modules:amd64 1.6.2-1ubuntu1.1
2026-08-31 17:24:07 status installed libspa-0.2-modules:amd64 1.6.2-1ubuntu1.1
2026-08-31 17:24:07 configure librtmp1:amd64 2.4+20151223.gitfa8646d.1-3 <none>
2026-08-31 17:24:07 status unpacked librtmp1:amd64 2.4+20151223.gitfa8646d.1-3
2026-08-31 17:24:07 status half-configured librtmp1:amd64 2.4+20151223.gitfa8646d.1-3
2026-08-31 17:24:07 status installed librtmp1:amd64 2.4+20151223.gitfa8646d.1-3
2026-08-31 17:24:07 configure libswscale9:amd64 7:8.0.1-3ubuntu2 <none>
2026-08-31 17:24:07 status unpacked libswscale9:amd64 7:8.0.1-3ubuntu2
2026-08-31 17:24:07 status half-configured libswscale9:amd64 7:8.0.1-3ubuntu2
2026-08-31 17:24:07 status installed libswscale9:amd64 7:8.0.1-3ubuntu2
2026-08-31 17:24:07 configure libpulse-mainloop-glib0:amd64 1:17.0+dfsg1-2ubuntu4 <none>
2026-08-31 17:24:07 status unpacked libpulse-mainloop-glib0:amd64 1:17.0+dfsg1-2ubuntu4
2026-08-31 17:24:07 status half-configured libpulse-mainloop-glib0:amd64 1:17.0+dfsg1-2ubuntu4
2026-08-31 17:24:07 status installed libpulse-mainloop-glib0:amd64 1:17.0+dfsg1-2ubuntu4
2026-08-31 17:24:07 configure libxt6t64:amd64 1:1.2.1-1.3build1 <none>
2026-08-31 17:24:07 status unpacked libxt6t64:amd64 1:1.2.1-1.3build1
2026-08-31 17:24:07 status half-configured libxt6t64:amd64 1:1.2.1-1.3build1
2026-08-31 17:24:07 status installed libxt6t64:amd64 1:1.2.1-1.3build1
2026-08-31 17:24:07 configure libswresample6:amd64 7:8.0.1-3ubuntu2 <none>
2026-08-31 17:24:07 status unpacked libswresample6:amd64 7:8.0.1-3ubuntu2
2026-08-31 17:24:07 status half-configured libswresample6:amd64 7:8.0.1-3ubuntu2
2026-08-31 17:24:07 status installed libswresample6:amd64 7:8.0.1-3ubuntu2
2026-08-31 17:24:07 configure libnm0:amd64 1.54.3-2ubuntu3 <none>
2026-08-31 17:24:07 status unpacked libnm0:amd64 1.54.3-2ubuntu3
2026-08-31 17:24:07 status half-configured libnm0:amd64 1.54.3-2ubuntu3
2026-08-31 17:24:07 status installed libnm0:amd64 1.54.3-2ubuntu3
2026-08-31 17:24:07 configure libkf6archive6:amd64 6.24.0-0ubuntu1 <none>
2026-08-31 17:24:07 status unpacked libkf6archive6:amd64 6.24.0-0ubuntu1
2026-08-31 17:24:07 status half-configured libkf6archive6:amd64 6.24.0-0ubuntu1
2026-08-31 17:24:07 status installed libkf6archive6:amd64 6.24.0-0ubuntu1
2026-08-31 17:24:07 configure libtheora1:amd64 1.2.0+dfsg-6 <none>
2026-08-31 17:24:07 status unpacked libtheora1:amd64 1.2.0+dfsg-6
2026-08-31 17:24:07 status half-configured libtheora1:amd64 1.2.0+dfsg-6
2026-08-31 17:24:07 status installed libtheora1:amd64 1.2.0+dfsg-6
2026-08-31 17:24:07 configure libaccounts-qt6-1:amd64 1.17-4ubuntu2 <none>
2026-08-31 17:24:07 status unpacked libaccounts-qt6-1:amd64 1.17-4ubuntu2
2026-08-31 17:24:07 status half-configured libaccounts-qt6-1:amd64 1.17-4ubuntu2
2026-08-31 17:24:07 status installed libaccounts-qt6-1:amd64 1.17-4ubuntu2
2026-08-31 17:24:07 configure libsrt1.5-gnutls:amd64 1.5.4-3 <none>
2026-08-31 17:24:07 status unpacked libsrt1.5-gnutls:amd64 1.5.4-3
2026-08-31 17:24:07 status half-configured libsrt1.5-gnutls:amd64 1.5.4-3
2026-08-31 17:24:07 status installed libsrt1.5-gnutls:amd64 1.5.4-3
2026-08-31 17:24:07 configure gnupg:all 2.4.8-4ubuntu3 <none>
2026-08-31 17:24:07 status unpacked gnupg:all 2.4.8-4ubuntu3
2026-08-31 17:24:07 status half-configured gnupg:all 2.4.8-4ubuntu3
2026-08-31 17:24:07 status installed gnupg:all 2.4.8-4ubuntu3
2026-08-31 17:24:07 configure libharfbuzz-subset0:amd64 12.3.2-2 <none>
2026-08-31 17:24:07 status unpacked libharfbuzz-subset0:amd64 12.3.2-2
2026-08-31 17:24:07 status half-configured libharfbuzz-subset0:amd64 12.3.2-2
2026-08-31 17:24:07 status installed libharfbuzz-subset0:amd64 12.3.2-2
2026-08-31 17:24:07 configure libpolkit-agent-1-0:amd64 127-2ubuntu1 <none>
2026-08-31 17:24:07 status unpacked libpolkit-agent-1-0:amd64 127-2ubuntu1
2026-08-31 17:24:07 status half-configured libpolkit-agent-1-0:amd64 127-2ubuntu1
2026-08-31 17:24:07 status installed libpolkit-agent-1-0:amd64 127-2ubuntu1
2026-08-31 17:24:07 configure libkf6sonnetcore6:amd64 6.24.0-0ubuntu1 <none>
2026-08-31 17:24:07 status unpacked libkf6sonnetcore6:amd64 6.24.0-0ubuntu1
2026-08-31 17:24:07 status half-configured libkf6sonnetcore6:amd64 6.24.0-0ubuntu1
2026-08-31 17:24:07 status installed libkf6sonnetcore6:amd64 6.24.0-0ubuntu1
2026-08-31 17:24:07 configure libbluray3:amd64 1:1.4.1-1 <none>
2026-08-31 17:24:07 status unpacked libbluray3:amd64 1:1.4.1-1
2026-08-31 17:24:07 status half-configured libbluray3:amd64 1:1.4.1-1
2026-08-31 17:24:07 status installed libbluray3:amd64 1:1.4.1-1
2026-08-31 17:24:07 configure libcairo-gobject2:amd64 1.18.4-3 <none>
2026-08-31 17:24:07 status unpacked libcairo-gobject2:amd64 1.18.4-3
2026-08-31 17:24:07 status half-configured libcairo-gobject2:amd64 1.18.4-3
2026-08-31 17:24:07 status installed libcairo-gobject2:amd64 1.18.4-3
2026-08-31 17:24:07 configure libkf6itemmodels6:amd64 6.24.0-0ubuntu1 <none>
2026-08-31 17:24:07 status unpacked libkf6itemmodels6:amd64 6.24.0-0ubuntu1
2026-08-31 17:24:07 status half-configured libkf6itemmodels6:amd64 6.24.0-0ubuntu1
2026-08-31 17:24:07 status installed libkf6itemmodels6:amd64 6.24.0-0ubuntu1
2026-08-31 17:24:07 configure libqt6core5compat6:amd64 6.10.2-1 <none>
2026-08-31 17:24:07 status unpacked libqt6core5compat6:amd64 6.10.2-1
2026-08-31 17:24:07 status half-configured libqt6core5compat6:amd64 6.10.2-1
2026-08-31 17:24:07 status installed libqt6core5compat6:amd64 6.10.2-1
2026-08-31 17:24:07 configure python3.14:amd64 3.14.4-1ubuntu0.1 <none>
2026-08-31 17:24:07 status unpacked python3.14:amd64 3.14.4-1ubuntu0.1
2026-08-31 17:24:07 status half-configured python3.14:amd64 3.14.4-1ubuntu0.1
2026-08-31 17:24:08 status installed python3.14:amd64 3.14.4-1ubuntu0.1
2026-08-31 17:24:08 configure netplan-generator:amd64 1.2-1ubuntu5 <none>
2026-08-31 17:24:08 status unpacked netplan-generator:amd64 1.2-1ubuntu5
2026-08-31 17:24:08 status half-configured netplan-generator:amd64 1.2-1ubuntu5
2026-08-31 17:24:08 status installed netplan-generator:amd64 1.2-1ubuntu5
2026-08-31 17:24:08 configure libpangoft2-1.0-0:amd64 1.57.0-1 <none>
2026-08-31 17:24:08 status unpacked libpangoft2-1.0-0:amd64 1.57.0-1
2026-08-31 17:24:08 status half-configured libpangoft2-1.0-0:amd64 1.57.0-1
2026-08-31 17:24:08 status installed libpangoft2-1.0-0:amd64 1.57.0-1
2026-08-31 17:24:08 configure libgpgme45:amd64 2.0.1-2build1 <none>
2026-08-31 17:24:08 status unpacked libgpgme45:amd64 2.0.1-2build1
2026-08-31 17:24:08 status half-configured libgpgme45:amd64 2.0.1-2build1
2026-08-31 17:24:08 status installed libgpgme45:amd64 2.0.1-2build1
2026-08-31 17:24:08 configure libpipewire-0.3-0t64:amd64 1.6.2-1ubuntu1.1 <none>
2026-08-31 17:24:08 status unpacked libpipewire-0.3-0t64:amd64 1.6.2-1ubuntu1.1
2026-08-31 17:24:08 status half-configured libpipewire-0.3-0t64:amd64 1.6.2-1ubuntu1.1
2026-08-31 17:24:08 status installed libpipewire-0.3-0t64:amd64 1.6.2-1ubuntu1.1
2026-08-31 17:24:08 configure libcups2t64:amd64 2.4.16-1ubuntu1.3 <none>
2026-08-31 17:24:08 status unpacked libcups2t64:amd64 2.4.16-1ubuntu1.3
2026-08-31 17:24:08 status half-configured libcups2t64:amd64 2.4.16-1ubuntu1.3
2026-08-31 17:24:08 status installed libcups2t64:amd64 2.4.16-1ubuntu1.3
2026-08-31 17:24:08 configure libpangocairo-1.0-0:amd64 1.57.0-1 <none>
2026-08-31 17:24:08 status unpacked libpangocairo-1.0-0:amd64 1.57.0-1
2026-08-31 17:24:08 status half-configured libpangocairo-1.0-0:amd64 1.57.0-1
2026-08-31 17:24:08 status installed libpangocairo-1.0-0:amd64 1.57.0-1
2026-08-31 17:24:08 configure libpython3-stdlib:amd64 3.14.3-0ubuntu2 <none>
2026-08-31 17:24:08 status unpacked libpython3-stdlib:amd64 3.14.3-0ubuntu2
2026-08-31 17:24:08 status half-configured libpython3-stdlib:amd64 3.14.3-0ubuntu2
2026-08-31 17:24:08 status installed libpython3-stdlib:amd64 3.14.3-0ubuntu2
2026-08-31 17:24:08 configure libqt6dbus6:amd64 6.10.2+dfsg-7 <none>
2026-08-31 17:24:08 status unpacked libqt6dbus6:amd64 6.10.2+dfsg-7
2026-08-31 17:24:08 status half-configured libqt6dbus6:amd64 6.10.2+dfsg-7
2026-08-31 17:24:08 status installed libqt6dbus6:amd64 6.10.2+dfsg-7
2026-08-31 17:24:08 configure libimobiledevice-1.0-6:amd64 1.4.0-1build1 <none>
2026-08-31 17:24:08 status unpacked libimobiledevice-1.0-6:amd64 1.4.0-1build1
2026-08-31 17:24:08 status half-configured libimobiledevice-1.0-6:amd64 1.4.0-1build1
2026-08-31 17:24:08 status installed libimobiledevice-1.0-6:amd64 1.4.0-1build1
2026-08-31 17:24:08 configure libinput10:amd64 1.31.1-1ubuntu1.1 <none>
2026-08-31 17:24:08 status unpacked libinput10:amd64 1.31.1-1ubuntu1.1
2026-08-31 17:24:08 status half-configured libinput10:amd64 1.31.1-1ubuntu1.1
2026-08-31 17:24:08 status installed libinput10:amd64 1.31.1-1ubuntu1.1
2026-08-31 17:24:08 configure libkf6codecs6:amd64 6.24.0-0ubuntu1 <none>
2026-08-31 17:24:08 status unpacked libkf6codecs6:amd64 6.24.0-0ubuntu1
2026-08-31 17:24:08 status half-configured libkf6codecs6:amd64 6.24.0-0ubuntu1
2026-08-31 17:24:08 status installed libkf6codecs6:amd64 6.24.0-0ubuntu1
2026-08-31 17:24:08 configure mesa-libgallium:amd64 26.0.8-1ubuntu0.3 <none>
2026-08-31 17:24:08 status unpacked mesa-libgallium:amd64 26.0.8-1ubuntu0.3
2026-08-31 17:24:08 status half-configured mesa-libgallium:amd64 26.0.8-1ubuntu0.3
2026-08-31 17:24:08 status installed mesa-libgallium:amd64 26.0.8-1ubuntu0.3
2026-08-31 17:24:08 configure libxmu6:amd64 2:1.1.3-4 <none>
2026-08-31 17:24:08 status unpacked libxmu6:amd64 2:1.1.3-4
2026-08-31 17:24:08 status half-configured libxmu6:amd64 2:1.1.3-4
2026-08-31 17:24:08 status installed libxmu6:amd64 2:1.1.3-4
2026-08-31 17:24:08 configure libqt5dbus5t64:amd64 5.15.18+dfsg-1ubuntu1 <none>
2026-08-31 17:24:08 status unpacked libqt5dbus5t64:amd64 5.15.18+dfsg-1ubuntu1
2026-08-31 17:24:08 status half-configured libqt5dbus5t64:amd64 5.15.18+dfsg-1ubuntu1
2026-08-31 17:24:08 status installed libqt5dbus5t64:amd64 5.15.18+dfsg-1ubuntu1
2026-08-31 17:24:08 configure libkf6modemmanagerqt6:amd64 6.23.0-0ubuntu1 <none>
2026-08-31 17:24:08 status unpacked libkf6modemmanagerqt6:amd64 6.23.0-0ubuntu1
2026-08-31 17:24:08 status half-configured libkf6modemmanagerqt6:amd64 6.23.0-0ubuntu1
2026-08-31 17:24:08 status installed libkf6modemmanagerqt6:amd64 6.23.0-0ubuntu1
2026-08-31 17:24:08 configure libgbm1:amd64 26.0.8-1ubuntu0.3 <none>
2026-08-31 17:24:08 status unpacked libgbm1:amd64 26.0.8-1ubuntu0.3
2026-08-31 17:24:08 status half-configured libgbm1:amd64 26.0.8-1ubuntu0.3
2026-08-31 17:24:08 status installed libgbm1:amd64 26.0.8-1ubuntu0.3
2026-08-31 17:24:08 configure libqcoro6dbus0t64:amd64 0.13.0-1ubuntu2 <none>
2026-08-31 17:24:08 status unpacked libqcoro6dbus0t64:amd64 0.13.0-1ubuntu2
2026-08-31 17:24:08 status half-configured libqcoro6dbus0t64:amd64 0.13.0-1ubuntu2
2026-08-31 17:24:08 status installed libqcoro6dbus0t64:amd64 0.13.0-1ubuntu2
2026-08-31 17:24:08 configure libgpgmepp7:amd64 2.0.0-2 <none>
2026-08-31 17:24:08 status unpacked libgpgmepp7:amd64 2.0.0-2
2026-08-31 17:24:08 status half-configured libgpgmepp7:amd64 2.0.0-2
2026-08-31 17:24:08 status installed libgpgmepp7:amd64 2.0.0-2
2026-08-31 17:24:08 configure libpackagekitqt6-2:amd64 1.1.4-1 <none>
2026-08-31 17:24:08 status unpacked libpackagekitqt6-2:amd64 1.1.4-1
2026-08-31 17:24:08 status half-configured libpackagekitqt6-2:amd64 1.1.4-1
2026-08-31 17:24:08 status installed libpackagekitqt6-2:amd64 1.1.4-1
2026-08-31 17:24:08 configure libgl1-mesa-dri:amd64 26.0.8-1ubuntu0.3 <none>
2026-08-31 17:24:08 status unpacked libgl1-mesa-dri:amd64 26.0.8-1ubuntu0.3
2026-08-31 17:24:08 status half-configured libgl1-mesa-dri:amd64 26.0.8-1ubuntu0.3
2026-08-31 17:24:08 status installed libgl1-mesa-dri:amd64 26.0.8-1ubuntu0.3
2026-08-31 17:24:08 configure libqt5network5t64:amd64 5.15.18+dfsg-1ubuntu1 <none>
2026-08-31 17:24:08 status unpacked libqt5network5t64:amd64 5.15.18+dfsg-1ubuntu1
2026-08-31 17:24:08 status half-configured libqt5network5t64:amd64 5.15.18+dfsg-1ubuntu1
2026-08-31 17:24:08 status installed libqt5network5t64:amd64 5.15.18+dfsg-1ubuntu1
2026-08-31 17:24:08 configure libkf6coreaddons6:amd64 6.24.0-0ubuntu1 <none>
2026-08-31 17:24:08 status unpacked libkf6coreaddons6:amd64 6.24.0-0ubuntu1
2026-08-31 17:24:08 status half-configured libkf6coreaddons6:amd64 6.24.0-0ubuntu1
2026-08-31 17:24:08 status installed libkf6coreaddons6:amd64 6.24.0-0ubuntu1
2026-08-31 17:24:08 configure libcurl3t64-gnutls:amd64 8.18.0-1ubuntu2.4 <none>
2026-08-31 17:24:08 status unpacked libcurl3t64-gnutls:amd64 8.18.0-1ubuntu2.4
2026-08-31 17:24:08 status half-configured libcurl3t64-gnutls:amd64 8.18.0-1ubuntu2.4
2026-08-31 17:24:08 status installed libcurl3t64-gnutls:amd64 8.18.0-1ubuntu2.4
2026-08-31 17:24:08 configure libplasmaactivities7:amd64 6.6.4-0ubuntu1 <none>
2026-08-31 17:24:08 status unpacked libplasmaactivities7:amd64 6.6.4-0ubuntu1
2026-08-31 17:24:08 status half-configured libplasmaactivities7:amd64 6.6.4-0ubuntu1
2026-08-31 17:24:08 status installed libplasmaactivities7:amd64 6.6.4-0ubuntu1
2026-08-31 17:24:08 configure libkf6doctools6:amd64 6.24.0-0ubuntu1 <none>
2026-08-31 17:24:08 status unpacked libkf6doctools6:amd64 6.24.0-0ubuntu1
2026-08-31 17:24:08 status half-configured libkf6doctools6:amd64 6.24.0-0ubuntu1
2026-08-31 17:24:08 status installed libkf6doctools6:amd64 6.24.0-0ubuntu1
2026-08-31 17:24:08 configure dconf-service:amd64 0.49.0-4 <none>
2026-08-31 17:24:08 status unpacked dconf-service:amd64 0.49.0-4
2026-08-31 17:24:08 status half-configured dconf-service:amd64 0.49.0-4
2026-08-31 17:24:08 status installed dconf-service:amd64 0.49.0-4
2026-08-31 17:24:08 configure python3:amd64 3.14.3-0ubuntu2 <none>
2026-08-31 17:24:08 status unpacked python3:amd64 3.14.3-0ubuntu2
2026-08-31 17:24:08 status half-configured python3:amd64 3.14.3-0ubuntu2
2026-08-31 17:24:08 status installed python3:amd64 3.14.3-0ubuntu2
2026-08-31 17:24:08 configure libxaw7:amd64 2:1.0.16-1build1 <none>
2026-08-31 17:24:08 status unpacked libxaw7:amd64 2:1.0.16-1build1
2026-08-31 17:24:08 status half-configured libxaw7:amd64 2:1.0.16-1build1
2026-08-31 17:24:08 status installed libxaw7:amd64 2:1.0.16-1build1
2026-08-31 17:24:08 configure libshiboken6-py3-6.10:amd64 6.10.2-6ubuntu1 <none>
2026-08-31 17:24:08 status unpacked libshiboken6-py3-6.10:amd64 6.10.2-6ubuntu1
2026-08-31 17:24:08 status half-configured libshiboken6-py3-6.10:amd64 6.10.2-6ubuntu1
2026-08-31 17:24:08 status installed libshiboken6-py3-6.10:amd64 6.10.2-6ubuntu1
2026-08-31 17:24:08 configure libkf6configcore6:amd64 6.24.0-0ubuntu1 <none>
2026-08-31 17:24:08 status unpacked libkf6configcore6:amd64 6.24.0-0ubuntu1
2026-08-31 17:24:08 status half-configured libkf6configcore6:amd64 6.24.0-0ubuntu1
2026-08-31 17:24:08 status installed libkf6configcore6:amd64 6.24.0-0ubuntu1
2026-08-31 17:24:08 configure libegl-mesa0:amd64 26.0.8-1ubuntu0.3 <none>
2026-08-31 17:24:08 status unpacked libegl-mesa0:amd64 26.0.8-1ubuntu0.3
2026-08-31 17:24:08 status half-configured libegl-mesa0:amd64 26.0.8-1ubuntu0.3
2026-08-31 17:24:08 status installed libegl-mesa0:amd64 26.0.8-1ubuntu0.3
2026-08-31 17:24:08 configure libpoppler156:amd64 26.01.0-2ubuntu0.1 <none>
2026-08-31 17:24:08 status unpacked libpoppler156:amd64 26.01.0-2ubuntu0.1
2026-08-31 17:24:08 status half-configured libpoppler156:amd64 26.01.0-2ubuntu0.1
2026-08-31 17:24:08 status installed libpoppler156:amd64 26.01.0-2ubuntu0.1
2026-08-31 17:24:08 configure libkf6wallet6:amd64 6.24.0-0ubuntu1 <none>
2026-08-31 17:24:08 status unpacked libkf6wallet6:amd64 6.24.0-0ubuntu1
2026-08-31 17:24:08 status half-configured libkf6wallet6:amd64 6.24.0-0ubuntu1
2026-08-31 17:24:08 status installed libkf6wallet6:amd64 6.24.0-0ubuntu1
2026-08-31 17:24:08 configure libshout3:amd64 2.4.6-1build3 <none>
2026-08-31 17:24:08 status unpacked libshout3:amd64 2.4.6-1build3
2026-08-31 17:24:08 status half-configured libshout3:amd64 2.4.6-1build3
2026-08-31 17:24:08 status installed libshout3:amd64 2.4.6-1build3
2026-08-31 17:24:08 configure libqca-qt6-2:amd64 2.3.10-2 <none>
2026-08-31 17:24:08 status unpacked libqca-qt6-2:amd64 2.3.10-2
2026-08-31 17:24:08 status half-configured libqca-qt6-2:amd64 2.3.10-2
2026-08-31 17:24:08 status installed libqca-qt6-2:amd64 2.3.10-2
2026-08-31 17:24:08 configure libsignon-qt6-1:amd64 8.61+git20231015.c8ad982-8 <none>
2026-08-31 17:24:08 status unpacked libsignon-qt6-1:amd64 8.61+git20231015.c8ad982-8
2026-08-31 17:24:08 status half-configured libsignon-qt6-1:amd64 8.61+git20231015.c8ad982-8
2026-08-31 17:24:08 status installed libsignon-qt6-1:amd64 8.61+git20231015.c8ad982-8
2026-08-31 17:24:08 configure libkf6kcmutilscore6:amd64 6.24.0-0ubuntu1 <none>
2026-08-31 17:24:08 status unpacked libkf6kcmutilscore6:amd64 6.24.0-0ubuntu1
2026-08-31 17:24:08 status half-configured libkf6kcmutilscore6:amd64 6.24.0-0ubuntu1
2026-08-31 17:24:08 status installed libkf6kcmutilscore6:amd64 6.24.0-0ubuntu1
2026-08-31 17:24:08 configure libegl1:amd64 1.7.0-3 <none>
2026-08-31 17:24:08 status unpacked libegl1:amd64 1.7.0-3
2026-08-31 17:24:08 status half-configured libegl1:amd64 1.7.0-3
2026-08-31 17:24:08 status installed libegl1:amd64 1.7.0-3
2026-08-31 17:24:08 configure libkf6syndication6:amd64 6.24.0-0ubuntu1 <none>
2026-08-31 17:24:08 status unpacked libkf6syndication6:amd64 6.24.0-0ubuntu1
2026-08-31 17:24:08 status half-configured libkf6syndication6:amd64 6.24.0-0ubuntu1
2026-08-31 17:24:08 status installed libkf6syndication6:amd64 6.24.0-0ubuntu1
2026-08-31 17:24:08 configure sudo-rs:amd64 0.2.13-0ubuntu1 <none>
2026-08-31 17:24:08 status unpacked sudo-rs:amd64 0.2.13-0ubuntu1
2026-08-31 17:24:08 status half-configured sudo-rs:amd64 0.2.13-0ubuntu1
2026-08-31 17:24:08 status installed sudo-rs:amd64 0.2.13-0ubuntu1
2026-08-31 17:24:09 configure python3-cffi-backend:amd64 2.0.0-3build1 <none>
2026-08-31 17:24:09 status unpacked python3-cffi-backend:amd64 2.0.0-3build1
2026-08-31 17:24:09 status half-configured python3-cffi-backend:amd64 2.0.0-3build1
2026-08-31 17:24:09 status installed python3-cffi-backend:amd64 2.0.0-3build1
2026-08-31 17:24:09 configure libproxy1v5:amd64 0.5.12-1 <none>
2026-08-31 17:24:09 status unpacked libproxy1v5:amd64 0.5.12-1
2026-08-31 17:24:09 status half-configured libproxy1v5:amd64 0.5.12-1
2026-08-31 17:24:09 status installed libproxy1v5:amd64 0.5.12-1
2026-08-31 17:24:09 configure libglx-mesa0:amd64 26.0.8-1ubuntu0.3 <none>
2026-08-31 17:24:09 status unpacked libglx-mesa0:amd64 26.0.8-1ubuntu0.3
2026-08-31 17:24:09 status half-configured libglx-mesa0:amd64 26.0.8-1ubuntu0.3
2026-08-31 17:24:09 status installed libglx-mesa0:amd64 26.0.8-1ubuntu0.3
2026-08-31 17:24:09 configure libkf6service6:amd64 6.24.0-0ubuntu1 <none>
2026-08-31 17:24:09 status unpacked libkf6service6:amd64 6.24.0-0ubuntu1
2026-08-31 17:24:09 status half-configured libkf6service6:amd64 6.24.0-0ubuntu1
2026-08-31 17:24:09 status installed libkf6service6:amd64 6.24.0-0ubuntu1
2026-08-31 17:24:09 configure libglx0:amd64 1.7.0-3 <none>
2026-08-31 17:24:09 status unpacked libglx0:amd64 1.7.0-3
2026-08-31 17:24:09 status half-configured libglx0:amd64 1.7.0-3
2026-08-31 17:24:09 status installed libglx0:amd64 1.7.0-3
2026-08-31 17:24:09 configure dconf-gsettings-backend:amd64 0.49.0-4 <none>
2026-08-31 17:24:09 status unpacked dconf-gsettings-backend:amd64 0.49.0-4
2026-08-31 17:24:09 status half-configured dconf-gsettings-backend:amd64 0.49.0-4
2026-08-31 17:24:09 status installed dconf-gsettings-backend:amd64 0.49.0-4
2026-08-31 17:24:09 configure python3-apt:amd64 3.1.0ubuntu1.1 <none>
2026-08-31 17:24:09 status unpacked python3-apt:amd64 3.1.0ubuntu1.1
2026-08-31 17:24:09 status half-configured python3-apt:amd64 3.1.0ubuntu1.1
2026-08-31 17:24:09 status installed python3-apt:amd64 3.1.0ubuntu1.1
2026-08-31 17:24:09 configure x11-xkb-utils:amd64 7.7+9build1 <none>
2026-08-31 17:24:09 status unpacked x11-xkb-utils:amd64 7.7+9build1
2026-08-31 17:24:09 status half-configured x11-xkb-utils:amd64 7.7+9build1
2026-08-31 17:24:09 status installed x11-xkb-utils:amd64 7.7+9build1
2026-08-31 17:24:09 configure cifs-utils:amd64 2:7.4-1ubuntu0.26.04.3 <none>
2026-08-31 17:24:09 status unpacked cifs-utils:amd64 2:7.4-1ubuntu0.26.04.3
2026-08-31 17:24:09 status half-configured cifs-utils:amd64 2:7.4-1ubuntu0.26.04.3
2026-08-31 17:24:09 status installed cifs-utils:amd64 2:7.4-1ubuntu0.26.04.3
2026-08-31 17:24:09 configure python3-yaml:amd64 6.0.3-1build1 <none>
2026-08-31 17:24:09 status unpacked python3-yaml:amd64 6.0.3-1build1
2026-08-31 17:24:09 status half-configured python3-yaml:amd64 6.0.3-1build1
2026-08-31 17:24:09 status installed python3-yaml:amd64 6.0.3-1build1
2026-08-31 17:24:09 configure casper:amd64 26.04.2 <none>
2026-08-31 17:24:09 status unpacked casper:amd64 26.04.2
2026-08-31 17:24:09 status half-configured casper:amd64 26.04.2
2026-08-31 17:24:09 status installed casper:amd64 26.04.2
2026-08-31 17:24:09 configure libgl1:amd64 1.7.0-3 <none>
2026-08-31 17:24:09 status unpacked libgl1:amd64 1.7.0-3
2026-08-31 17:24:09 status half-configured libgl1:amd64 1.7.0-3
2026-08-31 17:24:09 status installed libgl1:amd64 1.7.0-3
2026-08-31 17:24:09 configure libqt6gui6:amd64 6.10.2+dfsg-7 <none>
2026-08-31 17:24:09 status unpacked libqt6gui6:amd64 6.10.2+dfsg-7
2026-08-31 17:24:09 status half-configured libqt6gui6:amd64 6.10.2+dfsg-7
2026-08-31 17:24:09 status installed libqt6gui6:amd64 6.10.2+dfsg-7
2026-08-31 17:24:09 configure libkf6notifications6:amd64 6.24.0-0ubuntu1 <none>
2026-08-31 17:24:09 status unpacked libkf6notifications6:amd64 6.24.0-0ubuntu1
2026-08-31 17:24:09 status half-configured libkf6notifications6:amd64 6.24.0-0ubuntu1
2026-08-31 17:24:09 status installed libkf6notifications6:amd64 6.24.0-0ubuntu1
2026-08-31 17:24:09 configure libkf6breezeicons6:amd64 6.24.0-0ubuntu1 <none>
2026-08-31 17:24:09 status unpacked libkf6breezeicons6:amd64 6.24.0-0ubuntu1
2026-08-31 17:24:09 status half-configured libkf6breezeicons6:amd64 6.24.0-0ubuntu1
2026-08-31 17:24:09 status installed libkf6breezeicons6:amd64 6.24.0-0ubuntu1
2026-08-31 17:24:09 configure libqaccessibilityclient-qt6-0:amd64 0.6.0-4ubuntu1 <none>
2026-08-31 17:24:09 status unpacked libqaccessibilityclient-qt6-0:amd64 0.6.0-4ubuntu1
2026-08-31 17:24:09 status half-configured libqaccessibilityclient-qt6-0:amd64 0.6.0-4ubuntu1
2026-08-31 17:24:09 status installed libqaccessibilityclient-qt6-0:amd64 0.6.0-4ubuntu1
2026-08-31 17:24:09 configure libkf6crash6:amd64 6.24.0-0ubuntu1 <none>
2026-08-31 17:24:09 status unpacked libkf6crash6:amd64 6.24.0-0ubuntu1
2026-08-31 17:24:09 status half-configured libkf6crash6:amd64 6.24.0-0ubuntu1
2026-08-31 17:24:09 status installed libkf6crash6:amd64 6.24.0-0ubuntu1
2026-08-31 17:24:09 configure libopencv-core410:amd64 4.10.0+dfsg-7ubuntu5 <none>
2026-08-31 17:24:09 status unpacked libopencv-core410:amd64 4.10.0+dfsg-7ubuntu5
2026-08-31 17:24:09 status half-configured libopencv-core410:amd64 4.10.0+dfsg-7ubuntu5
2026-08-31 17:24:09 status installed libopencv-core410:amd64 4.10.0+dfsg-7ubuntu5
2026-08-31 17:24:09 configure libqt6network6:amd64 6.10.2+dfsg-7 <none>
2026-08-31 17:24:09 status unpacked libqt6network6:amd64 6.10.2+dfsg-7
2026-08-31 17:24:09 status half-configured libqt6network6:amd64 6.10.2+dfsg-7
2026-08-31 17:24:09 status installed libqt6network6:amd64 6.10.2+dfsg-7
2026-08-31 17:24:09 configure python3-netplan:amd64 1.2-1ubuntu5 <none>
2026-08-31 17:24:09 status unpacked python3-netplan:amd64 1.2-1ubuntu5
2026-08-31 17:24:09 status half-configured python3-netplan:amd64 1.2-1ubuntu5
2026-08-31 17:24:09 status installed python3-netplan:amd64 1.2-1ubuntu5
2026-08-31 17:24:09 configure xserver-common:all 2:21.1.22-1ubuntu1 <none>
2026-08-31 17:24:09 status unpacked xserver-common:all 2:21.1.22-1ubuntu1
2026-08-31 17:24:09 status half-configured xserver-common:all 2:21.1.22-1ubuntu1
2026-08-31 17:24:09 status installed xserver-common:all 2:21.1.22-1ubuntu1
2026-08-31 17:24:09 configure xwayland:amd64 2:24.1.10-1 <none>
2026-08-31 17:24:09 status unpacked xwayland:amd64 2:24.1.10-1
2026-08-31 17:24:09 status half-configured xwayland:amd64 2:24.1.10-1
2026-08-31 17:24:09 status installed xwayland:amd64 2:24.1.10-1
2026-08-31 17:24:09 configure libkdecorations3private2:amd64 4:6.6.4-0ubuntu1 <none>
2026-08-31 17:24:09 status unpacked libkdecorations3private2:amd64 4:6.6.4-0ubuntu1
2026-08-31 17:24:09 status half-configured libkdecorations3private2:amd64 4:6.6.4-0ubuntu1
2026-08-31 17:24:09 status installed libkdecorations3private2:amd64 4:6.6.4-0ubuntu1
2026-08-31 17:24:09 configure libkf6bookmarks6:amd64 6.24.0-0ubuntu1 <none>
2026-08-31 17:24:09 status unpacked libkf6bookmarks6:amd64 6.24.0-0ubuntu1
2026-08-31 17:24:09 status half-configured libkf6bookmarks6:amd64 6.24.0-0ubuntu1
2026-08-31 17:24:09 status installed libkf6bookmarks6:amd64 6.24.0-0ubuntu1
2026-08-31 17:24:09 configure libkf6bluezqt6:amd64 6.24.0-0ubuntu1 <none>
2026-08-31 17:24:09 status unpacked libkf6bluezqt6:amd64 6.24.0-0ubuntu1
2026-08-31 17:24:09 status half-configured libkf6bluezqt6:amd64 6.24.0-0ubuntu1
2026-08-31 17:24:09 status installed libkf6bluezqt6:amd64 6.24.0-0ubuntu1
2026-08-31 17:24:09 configure ubuntu-pro-client:amd64 37.2ubuntu0.1 <none>
2026-08-31 17:24:09 status unpacked ubuntu-pro-client:amd64 37.2ubuntu0.1
2026-08-31 17:24:09 status half-configured ubuntu-pro-client:amd64 37.2ubuntu0.1
2026-08-31 17:24:10 status installed ubuntu-pro-client:amd64 37.2ubuntu0.1
2026-08-31 17:24:10 configure libkf6solid6:amd64 6.24.0-0ubuntu1 <none>
2026-08-31 17:24:10 status unpacked libkf6solid6:amd64 6.24.0-0ubuntu1
2026-08-31 17:24:10 status half-configured libkf6solid6:amd64 6.24.0-0ubuntu1
2026-08-31 17:24:10 status installed libkf6solid6:amd64 6.24.0-0ubuntu1
2026-08-31 17:24:10 configure libkf6dbusaddons6:amd64 6.24.0-0ubuntu1 <none>
2026-08-31 17:24:10 status unpacked libkf6dbusaddons6:amd64 6.24.0-0ubuntu1
2026-08-31 17:24:10 status half-configured libkf6dbusaddons6:amd64 6.24.0-0ubuntu1
2026-08-31 17:24:10 status installed libkf6dbusaddons6:amd64 6.24.0-0ubuntu1
2026-08-31 17:24:10 configure libopenconnect5:amd64 9.12-3.3 <none>
2026-08-31 17:24:10 status unpacked libopenconnect5:amd64 9.12-3.3
2026-08-31 17:24:10 status half-configured libopenconnect5:amd64 9.12-3.3
2026-08-31 17:24:10 status installed libopenconnect5:amd64 9.12-3.3
2026-08-31 17:24:10 configure gsettings-desktop-schemas:all 50.0-1ubuntu2 <none>
2026-08-31 17:24:10 status unpacked gsettings-desktop-schemas:all 50.0-1ubuntu2
2026-08-31 17:24:10 status half-configured gsettings-desktop-schemas:all 50.0-1ubuntu2
2026-08-31 17:24:10 status installed gsettings-desktop-schemas:all 50.0-1ubuntu2
2026-08-31 17:24:10 configure glib-networking-services:amd64 2.80.1-1build2 <none>
2026-08-31 17:24:10 status unpacked glib-networking-services:amd64 2.80.1-1build2
2026-08-31 17:24:10 status half-configured glib-networking-services:amd64 2.80.1-1build2
2026-08-31 17:24:10 status installed glib-networking-services:amd64 2.80.1-1build2
2026-08-31 17:24:10 configure libpoppler-qt6-3t64:amd64 26.01.0-2ubuntu0.1 <none>
2026-08-31 17:24:10 status unpacked libpoppler-qt6-3t64:amd64 26.01.0-2ubuntu0.1
2026-08-31 17:24:10 status half-configured libpoppler-qt6-3t64:amd64 26.01.0-2ubuntu0.1
2026-08-31 17:24:10 status installed libpoppler-qt6-3t64:amd64 26.01.0-2ubuntu0.1
2026-08-31 17:24:10 configure libkf6purpose6:amd64 6.24.0-0ubuntu1 <none>
2026-08-31 17:24:10 status unpacked libkf6purpose6:amd64 6.24.0-0ubuntu1
2026-08-31 17:24:10 status half-configured libkf6purpose6:amd64 6.24.0-0ubuntu1
2026-08-31 17:24:10 status installed libkf6purpose6:amd64 6.24.0-0ubuntu1
2026-08-31 17:24:10 configure libkf6prison6:amd64 6.24.0-0ubuntu1 <none>
2026-08-31 17:24:10 status unpacked libkf6prison6:amd64 6.24.0-0ubuntu1
2026-08-31 17:24:10 status half-configured libkf6prison6:amd64 6.24.0-0ubuntu1
2026-08-31 17:24:10 status installed libkf6prison6:amd64 6.24.0-0ubuntu1
2026-08-31 17:24:10 configure libqt6qml6:amd64 6.10.2+dfsg-3 <none>
2026-08-31 17:24:10 status unpacked libqt6qml6:amd64 6.10.2+dfsg-3
2026-08-31 17:24:10 status half-configured libqt6qml6:amd64 6.10.2+dfsg-3
2026-08-31 17:24:10 status installed libqt6qml6:amd64 6.10.2+dfsg-3
2026-08-31 17:24:10 configure libqt6opengl6:amd64 6.10.2+dfsg-7 <none>
2026-08-31 17:24:10 status unpacked libqt6opengl6:amd64 6.10.2+dfsg-7
2026-08-31 17:24:10 status half-configured libqt6opengl6:amd64 6.10.2+dfsg-7
2026-08-31 17:24:10 status installed libqt6opengl6:amd64 6.10.2+dfsg-7
2026-08-31 17:24:10 configure libqmobipocket6-3:amd64 4:25.12.3-0ubuntu1 <none>
2026-08-31 17:24:10 status unpacked libqmobipocket6-3:amd64 4:25.12.3-0ubuntu1
2026-08-31 17:24:10 status half-configured libqmobipocket6-3:amd64 4:25.12.3-0ubuntu1
2026-08-31 17:24:10 status installed libqmobipocket6-3:amd64 4:25.12.3-0ubuntu1
2026-08-31 17:24:10 configure libqt6shadertools6:amd64 6.10.2-1 <none>
2026-08-31 17:24:10 status unpacked libqt6shadertools6:amd64 6.10.2-1
2026-08-31 17:24:10 status half-configured libqt6shadertools6:amd64 6.10.2-1
2026-08-31 17:24:10 status installed libqt6shadertools6:amd64 6.10.2-1
2026-08-31 17:24:10 configure libkf6configgui6:amd64 6.24.0-0ubuntu1 <none>
2026-08-31 17:24:10 status unpacked libkf6configgui6:amd64 6.24.0-0ubuntu1
2026-08-31 17:24:10 status half-configured libkf6configgui6:amd64 6.24.0-0ubuntu1
2026-08-31 17:24:10 status installed libkf6configgui6:amd64 6.24.0-0ubuntu1
2026-08-31 17:24:10 configure libqt6qmlmodels6:amd64 6.10.2+dfsg-3 <none>
2026-08-31 17:24:10 status unpacked libqt6qmlmodels6:amd64 6.10.2+dfsg-3
2026-08-31 17:24:10 status half-configured libqt6qmlmodels6:amd64 6.10.2+dfsg-3
2026-08-31 17:24:10 status installed libqt6qmlmodels6:amd64 6.10.2+dfsg-3
2026-08-31 17:24:10 configure libkf6screen8:amd64 4:6.6.4-0ubuntu1 <none>
2026-08-31 17:24:10 status unpacked libkf6screen8:amd64 4:6.6.4-0ubuntu1
2026-08-31 17:24:10 status half-configured libkf6screen8:amd64 4:6.6.4-0ubuntu1
2026-08-31 17:24:10 status installed libkf6screen8:amd64 4:6.6.4-0ubuntu1
2026-08-31 17:24:10 configure libkirigamidialogs6:amd64 6.24.0-0ubuntu1 <none>
2026-08-31 17:24:10 status unpacked libkirigamidialogs6:amd64 6.24.0-0ubuntu1
2026-08-31 17:24:10 status half-configured libkirigamidialogs6:amd64 6.24.0-0ubuntu1
2026-08-31 17:24:10 status installed libkirigamidialogs6:amd64 6.24.0-0ubuntu1
2026-08-31 17:24:10 configure libkf6pulseaudioqt5:amd64 1.7.0-1build1 <none>
2026-08-31 17:24:10 status unpacked libkf6pulseaudioqt5:amd64 1.7.0-1build1
2026-08-31 17:24:10 status half-configured libkf6pulseaudioqt5:amd64 1.7.0-1build1
2026-08-31 17:24:10 status installed libkf6pulseaudioqt5:amd64 1.7.0-1build1
2026-08-31 17:24:10 configure libkf6attica6:amd64 6.24.0-0ubuntu1 <none>
2026-08-31 17:24:10 status unpacked libkf6attica6:amd64 6.24.0-0ubuntu1
2026-08-31 17:24:10 status half-configured libkf6attica6:amd64 6.24.0-0ubuntu1
2026-08-31 17:24:10 status installed libkf6attica6:amd64 6.24.0-0ubuntu1
2026-08-31 17:24:10 configure libqt6widgets6:amd64 6.10.2+dfsg-7 <none>
2026-08-31 17:24:10 status unpacked libqt6widgets6:amd64 6.10.2+dfsg-7
2026-08-31 17:24:10 status half-configured libqt6widgets6:amd64 6.10.2+dfsg-7
2026-08-31 17:24:10 status installed libqt6widgets6:amd64 6.10.2+dfsg-7
2026-08-31 17:24:10 configure netplan.io:amd64 1.2-1ubuntu5 <none>
2026-08-31 17:24:10 status unpacked netplan.io:amd64 1.2-1ubuntu5
2026-08-31 17:24:10 status half-configured netplan.io:amd64 1.2-1ubuntu5
2026-08-31 17:24:10 status installed netplan.io:amd64 1.2-1ubuntu5
2026-08-31 17:24:10 configure libqt6qmlworkerscript6:amd64 6.10.2+dfsg-3 <none>
2026-08-31 17:24:10 status unpacked libqt6qmlworkerscript6:amd64 6.10.2+dfsg-3
2026-08-31 17:24:10 status half-configured libqt6qmlworkerscript6:amd64 6.10.2+dfsg-3
2026-08-31 17:24:10 status installed libqt6qmlworkerscript6:amd64 6.10.2+dfsg-3
2026-08-31 17:24:10 configure libqt6svg6:amd64 6.10.2-2 <none>
2026-08-31 17:24:10 status unpacked libqt6svg6:amd64 6.10.2-2
2026-08-31 17:24:10 status half-configured libqt6svg6:amd64 6.10.2-2
2026-08-31 17:24:10 status installed libqt6svg6:amd64 6.10.2-2
2026-08-31 17:24:10 configure qml6-module-qtquick-tooling:amd64 6.10.2+dfsg-3 <none>
2026-08-31 17:24:10 status unpacked qml6-module-qtquick-tooling:amd64 6.10.2+dfsg-3
2026-08-31 17:24:10 status half-configured qml6-module-qtquick-tooling:amd64 6.10.2+dfsg-3
2026-08-31 17:24:10 status installed qml6-module-qtquick-tooling:amd64 6.10.2+dfsg-3
2026-08-31 17:24:10 configure libpyside6-py3-6.10:amd64 6.10.2-6ubuntu1 <none>
2026-08-31 17:24:10 status unpacked libpyside6-py3-6.10:amd64 6.10.2-6ubuntu1
2026-08-31 17:24:10 status half-configured libpyside6-py3-6.10:amd64 6.10.2-6ubuntu1
2026-08-31 17:24:10 status installed libpyside6-py3-6.10:amd64 6.10.2-6ubuntu1
2026-08-31 17:24:10 configure libkirigamidelegates6:amd64 6.24.0-0ubuntu1 <none>
2026-08-31 17:24:10 status unpacked libkirigamidelegates6:amd64 6.24.0-0ubuntu1
2026-08-31 17:24:10 status half-configured libkirigamidelegates6:amd64 6.24.0-0ubuntu1
2026-08-31 17:24:10 status installed libkirigamidelegates6:amd64 6.24.0-0ubuntu1
2026-08-31 17:24:10 configure libqt5gui5t64:amd64 5.15.18+dfsg-1ubuntu1 <none>
2026-08-31 17:24:10 status unpacked libqt5gui5t64:amd64 5.15.18+dfsg-1ubuntu1
2026-08-31 17:24:10 status half-configured libqt5gui5t64:amd64 5.15.18+dfsg-1ubuntu1
2026-08-31 17:24:10 status installed libqt5gui5t64:amd64 5.15.18+dfsg-1ubuntu1
2026-08-31 17:24:10 configure libqt6waylandclient6:amd64 6.10.2+dfsg-7 <none>
2026-08-31 17:24:10 status unpacked libqt6waylandclient6:amd64 6.10.2+dfsg-7
2026-08-31 17:24:10 status half-configured libqt6waylandclient6:amd64 6.10.2+dfsg-7
2026-08-31 17:24:10 status installed libqt6waylandclient6:amd64 6.10.2+dfsg-7
2026-08-31 17:24:10 configure qml6-module-org-kde-coreaddons:amd64 6.24.0-0ubuntu1 <none>
2026-08-31 17:24:10 status unpacked qml6-module-org-kde-coreaddons:amd64 6.24.0-0ubuntu1
2026-08-31 17:24:10 status half-configured qml6-module-org-kde-coreaddons:amd64 6.24.0-0ubuntu1
2026-08-31 17:24:10 status installed qml6-module-org-kde-coreaddons:amd64 6.24.0-0ubuntu1
2026-08-31 17:24:10 configure libkf6networkmanagerqt6:amd64 6.24.0-0ubuntu1 <none>
2026-08-31 17:24:10 status unpacked libkf6networkmanagerqt6:amd64 6.24.0-0ubuntu1
2026-08-31 17:24:10 status half-configured libkf6networkmanagerqt6:amd64 6.24.0-0ubuntu1
2026-08-31 17:24:10 status installed libkf6networkmanagerqt6:amd64 6.24.0-0ubuntu1
2026-08-31 17:24:10 configure libkf6idletime6:amd64 6.24.0-0ubuntu1 <none>
2026-08-31 17:24:10 status unpacked libkf6idletime6:amd64 6.24.0-0ubuntu1
2026-08-31 17:24:10 status half-configured libkf6idletime6:amd64 6.24.0-0ubuntu1
2026-08-31 17:24:10 status installed libkf6idletime6:amd64 6.24.0-0ubuntu1
2026-08-31 17:24:10 configure libopencv-imgproc410:amd64 4.10.0+dfsg-7ubuntu5 <none>
2026-08-31 17:24:10 status unpacked libopencv-imgproc410:amd64 4.10.0+dfsg-7ubuntu5
2026-08-31 17:24:10 status half-configured libopencv-imgproc410:amd64 4.10.0+dfsg-7ubuntu5
2026-08-31 17:24:10 status installed libopencv-imgproc410:amd64 4.10.0+dfsg-7ubuntu5
2026-08-31 17:24:10 configure libkf6screendpms8:amd64 4:6.6.4-0ubuntu1 <none>
2026-08-31 17:24:10 status unpacked libkf6screendpms8:amd64 4:6.6.4-0ubuntu1
2026-08-31 17:24:10 status half-configured libkf6screendpms8:amd64 4:6.6.4-0ubuntu1
2026-08-31 17:24:10 status installed libkf6screendpms8:amd64 4:6.6.4-0ubuntu1
2026-08-31 17:24:10 configure libkf6i18n6:amd64 6.24.0-0ubuntu1 <none>
2026-08-31 17:24:10 status unpacked libkf6i18n6:amd64 6.24.0-0ubuntu1
2026-08-31 17:24:10 status half-configured libkf6i18n6:amd64 6.24.0-0ubuntu1
2026-08-31 17:24:10 status installed libkf6i18n6:amd64 6.24.0-0ubuntu1
2026-08-31 17:24:10 configure libqt6webchannel6:amd64 6.10.2-1 <none>
2026-08-31 17:24:10 status unpacked libqt6webchannel6:amd64 6.10.2-1
2026-08-31 17:24:10 status half-configured libqt6webchannel6:amd64 6.10.2-1
2026-08-31 17:24:10 status installed libqt6webchannel6:amd64 6.10.2-1
2026-08-31 17:24:10 configure libkf6windowsystem6:amd64 6.24.0-0ubuntu1 <none>
2026-08-31 17:24:10 status unpacked libkf6windowsystem6:amd64 6.24.0-0ubuntu1
2026-08-31 17:24:10 status half-configured libkf6windowsystem6:amd64 6.24.0-0ubuntu1
2026-08-31 17:24:10 status installed libkf6windowsystem6:amd64 6.24.0-0ubuntu1
2026-08-31 17:24:10 configure libkf6userfeedbackcore6:amd64 6.24.0-0ubuntu1 <none>
2026-08-31 17:24:10 status unpacked libkf6userfeedbackcore6:amd64 6.24.0-0ubuntu1
2026-08-31 17:24:10 status half-configured libkf6userfeedbackcore6:amd64 6.24.0-0ubuntu1
2026-08-31 17:24:10 status installed libkf6userfeedbackcore6:amd64 6.24.0-0ubuntu1
2026-08-31 17:24:10 configure libkf6runner6:amd64 6.24.0-0ubuntu1 <none>
2026-08-31 17:24:10 status unpacked libkf6runner6:amd64 6.24.0-0ubuntu1
2026-08-31 17:24:10 status half-configured libkf6runner6:amd64 6.24.0-0ubuntu1
2026-08-31 17:24:10 status installed libkf6runner6:amd64 6.24.0-0ubuntu1
2026-08-31 17:24:10 configure libkirigamipolyfill6:amd64 6.24.0-0ubuntu1 <none>
2026-08-31 17:24:10 status unpacked libkirigamipolyfill6:amd64 6.24.0-0ubuntu1
2026-08-31 17:24:10 status half-configured libkirigamipolyfill6:amd64 6.24.0-0ubuntu1
2026-08-31 17:24:10 status installed libkirigamipolyfill6:amd64 6.24.0-0ubuntu1
2026-08-31 17:24:10 configure libkf6i18nqml6:amd64 6.24.0-0ubuntu1 <none>
2026-08-31 17:24:10 status unpacked libkf6i18nqml6:amd64 6.24.0-0ubuntu1
2026-08-31 17:24:10 status half-configured libkf6i18nqml6:amd64 6.24.0-0ubuntu1
2026-08-31 17:24:10 status installed libkf6i18nqml6:amd64 6.24.0-0ubuntu1
2026-08-31 17:24:10 configure glib-networking:amd64 2.80.1-1build2 <none>
2026-08-31 17:24:10 status unpacked glib-networking:amd64 2.80.1-1build2
2026-08-31 17:24:10 status half-configured glib-networking:amd64 2.80.1-1build2
2026-08-31 17:24:10 status installed glib-networking:amd64 2.80.1-1build2
2026-08-31 17:24:10 configure libkf6userfeedbackwidgets6:amd64 6.24.0-0ubuntu1 <none>
2026-08-31 17:24:10 status unpacked libkf6userfeedbackwidgets6:amd64 6.24.0-0ubuntu1
2026-08-31 17:24:10 status half-configured libkf6userfeedbackwidgets6:amd64 6.24.0-0ubuntu1
2026-08-31 17:24:10 status installed libkf6userfeedbackwidgets6:amd64 6.24.0-0ubuntu1
2026-08-31 17:24:10 configure libqt6qmlmeta6:amd64 6.10.2+dfsg-3 <none>
2026-08-31 17:24:10 status unpacked libqt6qmlmeta6:amd64 6.10.2+dfsg-3
2026-08-31 17:24:10 status half-configured libqt6qmlmeta6:amd64 6.10.2+dfsg-3
2026-08-31 17:24:10 status installed libqt6qmlmeta6:amd64 6.10.2+dfsg-3
2026-08-31 17:24:10 configure libkf6service-bin:amd64 6.24.0-0ubuntu1 <none>
2026-08-31 17:24:10 status unpacked libkf6service-bin:amd64 6.24.0-0ubuntu1
2026-08-31 17:24:10 status half-configured libkf6service-bin:amd64 6.24.0-0ubuntu1
2026-08-31 17:24:10 status installed libkf6service-bin:amd64 6.24.0-0ubuntu1
2026-08-31 17:24:10 configure libkirigamiprivate6:amd64 6.24.0-0ubuntu1 <none>
2026-08-31 17:24:10 status unpacked libkirigamiprivate6:amd64 6.24.0-0ubuntu1
2026-08-31 17:24:10 status half-configured libkirigamiprivate6:amd64 6.24.0-0ubuntu1
2026-08-31 17:24:10 status installed libkirigamiprivate6:amd64 6.24.0-0ubuntu1
2026-08-31 17:24:10 configure libqt6openglwidgets6:amd64 6.10.2+dfsg-7 <none>
2026-08-31 17:24:10 status unpacked libqt6openglwidgets6:amd64 6.10.2+dfsg-7
2026-08-31 17:24:10 status half-configured libqt6openglwidgets6:amd64 6.10.2+dfsg-7
2026-08-31 17:24:10 status installed libqt6openglwidgets6:amd64 6.10.2+dfsg-7
2026-08-31 17:24:10 configure libkf6kiocore6:amd64 6.24.0-0ubuntu1 <none>
2026-08-31 17:24:10 status unpacked libkf6kiocore6:amd64 6.24.0-0ubuntu1
2026-08-31 17:24:10 status half-configured libkf6kiocore6:amd64 6.24.0-0ubuntu1
2026-08-31 17:24:10 status installed libkf6kiocore6:amd64 6.24.0-0ubuntu1
2026-08-31 17:24:10 configure libkirigamitemplates6:amd64 6.24.0-0ubuntu1 <none>
2026-08-31 17:24:10 status unpacked libkirigamitemplates6:amd64 6.24.0-0ubuntu1
2026-08-31 17:24:10 status half-configured libkirigamitemplates6:amd64 6.24.0-0ubuntu1
2026-08-31 17:24:10 status installed libkirigamitemplates6:amd64 6.24.0-0ubuntu1
2026-08-31 17:24:10 configure libqt6wlshellintegration6:amd64 6.10.2+dfsg-7 <none>
2026-08-31 17:24:10 status unpacked libqt6wlshellintegration6:amd64 6.10.2+dfsg-7
2026-08-31 17:24:10 status half-configured libqt6wlshellintegration6:amd64 6.10.2+dfsg-7
2026-08-31 17:24:10 status installed libqt6wlshellintegration6:amd64 6.10.2+dfsg-7
2026-08-31 17:24:10 configure libkf6itemviews6:amd64 6.24.0-0ubuntu1 <none>
2026-08-31 17:24:10 status unpacked libkf6itemviews6:amd64 6.24.0-0ubuntu1
2026-08-31 17:24:10 status half-configured libkf6itemviews6:amd64 6.24.0-0ubuntu1
2026-08-31 17:24:10 status installed libkf6itemviews6:amd64 6.24.0-0ubuntu1
2026-08-31 17:24:10 configure liblayershellqtinterface6:amd64 6.6.4-0ubuntu1 <none>
2026-08-31 17:24:10 status unpacked liblayershellqtinterface6:amd64 6.6.4-0ubuntu1
2026-08-31 17:24:10 status half-configured liblayershellqtinterface6:amd64 6.6.4-0ubuntu1
2026-08-31 17:24:10 status installed liblayershellqtinterface6:amd64 6.6.4-0ubuntu1
2026-08-31 17:24:10 configure qml6-module-org-kde-networkmanager:amd64 6.24.0-0ubuntu1 <none>
2026-08-31 17:24:10 status unpacked qml6-module-org-kde-networkmanager:amd64 6.24.0-0ubuntu1
2026-08-31 17:24:10 status half-configured qml6-module-org-kde-networkmanager:amd64 6.24.0-0ubuntu1
2026-08-31 17:24:10 status installed qml6-module-org-kde-networkmanager:amd64 6.24.0-0ubuntu1
2026-08-31 17:24:10 configure libkf6pty6:amd64 6.24.0-0ubuntu1 <none>
2026-08-31 17:24:10 status unpacked libkf6pty6:amd64 6.24.0-0ubuntu1
2026-08-31 17:24:10 status half-configured libkf6pty6:amd64 6.24.0-0ubuntu1
2026-08-31 17:24:10 status installed libkf6pty6:amd64 6.24.0-0ubuntu1
2026-08-31 17:24:10 configure libkf6sonnetui6:amd64 6.24.0-0ubuntu1 <none>
2026-08-31 17:24:10 status unpacked libkf6sonnetui6:amd64 6.24.0-0ubuntu1
2026-08-31 17:24:10 status half-configured libkf6sonnetui6:amd64 6.24.0-0ubuntu1
2026-08-31 17:24:10 status installed libkf6sonnetui6:amd64 6.24.0-0ubuntu1
2026-08-31 17:24:10 configure libqt5x11extras5:amd64 5.15.18-1 <none>
2026-08-31 17:24:10 status unpacked libqt5x11extras5:amd64 5.15.18-1
2026-08-31 17:24:10 status half-configured libqt5x11extras5:amd64 5.15.18-1
2026-08-31 17:24:10 status installed libqt5x11extras5:amd64 5.15.18-1
2026-08-31 17:24:10 configure libkf6purposewidgets6:amd64 6.24.0-0ubuntu1 <none>
2026-08-31 17:24:10 status unpacked libkf6purposewidgets6:amd64 6.24.0-0ubuntu1
2026-08-31 17:24:10 status half-configured libkf6purposewidgets6:amd64 6.24.0-0ubuntu1
2026-08-31 17:24:10 status installed libkf6purposewidgets6:amd64 6.24.0-0ubuntu1
2026-08-31 17:24:10 configure libqt6printsupport6:amd64 6.10.2+dfsg-7 <none>
2026-08-31 17:24:10 status unpacked libqt6printsupport6:amd64 6.10.2+dfsg-7
2026-08-31 17:24:10 status half-configured libqt6printsupport6:amd64 6.10.2+dfsg-7
2026-08-31 17:24:10 status installed libqt6printsupport6:amd64 6.10.2+dfsg-7
2026-08-31 17:24:10 configure libpolkit-qt6-1-1:amd64 0.200.0-4ubuntu1 <none>
2026-08-31 17:24:10 status unpacked libpolkit-qt6-1-1:amd64 0.200.0-4ubuntu1
2026-08-31 17:24:10 status half-configured libpolkit-qt6-1-1:amd64 0.200.0-4ubuntu1
2026-08-31 17:24:10 status installed libpolkit-qt6-1-1:amd64 0.200.0-4ubuntu1
2026-08-31 17:24:10 configure libkirigamilayoutsprivate6:amd64 6.24.0-0ubuntu1 <none>
2026-08-31 17:24:10 status unpacked libkirigamilayoutsprivate6:amd64 6.24.0-0ubuntu1
2026-08-31 17:24:10 status half-configured libkirigamilayoutsprivate6:amd64 6.24.0-0ubuntu1
2026-08-31 17:24:10 status installed libkirigamilayoutsprivate6:amd64 6.24.0-0ubuntu1
2026-08-31 17:24:10 configure python3-pyside6.qtcore:amd64 6.10.2-6ubuntu1 <none>
2026-08-31 17:24:10 status unpacked python3-pyside6.qtcore:amd64 6.10.2-6ubuntu1
2026-08-31 17:24:10 status half-configured python3-pyside6.qtcore:amd64 6.10.2-6ubuntu1
2026-08-31 17:24:10 status installed python3-pyside6.qtcore:amd64 6.10.2-6ubuntu1
2026-08-31 17:24:10 configure libkaccounts6-2:amd64 4:25.12.3-0ubuntu1 <none>
2026-08-31 17:24:10 status unpacked libkaccounts6-2:amd64 4:25.12.3-0ubuntu1
2026-08-31 17:24:10 status half-configured libkaccounts6-2:amd64 4:25.12.3-0ubuntu1
2026-08-31 17:24:10 status installed libkaccounts6-2:amd64 4:25.12.3-0ubuntu1
2026-08-31 17:24:10 configure libqt5widgets5t64:amd64 5.15.18+dfsg-1ubuntu1 <none>
2026-08-31 17:24:10 status unpacked libqt5widgets5t64:amd64 5.15.18+dfsg-1ubuntu1
2026-08-31 17:24:10 status half-configured libqt5widgets5t64:amd64 5.15.18+dfsg-1ubuntu1
2026-08-31 17:24:10 status installed libqt5widgets5t64:amd64 5.15.18+dfsg-1ubuntu1
2026-08-31 17:24:10 configure libkf6widgetsaddons6:amd64 6.24.0-0ubuntu1 <none>
2026-08-31 17:24:10 status unpacked libkf6widgetsaddons6:amd64 6.24.0-0ubuntu1
2026-08-31 17:24:10 status half-configured libkf6widgetsaddons6:amd64 6.24.0-0ubuntu1
2026-08-31 17:24:10 status installed libkf6widgetsaddons6:amd64 6.24.0-0ubuntu1
2026-08-31 17:24:10 configure libkf6kiogui6:amd64 6.24.0-0ubuntu1 <none>
2026-08-31 17:24:10 status unpacked libkf6kiogui6:amd64 6.24.0-0ubuntu1
2026-08-31 17:24:10 status half-configured libkf6kiogui6:amd64 6.24.0-0ubuntu1
2026-08-31 17:24:10 status installed libkf6kiogui6:amd64 6.24.0-0ubuntu1
2026-08-31 17:24:10 configure kded6:amd64 6.24.0-0ubuntu1 <none>
2026-08-31 17:24:10 status unpacked kded6:amd64 6.24.0-0ubuntu1
2026-08-31 17:24:10 status half-configured kded6:amd64 6.24.0-0ubuntu1
2026-08-31 17:24:10 status installed kded6:amd64 6.24.0-0ubuntu1
2026-08-31 17:24:10 configure libkf6balooengine6:amd64 6.24.0-0ubuntu1 <none>
2026-08-31 17:24:10 status unpacked libkf6balooengine6:amd64 6.24.0-0ubuntu1
2026-08-31 17:24:10 status half-configured libkf6balooengine6:amd64 6.24.0-0ubuntu1
2026-08-31 17:24:10 status installed libkf6balooengine6:amd64 6.24.0-0ubuntu1
2026-08-31 17:24:10 configure python3-pyside6.qtgui:amd64 6.10.2-6ubuntu1 <none>
2026-08-31 17:24:10 status unpacked python3-pyside6.qtgui:amd64 6.10.2-6ubuntu1
2026-08-31 17:24:10 status half-configured python3-pyside6.qtgui:amd64 6.10.2-6ubuntu1
2026-08-31 17:24:10 status installed python3-pyside6.qtgui:amd64 6.10.2-6ubuntu1
2026-08-31 17:24:10 configure libkf6statusnotifieritem6:amd64 6.24.0-0ubuntu1 <none>
2026-08-31 17:24:10 status unpacked libkf6statusnotifieritem6:amd64 6.24.0-0ubuntu1
2026-08-31 17:24:10 status half-configured libkf6statusnotifieritem6:amd64 6.24.0-0ubuntu1
2026-08-31 17:24:10 status installed libkf6statusnotifieritem6:amd64 6.24.0-0ubuntu1
2026-08-31 17:24:10 configure libkdecorations3-6:amd64 4:6.6.4-0ubuntu1 <none>
2026-08-31 17:24:10 status unpacked libkdecorations3-6:amd64 4:6.6.4-0ubuntu1
2026-08-31 17:24:10 status half-configured libkdecorations3-6:amd64 4:6.6.4-0ubuntu1
2026-08-31 17:24:10 status installed libkdecorations3-6:amd64 4:6.6.4-0ubuntu1
2026-08-31 17:24:10 configure libqt5svg5:amd64 5.15.18-1 <none>
2026-08-31 17:24:10 status unpacked libqt5svg5:amd64 5.15.18-1
2026-08-31 17:24:10 status half-configured libqt5svg5:amd64 5.15.18-1
2026-08-31 17:24:10 status installed libqt5svg5:amd64 5.15.18-1
2026-08-31 17:24:10 configure libsoup-3.0-0:amd64 3.6.6-1 <none>
2026-08-31 17:24:10 status unpacked libsoup-3.0-0:amd64 3.6.6-1
2026-08-31 17:24:10 status half-configured libsoup-3.0-0:amd64 3.6.6-1
2026-08-31 17:24:10 status installed libsoup-3.0-0:amd64 3.6.6-1
2026-08-31 17:24:10 configure qml6-module-qtqml-models:amd64 6.10.2+dfsg-3 <none>
2026-08-31 17:24:10 status unpacked qml6-module-qtqml-models:amd64 6.10.2+dfsg-3
2026-08-31 17:24:10 status half-configured qml6-module-qtqml-models:amd64 6.10.2+dfsg-3
2026-08-31 17:24:10 status installed qml6-module-qtqml-models:amd64 6.10.2+dfsg-3
2026-08-31 17:24:10 configure libkf6package6:amd64 6.24.0-0ubuntu1 <none>
2026-08-31 17:24:10 status unpacked libkf6package6:amd64 6.24.0-0ubuntu1
2026-08-31 17:24:10 status half-configured libkf6package6:amd64 6.24.0-0ubuntu1
2026-08-31 17:24:10 status installed libkf6package6:amd64 6.24.0-0ubuntu1
2026-08-31 17:24:10 configure libkf6globalaccel6:amd64 6.24.0-0ubuntu1 <none>
2026-08-31 17:24:10 status unpacked libkf6globalaccel6:amd64 6.24.0-0ubuntu1
2026-08-31 17:24:10 status half-configured libkf6globalaccel6:amd64 6.24.0-0ubuntu1
2026-08-31 17:24:10 status installed libkf6globalaccel6:amd64 6.24.0-0ubuntu1
2026-08-31 17:24:10 configure network-manager:amd64 1.54.3-2ubuntu3 <none>
2026-08-31 17:24:10 status unpacked network-manager:amd64 1.54.3-2ubuntu3
2026-08-31 17:24:10 status half-configured network-manager:amd64 1.54.3-2ubuntu3
2026-08-31 17:24:10 status installed network-manager:amd64 1.54.3-2ubuntu3
2026-08-31 17:24:10 configure qml6-module-qt-labs-qmlmodels:amd64 6.10.2+dfsg-3 <none>
2026-08-31 17:24:10 status unpacked qml6-module-qt-labs-qmlmodels:amd64 6.10.2+dfsg-3
2026-08-31 17:24:10 status half-configured qml6-module-qt-labs-qmlmodels:amd64 6.10.2+dfsg-3
2026-08-31 17:24:10 status installed qml6-module-qt-labs-qmlmodels:amd64 6.10.2+dfsg-3
2026-08-31 17:24:10 configure libkf6filemetadata3:amd64 6.24.0-0ubuntu1 <none>
2026-08-31 17:24:10 status unpacked libkf6filemetadata3:amd64 6.24.0-0ubuntu1
2026-08-31 17:24:10 status half-configured libkf6filemetadata3:amd64 6.24.0-0ubuntu1
2026-08-31 17:24:10 status installed libkf6filemetadata3:amd64 6.24.0-0ubuntu1
2026-08-31 17:24:10 configure libkf6jobwidgets6:amd64 6.24.0-0ubuntu1 <none>
2026-08-31 17:24:10 status unpacked libkf6jobwidgets6:amd64 6.24.0-0ubuntu1
2026-08-31 17:24:10 status half-configured libkf6jobwidgets6:amd64 6.24.0-0ubuntu1
2026-08-31 17:24:10 status installed libkf6jobwidgets6:amd64 6.24.0-0ubuntu1
2026-08-31 17:24:10 configure libkwaylandclient6:amd64 4:6.6.4-0ubuntu1 <none>
2026-08-31 17:24:10 status unpacked libkwaylandclient6:amd64 4:6.6.4-0ubuntu1
2026-08-31 17:24:10 status half-configured libkwaylandclient6:amd64 4:6.6.4-0ubuntu1
2026-08-31 17:24:10 status installed libkwaylandclient6:amd64 4:6.6.4-0ubuntu1
2026-08-31 17:24:10 configure libkf6guiaddons6:amd64 6.24.0-0ubuntu1.1 <none>
2026-08-31 17:24:10 status unpacked libkf6guiaddons6:amd64 6.24.0-0ubuntu1.1
2026-08-31 17:24:10 status half-configured libkf6guiaddons6:amd64 6.24.0-0ubuntu1.1
2026-08-31 17:24:10 status installed libkf6guiaddons6:amd64 6.24.0-0ubuntu1.1
2026-08-31 17:24:10 configure qml6-module-qtqml-workerscript:amd64 6.10.2+dfsg-3 <none>
2026-08-31 17:24:10 status unpacked qml6-module-qtqml-workerscript:amd64 6.10.2+dfsg-3
2026-08-31 17:24:10 status half-configured qml6-module-qtqml-workerscript:amd64 6.10.2+dfsg-3
2026-08-31 17:24:10 status installed qml6-module-qtqml-workerscript:amd64 6.10.2+dfsg-3
2026-08-31 17:24:10 configure libkscreen-bin:amd64 4:6.6.4-0ubuntu1 <none>
2026-08-31 17:24:10 status unpacked libkscreen-bin:amd64 4:6.6.4-0ubuntu1
2026-08-31 17:24:10 status half-configured libkscreen-bin:amd64 4:6.6.4-0ubuntu1
2026-08-31 17:24:10 status installed libkscreen-bin:amd64 4:6.6.4-0ubuntu1
2026-08-31 17:24:10 configure python3-pyside6.qtdbus:amd64 6.10.2-6ubuntu1 <none>
2026-08-31 17:24:10 status unpacked python3-pyside6.qtdbus:amd64 6.10.2-6ubuntu1
2026-08-31 17:24:10 status half-configured python3-pyside6.qtdbus:amd64 6.10.2-6ubuntu1
2026-08-31 17:24:10 status installed python3-pyside6.qtdbus:amd64 6.10.2-6ubuntu1
2026-08-31 17:24:10 configure libkf6baloo6:amd64 6.24.0-0ubuntu1 <none>
2026-08-31 17:24:10 status unpacked libkf6baloo6:amd64 6.24.0-0ubuntu1
2026-08-31 17:24:10 status half-configured libkf6baloo6:amd64 6.24.0-0ubuntu1
2026-08-31 17:24:10 status installed libkf6baloo6:amd64 6.24.0-0ubuntu1
2026-08-31 17:24:10 configure libqt6quick6:amd64 6.10.2+dfsg-3 <none>
2026-08-31 17:24:10 status unpacked libqt6quick6:amd64 6.10.2+dfsg-3
2026-08-31 17:24:10 status half-configured libqt6quick6:amd64 6.10.2+dfsg-3
2026-08-31 17:24:10 status installed libqt6quick6:amd64 6.10.2+dfsg-3
2026-08-31 17:24:10 configure qml6-module-qtqml:amd64 6.10.2+dfsg-3 <none>
2026-08-31 17:24:10 status unpacked qml6-module-qtqml:amd64 6.10.2+dfsg-3
2026-08-31 17:24:10 status half-configured qml6-module-qtqml:amd64 6.10.2+dfsg-3
2026-08-31 17:24:10 status installed qml6-module-qtqml:amd64 6.10.2+dfsg-3
2026-08-31 17:24:10 configure libkf6su6:amd64 6.24.0-0ubuntu1 <none>
2026-08-31 17:24:10 status unpacked libkf6su6:amd64 6.24.0-0ubuntu1
2026-08-31 17:24:10 status half-configured libkf6su6:amd64 6.24.0-0ubuntu1
2026-08-31 17:24:10 status installed libkf6su6:amd64 6.24.0-0ubuntu1
2026-08-31 17:24:10 configure libquickcharts1:amd64 6.24.0-0ubuntu1 <none>
2026-08-31 17:24:10 status unpacked libquickcharts1:amd64 6.24.0-0ubuntu1
2026-08-31 17:24:10 status half-configured libquickcharts1:amd64 6.24.0-0ubuntu1
2026-08-31 17:24:10 status installed libquickcharts1:amd64 6.24.0-0ubuntu1
2026-08-31 17:24:10 configure libkf6newstuffcore6:amd64 6.24.0-0ubuntu1 <none>
2026-08-31 17:24:10 status unpacked libkf6newstuffcore6:amd64 6.24.0-0ubuntu1
2026-08-31 17:24:10 status half-configured libkf6newstuffcore6:amd64 6.24.0-0ubuntu1
2026-08-31 17:24:10 status installed libkf6newstuffcore6:amd64 6.24.0-0ubuntu1
2026-08-31 17:24:10 configure python3-pyside6.qtnetwork:amd64 6.10.2-6ubuntu1 <none>
2026-08-31 17:24:10 status unpacked python3-pyside6.qtnetwork:amd64 6.10.2-6ubuntu1
2026-08-31 17:24:10 status half-configured python3-pyside6.qtnetwork:amd64 6.10.2-6ubuntu1
2026-08-31 17:24:10 status installed python3-pyside6.qtnetwork:amd64 6.10.2-6ubuntu1
2026-08-31 17:24:10 configure libsnapd-glib-2-1:amd64 1.72-0ubuntu3 <none>
2026-08-31 17:24:10 status unpacked libsnapd-glib-2-1:amd64 1.72-0ubuntu3
2026-08-31 17:24:10 status half-configured libsnapd-glib-2-1:amd64 1.72-0ubuntu3
2026-08-31 17:24:10 status installed libsnapd-glib-2-1:amd64 1.72-0ubuntu3
2026-08-31 17:24:10 configure libkirigamicontrols6:amd64 6.24.0-0ubuntu1 <none>
2026-08-31 17:24:10 status unpacked libkirigamicontrols6:amd64 6.24.0-0ubuntu1
2026-08-31 17:24:10 status half-configured libkirigamicontrols6:amd64 6.24.0-0ubuntu1
2026-08-31 17:24:10 status installed libkirigamicontrols6:amd64 6.24.0-0ubuntu1
2026-08-31 17:24:10 configure libqt6quickshapes6:amd64 6.10.2+dfsg-3 <none>
2026-08-31 17:24:10 status unpacked libqt6quickshapes6:amd64 6.10.2+dfsg-3
2026-08-31 17:24:10 status half-configured libqt6quickshapes6:amd64 6.10.2+dfsg-3
2026-08-31 17:24:10 status installed libqt6quickshapes6:amd64 6.10.2+dfsg-3
2026-08-31 17:24:10 configure libqt6uitools6:amd64 6.10.2-1 <none>
2026-08-31 17:24:10 status unpacked libqt6uitools6:amd64 6.10.2-1
2026-08-31 17:24:10 status half-configured libqt6uitools6:amd64 6.10.2-1
2026-08-31 17:24:10 status installed libqt6uitools6:amd64 6.10.2-1
2026-08-31 17:24:10 configure libkf6colorscheme6:amd64 6.24.0-0ubuntu1 <none>
2026-08-31 17:24:10 status unpacked libkf6colorscheme6:amd64 6.24.0-0ubuntu1
2026-08-31 17:24:10 status half-configured libkf6colorscheme6:amd64 6.24.0-0ubuntu1
2026-08-31 17:24:10 status installed libkf6colorscheme6:amd64 6.24.0-0ubuntu1
2026-08-31 17:24:10 configure qt-style-kvantum:amd64 1.1.5-1 <none>
2026-08-31 17:24:10 status unpacked qt-style-kvantum:amd64 1.1.5-1
2026-08-31 17:24:10 status half-configured qt-style-kvantum:amd64 1.1.5-1
2026-08-31 17:24:10 status installed qt-style-kvantum:amd64 1.1.5-1
2026-08-31 17:24:10 configure qml6-module-org-kde-sonnet:amd64 6.24.0-0ubuntu1 <none>
2026-08-31 17:24:10 status unpacked qml6-module-org-kde-sonnet:amd64 6.24.0-0ubuntu1
2026-08-31 17:24:10 status half-configured qml6-module-org-kde-sonnet:amd64 6.24.0-0ubuntu1
2026-08-31 17:24:10 status installed qml6-module-org-kde-sonnet:amd64 6.24.0-0ubuntu1
2026-08-31 17:24:10 configure libkf6completion6:amd64 6.24.0-0ubuntu1 <none>
2026-08-31 17:24:10 status unpacked libkf6completion6:amd64 6.24.0-0ubuntu1
2026-08-31 17:24:10 status half-configured libkf6completion6:amd64 6.24.0-0ubuntu1
2026-08-31 17:24:10 status installed libkf6completion6:amd64 6.24.0-0ubuntu1
2026-08-31 17:24:10 configure python3-pyside6.qtqml:amd64 6.10.2-6ubuntu1 <none>
2026-08-31 17:24:10 status unpacked python3-pyside6.qtqml:amd64 6.10.2-6ubuntu1
2026-08-31 17:24:10 status half-configured python3-pyside6.qtqml:amd64 6.10.2-6ubuntu1
2026-08-31 17:24:10 status installed python3-pyside6.qtqml:amd64 6.10.2-6ubuntu1
2026-08-31 17:24:10 configure libkf6authcore6:amd64 6.24.0-0ubuntu1 <none>
2026-08-31 17:24:10 status unpacked libkf6authcore6:amd64 6.24.0-0ubuntu1
2026-08-31 17:24:10 status half-configured libkf6authcore6:amd64 6.24.0-0ubuntu1
2026-08-31 17:24:10 status installed libkf6authcore6:amd64 6.24.0-0ubuntu1
2026-08-31 17:24:10 configure libkf6walletbackend6:amd64 6.24.0-0ubuntu1 <none>
2026-08-31 17:24:10 status unpacked libkf6walletbackend6:amd64 6.24.0-0ubuntu1
2026-08-31 17:24:10 status half-configured libkf6walletbackend6:amd64 6.24.0-0ubuntu1
2026-08-31 17:24:10 status installed libkf6walletbackend6:amd64 6.24.0-0ubuntu1
2026-08-31 17:24:10 configure qml6-module-qtcore:amd64 6.10.2+dfsg-3 <none>
2026-08-31 17:24:10 status unpacked qml6-module-qtcore:amd64 6.10.2+dfsg-3
2026-08-31 17:24:10 status half-configured qml6-module-qtcore:amd64 6.10.2+dfsg-3
2026-08-31 17:24:10 status installed qml6-module-qtcore:amd64 6.10.2+dfsg-3
2026-08-31 17:24:10 configure qt6-style-kvantum:all 1.1.5-1 <none>
2026-08-31 17:24:10 status unpacked qt6-style-kvantum:all 1.1.5-1
2026-08-31 17:24:10 status half-configured qt6-style-kvantum:all 1.1.5-1
2026-08-31 17:24:10 status installed qt6-style-kvantum:all 1.1.5-1
2026-08-31 17:24:10 configure qml6-module-org-kde-kitemmodels:amd64 6.24.0-0ubuntu1 <none>
2026-08-31 17:24:10 status unpacked qml6-module-org-kde-kitemmodels:amd64 6.24.0-0ubuntu1
2026-08-31 17:24:10 status half-configured qml6-module-org-kde-kitemmodels:amd64 6.24.0-0ubuntu1
2026-08-31 17:24:10 status installed qml6-module-org-kde-kitemmodels:amd64 6.24.0-0ubuntu1
2026-08-31 17:24:10 configure libkf6bookmarkswidgets6:amd64 6.24.0-0ubuntu1 <none>
2026-08-31 17:24:10 status unpacked libkf6bookmarkswidgets6:amd64 6.24.0-0ubuntu1
2026-08-31 17:24:10 status half-configured libkf6bookmarkswidgets6:amd64 6.24.0-0ubuntu1
2026-08-31 17:24:10 status installed libkf6bookmarkswidgets6:amd64 6.24.0-0ubuntu1
2026-08-31 17:24:10 configure libkf6configwidgets6:amd64 6.24.0-0ubuntu1 <none>
2026-08-31 17:24:10 status unpacked libkf6configwidgets6:amd64 6.24.0-0ubuntu1
2026-08-31 17:24:10 status half-configured libkf6configwidgets6:amd64 6.24.0-0ubuntu1
2026-08-31 17:24:10 status installed libkf6configwidgets6:amd64 6.24.0-0ubuntu1
2026-08-31 17:24:10 configure qml6-module-qt-labs-folderlistmodel:amd64 6.10.2+dfsg-3 <none>
2026-08-31 17:24:10 status unpacked qml6-module-qt-labs-folderlistmodel:amd64 6.10.2+dfsg-3
2026-08-31 17:24:10 status half-configured qml6-module-qt-labs-folderlistmodel:amd64 6.10.2+dfsg-3
2026-08-31 17:24:10 status installed qml6-module-qt-labs-folderlistmodel:amd64 6.10.2+dfsg-3
2026-08-31 17:24:10 configure qml6-module-qtquick:amd64 6.10.2+dfsg-3 <none>
2026-08-31 17:24:10 status unpacked qml6-module-qtquick:amd64 6.10.2+dfsg-3
2026-08-31 17:24:10 status half-configured qml6-module-qtquick:amd64 6.10.2+dfsg-3
2026-08-31 17:24:10 status installed qml6-module-qtquick:amd64 6.10.2+dfsg-3
2026-08-31 17:24:10 configure qml6-module-org-kde-kquickcontrolsaddons:amd64 6.24.0-0ubuntu1 <none>
2026-08-31 17:24:10 status unpacked qml6-module-org-kde-kquickcontrolsaddons:amd64 6.24.0-0ubuntu1
2026-08-31 17:24:10 status half-configured qml6-module-org-kde-kquickcontrolsaddons:amd64 6.24.0-0ubuntu1
2026-08-31 17:24:10 status installed qml6-module-org-kde-kquickcontrolsaddons:amd64 6.24.0-0ubuntu1
2026-08-31 17:24:10 configure libqt6webenginecore6:amd64 6.10.2+dfsg-1 <none>
2026-08-31 17:24:10 status unpacked libqt6webenginecore6:amd64 6.10.2+dfsg-1
2026-08-31 17:24:10 status half-configured libqt6webenginecore6:amd64 6.10.2+dfsg-1
2026-08-31 17:24:10 status installed libqt6webenginecore6:amd64 6.10.2+dfsg-1
2026-08-31 17:24:10 configure qml6-module-org-kde-bluezqt:amd64 6.24.0-0ubuntu1 <none>
2026-08-31 17:24:10 status unpacked qml6-module-org-kde-bluezqt:amd64 6.24.0-0ubuntu1
2026-08-31 17:24:10 status half-configured qml6-module-org-kde-bluezqt:amd64 6.24.0-0ubuntu1
2026-08-31 17:24:10 status installed qml6-module-org-kde-bluezqt:amd64 6.24.0-0ubuntu1
2026-08-31 17:24:10 configure python3-pyside6.qtwidgets:amd64 6.10.2-6ubuntu1 <none>
2026-08-31 17:24:10 status unpacked python3-pyside6.qtwidgets:amd64 6.10.2-6ubuntu1
2026-08-31 17:24:10 status half-configured python3-pyside6.qtwidgets:amd64 6.10.2-6ubuntu1
2026-08-31 17:24:10 status installed python3-pyside6.qtwidgets:amd64 6.10.2-6ubuntu1
2026-08-31 17:24:10 configure qml6-module-qtquick-layouts:amd64 6.10.2+dfsg-3 <none>
2026-08-31 17:24:10 status unpacked qml6-module-qtquick-layouts:amd64 6.10.2+dfsg-3
2026-08-31 17:24:10 status half-configured qml6-module-qtquick-layouts:amd64 6.10.2+dfsg-3
2026-08-31 17:24:10 status installed qml6-module-qtquick-layouts:amd64 6.10.2+dfsg-3
2026-08-31 17:24:10 configure libkquickimageeditor1:amd64 0.6.0-2ubuntu0.1 <none>
2026-08-31 17:24:10 status unpacked libkquickimageeditor1:amd64 0.6.0-2ubuntu0.1
2026-08-31 17:24:10 status half-configured libkquickimageeditor1:amd64 0.6.0-2ubuntu0.1
2026-08-31 17:24:10 status installed libkquickimageeditor1:amd64 0.6.0-2ubuntu0.1
2026-08-31 17:24:10 configure libqt6waylandcompositor6:amd64 6.10.2-4 <none>
2026-08-31 17:24:10 status unpacked libqt6waylandcompositor6:amd64 6.10.2-4
2026-08-31 17:24:10 status half-configured libqt6waylandcompositor6:amd64 6.10.2-4
2026-08-31 17:24:10 status installed libqt6waylandcompositor6:amd64 6.10.2-4
2026-08-31 17:24:10 configure libwireplumber-0.5-0:amd64 0.5.13-1ubuntu1 <none>
2026-08-31 17:24:10 status unpacked libwireplumber-0.5-0:amd64 0.5.13-1ubuntu1
2026-08-31 17:24:10 status half-configured libwireplumber-0.5-0:amd64 0.5.13-1ubuntu1
2026-08-31 17:24:10 status installed libwireplumber-0.5-0:amd64 0.5.13-1ubuntu1
2026-08-31 17:24:10 configure qml6-module-qtquick-shapes:amd64 6.10.2+dfsg-3 <none>
2026-08-31 17:24:10 status unpacked qml6-module-qtquick-shapes:amd64 6.10.2+dfsg-3
2026-08-31 17:24:10 status half-configured qml6-module-qtquick-shapes:amd64 6.10.2+dfsg-3
2026-08-31 17:24:10 status installed qml6-module-qtquick-shapes:amd64 6.10.2+dfsg-3
2026-08-31 17:24:10 configure libkpipewire6:amd64 6.6.4-0ubuntu1 <none>
2026-08-31 17:24:10 status unpacked libkpipewire6:amd64 6.6.4-0ubuntu1
2026-08-31 17:24:10 status half-configured libkpipewire6:amd64 6.6.4-0ubuntu1
2026-08-31 17:24:10 status installed libkpipewire6:amd64 6.6.4-0ubuntu1
2026-08-31 17:24:10 configure qml6-module-sso-onlineaccounts:amd64 0.7+git20231028.05e79eb-7 <none>
2026-08-31 17:24:10 status unpacked qml6-module-sso-onlineaccounts:amd64 0.7+git20231028.05e79eb-7
2026-08-31 17:24:10 status half-configured qml6-module-sso-onlineaccounts:amd64 0.7+git20231028.05e79eb-7
2026-08-31 17:24:10 status installed qml6-module-sso-onlineaccounts:amd64 0.7+git20231028.05e79eb-7
2026-08-31 17:24:10 configure libqt6quicktemplates2-6:amd64 6.10.2+dfsg-3 <none>
2026-08-31 17:24:10 status unpacked libqt6quicktemplates2-6:amd64 6.10.2+dfsg-3
2026-08-31 17:24:10 status half-configured libqt6quicktemplates2-6:amd64 6.10.2+dfsg-3
2026-08-31 17:24:10 status installed libqt6quicktemplates2-6:amd64 6.10.2+dfsg-3
2026-08-31 17:24:10 configure qml6-module-qtquick-templates:amd64 6.10.2+dfsg-3 <none>
2026-08-31 17:24:10 status unpacked qml6-module-qtquick-templates:amd64 6.10.2+dfsg-3
2026-08-31 17:24:10 status half-configured qml6-module-qtquick-templates:amd64 6.10.2+dfsg-3
2026-08-31 17:24:10 status installed qml6-module-qtquick-templates:amd64 6.10.2+dfsg-3
2026-08-31 17:24:10 configure libqt6quickwidgets6:amd64 6.10.2+dfsg-3 <none>
2026-08-31 17:24:10 status unpacked libqt6quickwidgets6:amd64 6.10.2+dfsg-3
2026-08-31 17:24:10 status half-configured libqt6quickwidgets6:amd64 6.10.2+dfsg-3
2026-08-31 17:24:10 status installed libqt6quickwidgets6:amd64 6.10.2+dfsg-3
2026-08-31 17:24:10 configure libkf6su-bin:amd64 6.24.0-0ubuntu1 <none>
2026-08-31 17:24:10 status unpacked libkf6su-bin:amd64 6.24.0-0ubuntu1
2026-08-31 17:24:10 status half-configured libkf6su-bin:amd64 6.24.0-0ubuntu1
2026-08-31 17:24:10 status installed libkf6su-bin:amd64 6.24.0-0ubuntu1
2026-08-31 17:24:10 configure libpipewire-0.3-modules:amd64 1.6.2-1ubuntu1.1 <none>
2026-08-31 17:24:10 status unpacked libpipewire-0.3-modules:amd64 1.6.2-1ubuntu1.1
2026-08-31 17:24:10 status half-configured libpipewire-0.3-modules:amd64 1.6.2-1ubuntu1.1
2026-08-31 17:24:10 status installed libpipewire-0.3-modules:amd64 1.6.2-1ubuntu1.1
2026-08-31 17:24:10 configure libkf6iconthemes6:amd64 6.24.0-0ubuntu2 <none>
2026-08-31 17:24:10 status unpacked libkf6iconthemes6:amd64 6.24.0-0ubuntu2
2026-08-31 17:24:10 status half-configured libkf6iconthemes6:amd64 6.24.0-0ubuntu2
2026-08-31 17:24:10 status installed libkf6iconthemes6:amd64 6.24.0-0ubuntu2
2026-08-31 17:24:10 configure libkf6configqml6:amd64 6.24.0-0ubuntu1 <none>
2026-08-31 17:24:10 status unpacked libkf6configqml6:amd64 6.24.0-0ubuntu1
2026-08-31 17:24:10 status half-configured libkf6configqml6:amd64 6.24.0-0ubuntu1
2026-08-31 17:24:10 status installed libkf6configqml6:amd64 6.24.0-0ubuntu1
2026-08-31 17:24:10 configure libkf6svg6:amd64 6.24.0-0ubuntu1 <none>
2026-08-31 17:24:10 status unpacked libkf6svg6:amd64 6.24.0-0ubuntu1
2026-08-31 17:24:10 status half-configured libkf6svg6:amd64 6.24.0-0ubuntu1
2026-08-31 17:24:10 status installed libkf6svg6:amd64 6.24.0-0ubuntu1
2026-08-31 17:24:10 configure libkf6kcmutilsquick6:amd64 6.24.0-0ubuntu1 <none>
2026-08-31 17:24:10 status unpacked libkf6kcmutilsquick6:amd64 6.24.0-0ubuntu1
2026-08-31 17:24:10 status half-configured libkf6kcmutilsquick6:amd64 6.24.0-0ubuntu1
2026-08-31 17:24:10 status installed libkf6kcmutilsquick6:amd64 6.24.0-0ubuntu1
2026-08-31 17:24:10 configure qml6-module-qtquick-effects:amd64 6.10.2+dfsg-3 <none>
2026-08-31 17:24:10 status unpacked qml6-module-qtquick-effects:amd64 6.10.2+dfsg-3
2026-08-31 17:24:10 status half-configured qml6-module-qtquick-effects:amd64 6.10.2+dfsg-3
2026-08-31 17:24:10 status installed qml6-module-qtquick-effects:amd64 6.10.2+dfsg-3
2026-08-31 17:24:10 configure libquickchartscontrols1:amd64 6.24.0-0ubuntu1 <none>
2026-08-31 17:24:10 status unpacked libquickchartscontrols1:amd64 6.24.0-0ubuntu1
2026-08-31 17:24:10 status half-configured libquickchartscontrols1:amd64 6.24.0-0ubuntu1
2026-08-31 17:24:10 status installed libquickchartscontrols1:amd64 6.24.0-0ubuntu1
2026-08-31 17:24:10 configure python3-pyside6.qtopengl:amd64 6.10.2-6ubuntu1 <none>
2026-08-31 17:24:10 status unpacked python3-pyside6.qtopengl:amd64 6.10.2-6ubuntu1
2026-08-31 17:24:10 status half-configured python3-pyside6.qtopengl:amd64 6.10.2-6ubuntu1
2026-08-31 17:24:10 status installed python3-pyside6.qtopengl:amd64 6.10.2-6ubuntu1
2026-08-31 17:24:10 configure qml6-module-qtquick-window:amd64 6.10.2+dfsg-3 <none>
2026-08-31 17:24:10 status unpacked qml6-module-qtquick-window:amd64 6.10.2+dfsg-3
2026-08-31 17:24:10 status half-configured qml6-module-qtquick-window:amd64 6.10.2+dfsg-3
2026-08-31 17:24:10 status installed qml6-module-qtquick-window:amd64 6.10.2+dfsg-3
2026-08-31 17:24:10 configure libqt6webenginecore6-bin:amd64 6.10.2+dfsg-1 <none>
2026-08-31 17:24:10 status unpacked libqt6webenginecore6-bin:amd64 6.10.2+dfsg-1
2026-08-31 17:24:10 status half-configured libqt6webenginecore6-bin:amd64 6.10.2+dfsg-1
2026-08-31 17:24:10 status installed libqt6webenginecore6-bin:amd64 6.10.2+dfsg-1
2026-08-31 17:24:10 configure kwallet6:amd64 6.24.0-0ubuntu1 <none>
2026-08-31 17:24:10 status unpacked kwallet6:amd64 6.24.0-0ubuntu1
2026-08-31 17:24:10 status half-configured kwallet6:amd64 6.24.0-0ubuntu1
2026-08-31 17:24:10 status installed kwallet6:amd64 6.24.0-0ubuntu1
2026-08-31 17:24:10 configure qml6-module-qt5compat-graphicaleffects:amd64 6.10.2-1 <none>
2026-08-31 17:24:10 status unpacked qml6-module-qt5compat-graphicaleffects:amd64 6.10.2-1
2026-08-31 17:24:10 status half-configured qml6-module-qt5compat-graphicaleffects:amd64 6.10.2-1
2026-08-31 17:24:10 status installed qml6-module-qt5compat-graphicaleffects:amd64 6.10.2-1
2026-08-31 17:24:10 configure qt6-wayland:amd64 6.10.2-4 <none>
2026-08-31 17:24:10 status unpacked qt6-wayland:amd64 6.10.2-4
2026-08-31 17:24:10 status half-configured qt6-wayland:amd64 6.10.2-4
2026-08-31 17:24:10 status installed qt6-wayland:amd64 6.10.2-4
2026-08-31 17:24:10 configure libkf6newstuffwidgets6:amd64 6.24.0-0ubuntu1 <none>
2026-08-31 17:24:10 status unpacked libkf6newstuffwidgets6:amd64 6.24.0-0ubuntu1
2026-08-31 17:24:10 status half-configured libkf6newstuffwidgets6:amd64 6.24.0-0ubuntu1
2026-08-31 17:24:10 status installed libkf6newstuffwidgets6:amd64 6.24.0-0ubuntu1
2026-08-31 17:24:10 configure python3-pyside6.qtsvg:amd64 6.10.2-6ubuntu1 <none>
2026-08-31 17:24:10 status unpacked python3-pyside6.qtsvg:amd64 6.10.2-6ubuntu1
2026-08-31 17:24:10 status half-configured python3-pyside6.qtsvg:amd64 6.10.2-6ubuntu1
2026-08-31 17:24:11 status installed python3-pyside6.qtsvg:amd64 6.10.2-6ubuntu1
2026-08-31 17:24:11 configure libkpipewiredmabuf6:amd64 6.6.4-0ubuntu1 <none>
2026-08-31 17:24:11 status unpacked libkpipewiredmabuf6:amd64 6.6.4-0ubuntu1
2026-08-31 17:24:11 status half-configured libkpipewiredmabuf6:amd64 6.6.4-0ubuntu1
2026-08-31 17:24:11 status installed libkpipewiredmabuf6:amd64 6.6.4-0ubuntu1
2026-08-31 17:24:11 configure libqt6quickcontrols2-6:amd64 6.10.2+dfsg-3 <none>
2026-08-31 17:24:11 status unpacked libqt6quickcontrols2-6:amd64 6.10.2+dfsg-3
2026-08-31 17:24:11 status half-configured libqt6quickcontrols2-6:amd64 6.10.2+dfsg-3
2026-08-31 17:24:11 status installed libqt6quickcontrols2-6:amd64 6.10.2+dfsg-3
2026-08-31 17:24:11 configure qml6-module-org-kde-config:amd64 6.24.0-0ubuntu1 <none>
2026-08-31 17:24:11 status unpacked qml6-module-org-kde-config:amd64 6.24.0-0ubuntu1
2026-08-31 17:24:11 status half-configured qml6-module-org-kde-config:amd64 6.24.0-0ubuntu1
2026-08-31 17:24:11 status installed qml6-module-org-kde-config:amd64 6.24.0-0ubuntu1
2026-08-31 17:24:11 configure libqt6webenginewidgets6:amd64 6.10.2+dfsg-1 <none>
2026-08-31 17:24:11 status unpacked libqt6webenginewidgets6:amd64 6.10.2+dfsg-1
2026-08-31 17:24:11 status half-configured libqt6webenginewidgets6:amd64 6.10.2+dfsg-1
2026-08-31 17:24:11 status installed libqt6webenginewidgets6:amd64 6.10.2+dfsg-1
2026-08-31 17:24:11 configure libplasma7:amd64 6.6.6-0ubuntu0.1 <none>
2026-08-31 17:24:11 status unpacked libplasma7:amd64 6.6.6-0ubuntu0.1
2026-08-31 17:24:11 status half-configured libplasma7:amd64 6.6.6-0ubuntu0.1
2026-08-31 17:24:11 status installed libplasma7:amd64 6.6.6-0ubuntu0.1
2026-08-31 17:24:11 configure pipewire-bin:amd64 1.6.2-1ubuntu1.1 <none>
2026-08-31 17:24:11 status unpacked pipewire-bin:amd64 1.6.2-1ubuntu1.1
2026-08-31 17:24:11 status half-configured pipewire-bin:amd64 1.6.2-1ubuntu1.1
2026-08-31 17:24:11 status installed pipewire-bin:amd64 1.6.2-1ubuntu1.1
2026-08-31 17:24:11 configure libkf6iconwidgets6:amd64 6.24.0-0ubuntu2 <none>
2026-08-31 17:24:11 status unpacked libkf6iconwidgets6:amd64 6.24.0-0ubuntu2
2026-08-31 17:24:11 status half-configured libkf6iconwidgets6:amd64 6.24.0-0ubuntu2
2026-08-31 17:24:11 status installed libkf6iconwidgets6:amd64 6.24.0-0ubuntu2
2026-08-31 17:24:11 configure libkirigamiplatform6:amd64 6.24.0-0ubuntu1 <none>
2026-08-31 17:24:11 status unpacked libkirigamiplatform6:amd64 6.24.0-0ubuntu1
2026-08-31 17:24:11 status half-configured libkirigamiplatform6:amd64 6.24.0-0ubuntu1
2026-08-31 17:24:11 status installed libkirigamiplatform6:amd64 6.24.0-0ubuntu1
2026-08-31 17:24:11 configure libkirigamiprimitives6:amd64 6.24.0-0ubuntu1 <none>
2026-08-31 17:24:11 status unpacked libkirigamiprimitives6:amd64 6.24.0-0ubuntu1
2026-08-31 17:24:11 status half-configured libkirigamiprimitives6:amd64 6.24.0-0ubuntu1
2026-08-31 17:24:11 status installed libkirigamiprimitives6:amd64 6.24.0-0ubuntu1
2026-08-31 17:24:11 configure libkf6xmlgui6:amd64 6.24.0-0ubuntu1 <none>
2026-08-31 17:24:11 status unpacked libkf6xmlgui6:amd64 6.24.0-0ubuntu1
2026-08-31 17:24:11 status half-configured libkf6xmlgui6:amd64 6.24.0-0ubuntu1
2026-08-31 17:24:11 status installed libkf6xmlgui6:amd64 6.24.0-0ubuntu1
2026-08-31 17:24:11 configure python3-pyside6.qtquick:amd64 6.10.2-6ubuntu1 <none>
2026-08-31 17:24:11 status unpacked python3-pyside6.qtquick:amd64 6.10.2-6ubuntu1
2026-08-31 17:24:11 status half-configured python3-pyside6.qtquick:amd64 6.10.2-6ubuntu1
2026-08-31 17:24:11 status installed python3-pyside6.qtquick:amd64 6.10.2-6ubuntu1
2026-08-31 17:24:11 configure libkworkspace6-6:amd64 4:6.6.6-0ubuntu0.1 <none>
2026-08-31 17:24:11 status unpacked libkworkspace6-6:amd64 4:6.6.6-0ubuntu0.1
2026-08-31 17:24:11 status half-configured libkworkspace6-6:amd64 4:6.6.6-0ubuntu0.1
2026-08-31 17:24:11 status installed libkworkspace6-6:amd64 4:6.6.6-0ubuntu0.1
2026-08-31 17:24:11 configure libkirigamilayouts6:amd64 6.24.0-0ubuntu1 <none>
2026-08-31 17:24:11 status unpacked libkirigamilayouts6:amd64 6.24.0-0ubuntu1
2026-08-31 17:24:11 status half-configured libkirigamilayouts6:amd64 6.24.0-0ubuntu1
2026-08-31 17:24:11 status installed libkirigamilayouts6:amd64 6.24.0-0ubuntu1
2026-08-31 17:24:11 configure libkirigami6:amd64 6.24.0-0ubuntu1 <none>
2026-08-31 17:24:11 status unpacked libkirigami6:amd64 6.24.0-0ubuntu1
2026-08-31 17:24:11 status half-configured libkirigami6:amd64 6.24.0-0ubuntu1
2026-08-31 17:24:11 status installed libkirigami6:amd64 6.24.0-0ubuntu1
2026-08-31 17:24:11 configure qml6-module-qtquick-controls:amd64 6.10.2+dfsg-3 <none>
2026-08-31 17:24:11 status unpacked qml6-module-qtquick-controls:amd64 6.10.2+dfsg-3
2026-08-31 17:24:11 status half-configured qml6-module-qtquick-controls:amd64 6.10.2+dfsg-3
2026-08-31 17:24:11 status installed qml6-module-qtquick-controls:amd64 6.10.2+dfsg-3
2026-08-31 17:24:11 configure pipewire:amd64 1.6.2-1ubuntu1.1 <none>
2026-08-31 17:24:11 status unpacked pipewire:amd64 1.6.2-1ubuntu1.1
2026-08-31 17:24:11 status half-configured pipewire:amd64 1.6.2-1ubuntu1.1
2026-08-31 17:24:11 status installed pipewire:amd64 1.6.2-1ubuntu1.1
2026-08-31 17:24:11 configure libpowerdevilcore2:amd64 4:6.6.6-0ubuntu0.1 <none>
2026-08-31 17:24:11 status unpacked libpowerdevilcore2:amd64 4:6.6.6-0ubuntu0.1
2026-08-31 17:24:11 status half-configured libpowerdevilcore2:amd64 4:6.6.6-0ubuntu0.1
2026-08-31 17:24:11 status installed libpowerdevilcore2:amd64 4:6.6.6-0ubuntu0.1
2026-08-31 17:24:11 configure libkf6kiowidgets6:amd64 6.24.0-0ubuntu1 <none>
2026-08-31 17:24:11 status unpacked libkf6kiowidgets6:amd64 6.24.0-0ubuntu1
2026-08-31 17:24:11 status half-configured libkf6kiowidgets6:amd64 6.24.0-0ubuntu1
2026-08-31 17:24:11 status installed libkf6kiowidgets6:amd64 6.24.0-0ubuntu1
2026-08-31 17:24:11 configure qml6-module-qtquick-dialogs:amd64 6.10.2+dfsg-3 <none>
2026-08-31 17:24:11 status unpacked qml6-module-qtquick-dialogs:amd64 6.10.2+dfsg-3
2026-08-31 17:24:11 status half-configured qml6-module-qtquick-dialogs:amd64 6.10.2+dfsg-3
2026-08-31 17:24:11 status installed qml6-module-qtquick-dialogs:amd64 6.10.2+dfsg-3
2026-08-31 17:24:11 configure qml6-module-org-kde-iconthemes:amd64 6.24.0-0ubuntu2 <none>
2026-08-31 17:24:11 status unpacked qml6-module-org-kde-iconthemes:amd64 6.24.0-0ubuntu2
2026-08-31 17:24:11 status half-configured qml6-module-org-kde-iconthemes:amd64 6.24.0-0ubuntu2
2026-08-31 17:24:11 status installed qml6-module-org-kde-iconthemes:amd64 6.24.0-0ubuntu2
2026-08-31 17:24:11 configure qml6-module-org-kde-kirigami:amd64 6.24.0-0ubuntu1 <none>
2026-08-31 17:24:11 status unpacked qml6-module-org-kde-kirigami:amd64 6.24.0-0ubuntu1
2026-08-31 17:24:11 status half-configured qml6-module-org-kde-kirigami:amd64 6.24.0-0ubuntu1
2026-08-31 17:24:11 status installed qml6-module-org-kde-kirigami:amd64 6.24.0-0ubuntu1
2026-08-31 17:24:11 configure qml6-module-org-kde-desktop:amd64 6.24.0-0ubuntu1 <none>
2026-08-31 17:24:11 status unpacked qml6-module-org-kde-desktop:amd64 6.24.0-0ubuntu1
2026-08-31 17:24:11 status half-configured qml6-module-org-kde-desktop:amd64 6.24.0-0ubuntu1
2026-08-31 17:24:11 status installed qml6-module-org-kde-desktop:amd64 6.24.0-0ubuntu1
2026-08-31 17:24:11 configure qml6-module-org-kde-ksvg:amd64 6.24.0-0ubuntu1 <none>
2026-08-31 17:24:11 status unpacked qml6-module-org-kde-ksvg:amd64 6.24.0-0ubuntu1
2026-08-31 17:24:11 status half-configured qml6-module-org-kde-ksvg:amd64 6.24.0-0ubuntu1
2026-08-31 17:24:11 status installed qml6-module-org-kde-ksvg:amd64 6.24.0-0ubuntu1
2026-08-31 17:24:11 configure libkf6kcmutils6:amd64 6.24.0-0ubuntu1 <none>
2026-08-31 17:24:11 status unpacked libkf6kcmutils6:amd64 6.24.0-0ubuntu1
2026-08-31 17:24:11 status half-configured libkf6kcmutils6:amd64 6.24.0-0ubuntu1
2026-08-31 17:24:11 status installed libkf6kcmutils6:amd64 6.24.0-0ubuntu1
2026-08-31 17:24:11 configure qml6-module-org-kde-kirigamiaddons-treeview:amd64 1.11.0-2ubuntu2 <none>
2026-08-31 17:24:11 status unpacked qml6-module-org-kde-kirigamiaddons-treeview:amd64 1.11.0-2ubuntu2
2026-08-31 17:24:11 status half-configured qml6-module-org-kde-kirigamiaddons-treeview:amd64 1.11.0-2ubuntu2
2026-08-31 17:24:11 status installed qml6-module-org-kde-kirigamiaddons-treeview:amd64 1.11.0-2ubuntu2
2026-08-31 17:24:11 configure qml6-module-org-kde-quickcharts:amd64 6.24.0-0ubuntu1 <none>
2026-08-31 17:24:11 status unpacked qml6-module-org-kde-quickcharts:amd64 6.24.0-0ubuntu1
2026-08-31 17:24:11 status half-configured qml6-module-org-kde-quickcharts:amd64 6.24.0-0ubuntu1
2026-08-31 17:24:11 status installed qml6-module-org-kde-quickcharts:amd64 6.24.0-0ubuntu1
2026-08-31 17:24:11 configure libkf6kiofilewidgets6:amd64 6.24.0-0ubuntu1 <none>
2026-08-31 17:24:11 status unpacked libkf6kiofilewidgets6:amd64 6.24.0-0ubuntu1
2026-08-31 17:24:11 status half-configured libkf6kiofilewidgets6:amd64 6.24.0-0ubuntu1
2026-08-31 17:24:11 status installed libkf6kiofilewidgets6:amd64 6.24.0-0ubuntu1
2026-08-31 17:24:11 configure wireplumber:amd64 0.5.13-1ubuntu1 <none>
2026-08-31 17:24:11 status unpacked wireplumber:amd64 0.5.13-1ubuntu1
2026-08-31 17:24:11 status half-configured wireplumber:amd64 0.5.13-1ubuntu1
2026-08-31 17:24:11 status installed wireplumber:amd64 0.5.13-1ubuntu1
2026-08-31 17:24:11 configure pipewire-pulse:amd64 1.6.2-1ubuntu1.1 <none>
2026-08-31 17:24:11 status unpacked pipewire-pulse:amd64 1.6.2-1ubuntu1.1
2026-08-31 17:24:11 status half-configured pipewire-pulse:amd64 1.6.2-1ubuntu1.1
2026-08-31 17:24:11 status installed pipewire-pulse:amd64 1.6.2-1ubuntu1.1
2026-08-31 17:24:11 configure qml6-module-org-kde-kirigamiaddons-delegates:amd64 1.11.0-2ubuntu2 <none>
2026-08-31 17:24:11 status unpacked qml6-module-org-kde-kirigamiaddons-delegates:amd64 1.11.0-2ubuntu2
2026-08-31 17:24:11 status half-configured qml6-module-org-kde-kirigamiaddons-delegates:amd64 1.11.0-2ubuntu2
2026-08-31 17:24:11 status installed qml6-module-org-kde-kirigamiaddons-delegates:amd64 1.11.0-2ubuntu2
2026-08-31 17:24:11 configure qml6-module-org-kde-kcmutils:amd64 6.24.0-0ubuntu1 <none>
2026-08-31 17:24:11 status unpacked qml6-module-org-kde-kcmutils:amd64 6.24.0-0ubuntu1
2026-08-31 17:24:11 status half-configured qml6-module-org-kde-kcmutils:amd64 6.24.0-0ubuntu1
2026-08-31 17:24:11 status installed qml6-module-org-kde-kcmutils:amd64 6.24.0-0ubuntu1
2026-08-31 17:24:11 configure powerdevil:amd64 4:6.6.6-0ubuntu0.1 <none>
2026-08-31 17:24:11 status unpacked powerdevil:amd64 4:6.6.6-0ubuntu0.1
2026-08-31 17:24:11 status half-configured powerdevil:amd64 4:6.6.6-0ubuntu0.1
2026-08-31 17:24:11 status installed powerdevil:amd64 4:6.6.6-0ubuntu0.1
2026-08-31 17:24:11 configure kwin-style-aurorae:amd64 6.6.6-0ubuntu0.1 <none>
2026-08-31 17:24:11 status unpacked kwin-style-aurorae:amd64 6.6.6-0ubuntu0.1
2026-08-31 17:24:11 status half-configured kwin-style-aurorae:amd64 6.6.6-0ubuntu0.1
2026-08-31 17:24:11 status installed kwin-style-aurorae:amd64 6.6.6-0ubuntu0.1
2026-08-31 17:24:11 configure qml6-module-org-kde-kirigamiaddons-components:amd64 1.11.0-2ubuntu2 <none>
2026-08-31 17:24:11 status unpacked qml6-module-org-kde-kirigamiaddons-components:amd64 1.11.0-2ubuntu2
2026-08-31 17:24:11 status half-configured qml6-module-org-kde-kirigamiaddons-components:amd64 1.11.0-2ubuntu2
2026-08-31 17:24:11 status installed qml6-module-org-kde-kirigamiaddons-components:amd64 1.11.0-2ubuntu2
2026-08-31 17:24:11 configure qml6-module-org-kde-kquickimageeditor:amd64 0.6.0-2ubuntu0.1 <none>
2026-08-31 17:24:11 status unpacked qml6-module-org-kde-kquickimageeditor:amd64 0.6.0-2ubuntu0.1
2026-08-31 17:24:11 status half-configured qml6-module-org-kde-kquickimageeditor:amd64 0.6.0-2ubuntu0.1
2026-08-31 17:24:11 status installed qml6-module-org-kde-kquickimageeditor:amd64 0.6.0-2ubuntu0.1
2026-08-31 17:24:11 configure kio6:amd64 6.24.0-0ubuntu1 <none>
2026-08-31 17:24:11 status unpacked kio6:amd64 6.24.0-0ubuntu1
2026-08-31 17:24:11 status half-configured kio6:amd64 6.24.0-0ubuntu1
2026-08-31 17:24:11 status installed kio6:amd64 6.24.0-0ubuntu1
2026-08-31 17:24:11 configure libkf6notifyconfig6:amd64 6.24.0-0ubuntu1 <none>
2026-08-31 17:24:11 status unpacked libkf6notifyconfig6:amd64 6.24.0-0ubuntu1
2026-08-31 17:24:11 status half-configured libkf6notifyconfig6:amd64 6.24.0-0ubuntu1
2026-08-31 17:24:11 status installed libkf6notifyconfig6:amd64 6.24.0-0ubuntu1
2026-08-31 17:24:11 configure libkf6parts6:amd64 6.24.0-0ubuntu1 <none>
2026-08-31 17:24:11 status unpacked libkf6parts6:amd64 6.24.0-0ubuntu1
2026-08-31 17:24:11 status half-configured libkf6parts6:amd64 6.24.0-0ubuntu1
2026-08-31 17:24:11 status installed libkf6parts6:amd64 6.24.0-0ubuntu1
2026-08-31 17:24:11 configure kio-fuse:amd64 5.1.1-1 <none>
2026-08-31 17:24:11 status unpacked kio-fuse:amd64 5.1.1-1
2026-08-31 17:24:11 status half-configured kio-fuse:amd64 5.1.1-1
2026-08-31 17:24:11 status installed kio-fuse:amd64 5.1.1-1
2026-08-31 17:24:11 configure libkglobalacceld0:amd64 6.6.5-0ubuntu0.1 <none>
2026-08-31 17:24:11 status unpacked libkglobalacceld0:amd64 6.6.5-0ubuntu0.1
2026-08-31 17:24:11 status half-configured libkglobalacceld0:amd64 6.6.5-0ubuntu0.1
2026-08-31 17:24:11 status installed libkglobalacceld0:amd64 6.6.5-0ubuntu0.1
2026-08-31 17:24:11 configure kde-cli-tools:amd64 4:6.6.4-0ubuntu1 <none>
2026-08-31 17:24:11 status unpacked kde-cli-tools:amd64 4:6.6.4-0ubuntu1
2026-08-31 17:24:11 status half-configured kde-cli-tools:amd64 4:6.6.4-0ubuntu1
2026-08-31 17:24:11 status installed kde-cli-tools:amd64 4:6.6.4-0ubuntu1
2026-08-31 17:24:11 configure libplasmaquick7:amd64 6.6.6-0ubuntu0.1 <none>
2026-08-31 17:24:11 status unpacked libplasmaquick7:amd64 6.6.6-0ubuntu0.1
2026-08-31 17:24:11 status half-configured libplasmaquick7:amd64 6.6.6-0ubuntu0.1
2026-08-31 17:24:11 status installed libplasmaquick7:amd64 6.6.6-0ubuntu0.1
2026-08-31 17:24:11 configure baloo6:amd64 6.24.0-0ubuntu1 <none>
2026-08-31 17:24:11 status unpacked baloo6:amd64 6.24.0-0ubuntu1
2026-08-31 17:24:11 status half-configured baloo6:amd64 6.24.0-0ubuntu1
2026-08-31 17:24:11 status installed baloo6:amd64 6.24.0-0ubuntu1
2026-08-31 17:24:11 configure plasma-desktoptheme:amd64 6.6.6-0ubuntu0.1 <none>
2026-08-31 17:24:11 status unpacked plasma-desktoptheme:amd64 6.6.6-0ubuntu0.1
2026-08-31 17:24:11 status half-configured plasma-desktoptheme:amd64 6.6.6-0ubuntu0.1
2026-08-31 17:24:11 status installed plasma-desktoptheme:amd64 6.6.6-0ubuntu0.1
2026-08-31 17:24:11 configure libkscreenlocker6:amd64 6.6.5-0ubuntu0.1 <none>
2026-08-31 17:24:11 status unpacked libkscreenlocker6:amd64 6.6.5-0ubuntu0.1
2026-08-31 17:24:11 status half-configured libkscreenlocker6:amd64 6.6.5-0ubuntu0.1
2026-08-31 17:24:11 status installed libkscreenlocker6:amd64 6.6.5-0ubuntu0.1
2026-08-31 17:24:11 configure kscreen:amd64 4:6.6.5-0ubuntu0.1 <none>
2026-08-31 17:24:11 status unpacked kscreen:amd64 4:6.6.5-0ubuntu0.1
2026-08-31 17:24:11 status half-configured kscreen:amd64 4:6.6.5-0ubuntu0.1
2026-08-31 17:24:11 status installed kscreen:amd64 4:6.6.5-0ubuntu0.1
2026-08-31 17:24:11 configure plasma-pa:amd64 4:6.6.5-0ubuntu0.1 <none>
2026-08-31 17:24:11 status unpacked plasma-pa:amd64 4:6.6.5-0ubuntu0.1
2026-08-31 17:24:11 status half-configured plasma-pa:amd64 4:6.6.5-0ubuntu0.1
2026-08-31 17:24:11 status installed plasma-pa:amd64 4:6.6.5-0ubuntu0.1
2026-08-31 17:24:11 configure libkwin6:amd64 4:6.6.6-0ubuntu0.1 <none>
2026-08-31 17:24:11 status unpacked libkwin6:amd64 4:6.6.6-0ubuntu0.1
2026-08-31 17:24:11 status half-configured libkwin6:amd64 4:6.6.6-0ubuntu0.1
2026-08-31 17:24:11 status installed libkwin6:amd64 4:6.6.6-0ubuntu0.1
2026-08-31 17:24:11 configure kwin-wayland:amd64 4:6.6.6-0ubuntu0.1 <none>
2026-08-31 17:24:11 status unpacked kwin-wayland:amd64 4:6.6.6-0ubuntu0.1
2026-08-31 17:24:11 status half-configured kwin-wayland:amd64 4:6.6.6-0ubuntu0.1
2026-08-31 17:24:11 status installed kwin-wayland:amd64 4:6.6.6-0ubuntu0.1
2026-08-31 17:24:11 configure kbd:amd64 2.7.1-2ubuntu2 <none>
2026-08-31 17:24:11 status unpacked kbd:amd64 2.7.1-2ubuntu2
2026-08-31 17:24:11 status half-configured kbd:amd64 2.7.1-2ubuntu2
2026-08-31 17:24:11 status installed kbd:amd64 2.7.1-2ubuntu2
2026-08-31 17:24:11 configure console-setup-linux:all 1.237ubuntu3.1 <none>
2026-08-31 17:24:11 status unpacked console-setup-linux:all 1.237ubuntu3.1
2026-08-31 17:24:11 status half-configured console-setup-linux:all 1.237ubuntu3.1
2026-08-31 17:24:12 status installed console-setup-linux:all 1.237ubuntu3.1
2026-08-31 17:24:12 configure linux-modules-7.0.0-30-generic:amd64 7.0.0-30.30 <none>
2026-08-31 17:24:12 status unpacked linux-modules-7.0.0-30-generic:amd64 7.0.0-30.30
2026-08-31 17:24:12 status half-configured linux-modules-7.0.0-30-generic:amd64 7.0.0-30.30
2026-08-31 17:24:14 status installed linux-modules-7.0.0-30-generic:amd64 7.0.0-30.30
2026-08-31 17:24:14 configure libheif-plugin-aomdec:amd64 1.21.2-3ubuntu0.4 <none>
2026-08-31 17:24:14 status unpacked libheif-plugin-aomdec:amd64 1.21.2-3ubuntu0.4
2026-08-31 17:24:14 status half-configured libheif-plugin-aomdec:amd64 1.21.2-3ubuntu0.4
2026-08-31 17:24:14 status installed libheif-plugin-aomdec:amd64 1.21.2-3ubuntu0.4
2026-08-31 17:24:14 configure console-setup:all 1.237ubuntu3.1 <none>
2026-08-31 17:24:14 status unpacked console-setup:all 1.237ubuntu3.1
2026-08-31 17:24:14 status half-configured console-setup:all 1.237ubuntu3.1
2026-08-31 17:24:14 status installed console-setup:all 1.237ubuntu3.1
2026-08-31 17:24:14 configure ubuntu-minimal:amd64 1.570.3 <none>
2026-08-31 17:24:14 status unpacked ubuntu-minimal:amd64 1.570.3
2026-08-31 17:24:14 status half-configured ubuntu-minimal:amd64 1.570.3
2026-08-31 17:24:14 status installed ubuntu-minimal:amd64 1.570.3
2026-08-31 17:24:14 configure libheif1:amd64 1.21.2-3ubuntu0.4 <none>
2026-08-31 17:24:14 status unpacked libheif1:amd64 1.21.2-3ubuntu0.4
2026-08-31 17:24:14 status half-configured libheif1:amd64 1.21.2-3ubuntu0.4
2026-08-31 17:24:14 status installed libheif1:amd64 1.21.2-3ubuntu0.4
2026-08-31 17:24:14 configure linux-image-7.0.0-30-generic:amd64 7.0.0-30.30 <none>
2026-08-31 17:24:14 status unpacked linux-image-7.0.0-30-generic:amd64 7.0.0-30.30
2026-08-31 17:24:14 status half-configured linux-image-7.0.0-30-generic:amd64 7.0.0-30.30
2026-08-31 17:24:16 status installed linux-image-7.0.0-30-generic:amd64 7.0.0-30.30
2026-08-31 17:24:16 status triggers-pending linux-image-7.0.0-30-generic:amd64 7.0.0-30.30
2026-08-31 17:24:16 configure glycin-loaders:amd64 2.1.1+ds-0ubuntu1 <none>
2026-08-31 17:24:16 status unpacked glycin-loaders:amd64 2.1.1+ds-0ubuntu1
2026-08-31 17:24:16 status half-configured glycin-loaders:amd64 2.1.1+ds-0ubuntu1
2026-08-31 17:24:16 status installed glycin-loaders:amd64 2.1.1+ds-0ubuntu1
2026-08-31 17:24:16 configure libglycin-2-0:amd64 2.1.1+ds-0ubuntu1 <none>
2026-08-31 17:24:16 status unpacked libglycin-2-0:amd64 2.1.1+ds-0ubuntu1
2026-08-31 17:24:16 status half-configured libglycin-2-0:amd64 2.1.1+ds-0ubuntu1
2026-08-31 17:24:16 status installed libglycin-2-0:amd64 2.1.1+ds-0ubuntu1
2026-08-31 17:24:16 configure linux-main-modules-zfs-7.0.0-30-generic:amd64 7.0.0-30.30 <none>
2026-08-31 17:24:16 status unpacked linux-main-modules-zfs-7.0.0-30-generic:amd64 7.0.0-30.30
2026-08-31 17:24:16 status half-configured linux-main-modules-zfs-7.0.0-30-generic:amd64 7.0.0-30.30
2026-08-31 17:24:18 status installed linux-main-modules-zfs-7.0.0-30-generic:amd64 7.0.0-30.30
2026-08-31 17:24:18 configure glycin-thumbnailers:amd64 2.1.1+ds-0ubuntu1 <none>
2026-08-31 17:24:18 status unpacked glycin-thumbnailers:amd64 2.1.1+ds-0ubuntu1
2026-08-31 17:24:18 status half-configured glycin-thumbnailers:amd64 2.1.1+ds-0ubuntu1
2026-08-31 17:24:18 status installed glycin-thumbnailers:amd64 2.1.1+ds-0ubuntu1
2026-08-31 17:24:18 configure libgdk-pixbuf-2.0-0:amd64 2.44.5+dfsg-4ubuntu1 <none>
2026-08-31 17:24:18 status unpacked libgdk-pixbuf-2.0-0:amd64 2.44.5+dfsg-4ubuntu1
2026-08-31 17:24:18 status half-configured libgdk-pixbuf-2.0-0:amd64 2.44.5+dfsg-4ubuntu1
2026-08-31 17:24:18 status installed libgdk-pixbuf-2.0-0:amd64 2.44.5+dfsg-4ubuntu1
2026-08-31 17:24:18 configure linux-image-generic:amd64 7.0.0-30.30 <none>
2026-08-31 17:24:18 status unpacked linux-image-generic:amd64 7.0.0-30.30
2026-08-31 17:24:18 status half-configured linux-image-generic:amd64 7.0.0-30.30
2026-08-31 17:24:18 status installed linux-image-generic:amd64 7.0.0-30.30
2026-08-31 17:24:18 configure gstreamer1.0-plugins-good:amd64 1.28.2-2ubuntu0.1 <none>
2026-08-31 17:24:18 status unpacked gstreamer1.0-plugins-good:amd64 1.28.2-2ubuntu0.1
2026-08-31 17:24:18 status half-configured gstreamer1.0-plugins-good:amd64 1.28.2-2ubuntu0.1
2026-08-31 17:24:18 status installed gstreamer1.0-plugins-good:amd64 1.28.2-2ubuntu0.1
2026-08-31 17:24:18 configure librsvg2-2:amd64 2.61.3+dfsg-3 <none>
2026-08-31 17:24:18 status unpacked librsvg2-2:amd64 2.61.3+dfsg-3
2026-08-31 17:24:18 status half-configured librsvg2-2:amd64 2.61.3+dfsg-3
2026-08-31 17:24:18 status installed librsvg2-2:amd64 2.61.3+dfsg-3
2026-08-31 17:24:18 configure libavcodec62:amd64 7:8.0.1-3ubuntu2 <none>
2026-08-31 17:24:18 status unpacked libavcodec62:amd64 7:8.0.1-3ubuntu2
2026-08-31 17:24:18 status half-configured libavcodec62:amd64 7:8.0.1-3ubuntu2
2026-08-31 17:24:18 status installed libavcodec62:amd64 7:8.0.1-3ubuntu2
2026-08-31 17:24:18 configure xdg-desktop-portal:amd64 1.21.1+ds-1ubuntu3 <none>
2026-08-31 17:24:18 status unpacked xdg-desktop-portal:amd64 1.21.1+ds-1ubuntu3
2026-08-31 17:24:18 status half-configured xdg-desktop-portal:amd64 1.21.1+ds-1ubuntu3
2026-08-31 17:24:18 status installed xdg-desktop-portal:amd64 1.21.1+ds-1ubuntu3
2026-08-31 17:24:18 configure libappimage1.0abi1t64:amd64 1.0.4-5-7build1 <none>
2026-08-31 17:24:18 status unpacked libappimage1.0abi1t64:amd64 1.0.4-5-7build1
2026-08-31 17:24:18 status half-configured libappimage1.0abi1t64:amd64 1.0.4-5-7build1
2026-08-31 17:24:18 status installed libappimage1.0abi1t64:amd64 1.0.4-5-7build1
2026-08-31 17:24:18 configure libavformat62:amd64 7:8.0.1-3ubuntu2 <none>
2026-08-31 17:24:18 status unpacked libavformat62:amd64 7:8.0.1-3ubuntu2
2026-08-31 17:24:18 status half-configured libavformat62:amd64 7:8.0.1-3ubuntu2
2026-08-31 17:24:18 status installed libavformat62:amd64 7:8.0.1-3ubuntu2
2026-08-31 17:24:18 configure libkf6filemetadata-bin:amd64 6.24.0-0ubuntu1 <none>
2026-08-31 17:24:18 status unpacked libkf6filemetadata-bin:amd64 6.24.0-0ubuntu1
2026-08-31 17:24:18 status half-configured libkf6filemetadata-bin:amd64 6.24.0-0ubuntu1
2026-08-31 17:24:18 status installed libkf6filemetadata-bin:amd64 6.24.0-0ubuntu1
2026-08-31 17:24:18 configure libavfilter11:amd64 7:8.0.1-3ubuntu2 <none>
2026-08-31 17:24:18 status unpacked libavfilter11:amd64 7:8.0.1-3ubuntu2
2026-08-31 17:24:18 status half-configured libavfilter11:amd64 7:8.0.1-3ubuntu2
2026-08-31 17:24:18 status installed libavfilter11:amd64 7:8.0.1-3ubuntu2
2026-08-31 17:24:18 configure xdg-desktop-portal-kde:amd64 6.6.6-0ubuntu0.1 <none>
2026-08-31 17:24:18 status unpacked xdg-desktop-portal-kde:amd64 6.6.6-0ubuntu0.1
2026-08-31 17:24:18 status half-configured xdg-desktop-portal-kde:amd64 6.6.6-0ubuntu0.1
2026-08-31 17:24:18 status installed xdg-desktop-portal-kde:amd64 6.6.6-0ubuntu0.1
2026-08-31 17:24:18 configure libqt6multimedia6:amd64 6.10.2-2 <none>
2026-08-31 17:24:18 status unpacked libqt6multimedia6:amd64 6.10.2-2
2026-08-31 17:24:18 status half-configured libqt6multimedia6:amd64 6.10.2-2
2026-08-31 17:24:18 status installed libqt6multimedia6:amd64 6.10.2-2
2026-08-31 17:24:18 configure libkf6prisonscanner6:amd64 6.24.0-0ubuntu1 <none>
2026-08-31 17:24:18 status unpacked libkf6prisonscanner6:amd64 6.24.0-0ubuntu1
2026-08-31 17:24:18 status half-configured libkf6prisonscanner6:amd64 6.24.0-0ubuntu1
2026-08-31 17:24:18 status installed libkf6prisonscanner6:amd64 6.24.0-0ubuntu1
2026-08-31 17:24:18 configure libqt6texttospeech6:amd64 6.10.2-1 <none>
2026-08-31 17:24:18 status unpacked libqt6texttospeech6:amd64 6.10.2-1
2026-08-31 17:24:18 status half-configured libqt6texttospeech6:amd64 6.10.2-1
2026-08-31 17:24:18 status installed libqt6texttospeech6:amd64 6.10.2-1
2026-08-31 17:24:18 configure qml6-module-qtmultimedia:amd64 6.10.2-2 <none>
2026-08-31 17:24:18 status unpacked qml6-module-qtmultimedia:amd64 6.10.2-2
2026-08-31 17:24:18 status half-configured qml6-module-qtmultimedia:amd64 6.10.2-2
2026-08-31 17:24:18 status installed qml6-module-qtmultimedia:amd64 6.10.2-2
2026-08-31 17:24:18 configure libqt6multimediawidgets6:amd64 6.10.2-2 <none>
2026-08-31 17:24:18 status unpacked libqt6multimediawidgets6:amd64 6.10.2-2
2026-08-31 17:24:18 status half-configured libqt6multimediawidgets6:amd64 6.10.2-2
2026-08-31 17:24:18 status installed libqt6multimediawidgets6:amd64 6.10.2-2
2026-08-31 17:24:18 configure libkpipewirerecord6:amd64 6.6.4-0ubuntu1 <none>
2026-08-31 17:24:18 status unpacked libkpipewirerecord6:amd64 6.6.4-0ubuntu1
2026-08-31 17:24:18 status half-configured libkpipewirerecord6:amd64 6.6.4-0ubuntu1
2026-08-31 17:24:18 status installed libkpipewirerecord6:amd64 6.6.4-0ubuntu1
2026-08-31 17:24:18 configure libkf6baloowidgets6:amd64 4:25.12.3-0ubuntu1 <none>
2026-08-31 17:24:18 status unpacked libkf6baloowidgets6:amd64 4:25.12.3-0ubuntu1
2026-08-31 17:24:18 status half-configured libkf6baloowidgets6:amd64 4:25.12.3-0ubuntu1
2026-08-31 17:24:18 status installed libkf6baloowidgets6:amd64 4:25.12.3-0ubuntu1
2026-08-31 17:24:18 configure libkf6textwidgets6:amd64 6.24.0-0ubuntu1 <none>
2026-08-31 17:24:18 status unpacked libkf6textwidgets6:amd64 6.24.0-0ubuntu1
2026-08-31 17:24:18 status half-configured libkf6textwidgets6:amd64 6.24.0-0ubuntu1
2026-08-31 17:24:18 status installed libkf6textwidgets6:amd64 6.24.0-0ubuntu1
2026-08-31 17:24:18 configure qml6-module-org-kde-prison:amd64 6.24.0-0ubuntu1 <none>
2026-08-31 17:24:18 status unpacked qml6-module-org-kde-prison:amd64 6.24.0-0ubuntu1
2026-08-31 17:24:18 status half-configured qml6-module-org-kde-prison:amd64 6.24.0-0ubuntu1
2026-08-31 17:24:18 status installed qml6-module-org-kde-prison:amd64 6.24.0-0ubuntu1
2026-08-31 17:24:18 configure libkf6purpose-bin:amd64 6.24.0-0ubuntu1 <none>
2026-08-31 17:24:18 status unpacked libkf6purpose-bin:amd64 6.24.0-0ubuntu1
2026-08-31 17:24:18 status half-configured libkf6purpose-bin:amd64 6.24.0-0ubuntu1
2026-08-31 17:24:18 status installed libkf6purpose-bin:amd64 6.24.0-0ubuntu1
2026-08-31 17:24:18 configure dolphin:amd64 4:25.12.3-0ubuntu1 <none>
2026-08-31 17:24:18 status unpacked dolphin:amd64 4:25.12.3-0ubuntu1
2026-08-31 17:24:18 status half-configured dolphin:amd64 4:25.12.3-0ubuntu1
2026-08-31 17:24:18 status installed dolphin:amd64 4:25.12.3-0ubuntu1
2026-08-31 17:24:18 configure konsole-kpart:amd64 4:25.12.3-0ubuntu1 <none>
2026-08-31 17:24:18 status unpacked konsole-kpart:amd64 4:25.12.3-0ubuntu1
2026-08-31 17:24:18 status half-configured konsole-kpart:amd64 4:25.12.3-0ubuntu1
2026-08-31 17:24:18 status installed konsole-kpart:amd64 4:25.12.3-0ubuntu1
2026-08-31 17:24:18 configure konsole:amd64 4:25.12.3-0ubuntu1 <none>
2026-08-31 17:24:18 status unpacked konsole:amd64 4:25.12.3-0ubuntu1
2026-08-31 17:24:18 status half-configured konsole:amd64 4:25.12.3-0ubuntu1
2026-08-31 17:24:18 status installed konsole:amd64 4:25.12.3-0ubuntu1
2026-08-31 17:24:18 configure plasma-nm:amd64 4:6.6.6-0ubuntu0.1 <none>
2026-08-31 17:24:18 status unpacked plasma-nm:amd64 4:6.6.6-0ubuntu0.1
2026-08-31 17:24:18 status half-configured plasma-nm:amd64 4:6.6.6-0ubuntu0.1
2026-08-31 17:24:18 status installed plasma-nm:amd64 4:6.6.6-0ubuntu0.1
2026-08-31 17:24:18 configure kde-spectacle:amd64 4:6.6.6-0ubuntu0.1 <none>
2026-08-31 17:24:18 status unpacked kde-spectacle:amd64 4:6.6.6-0ubuntu0.1
2026-08-31 17:24:18 status half-configured kde-spectacle:amd64 4:6.6.6-0ubuntu0.1
2026-08-31 17:24:18 status installed kde-spectacle:amd64 4:6.6.6-0ubuntu0.1
2026-08-31 17:24:18 trigproc libc-bin:amd64 2.43-2ubuntu2.3 <none>
2026-08-31 17:24:18 status half-configured libc-bin:amd64 2.43-2ubuntu2.3
2026-08-31 17:24:18 status installed libc-bin:amd64 2.43-2ubuntu2.3
2026-08-31 17:24:18 trigproc systemd:amd64 259.5-0ubuntu3.4 <none>
2026-08-31 17:24:18 status half-configured systemd:amd64 259.5-0ubuntu3.4
2026-08-31 17:24:18 status installed systemd:amd64 259.5-0ubuntu3.4
2026-08-31 17:24:18 trigproc procps:amd64 2:4.0.4-9ubuntu1 <none>
2026-08-31 17:24:18 status half-configured procps:amd64 2:4.0.4-9ubuntu1
2026-08-31 17:24:18 status installed procps:amd64 2:4.0.4-9ubuntu1
2026-08-31 17:24:18 trigproc ca-certificates:all 20260601~26.04.1 <none>
2026-08-31 17:24:18 status half-configured ca-certificates:all 20260601~26.04.1
2026-08-31 17:24:19 status installed ca-certificates:all 20260601~26.04.1
2026-08-31 17:24:19 trigproc initramfs-tools:all 0.151ubuntu1 <none>
2026-08-31 17:24:19 status half-configured initramfs-tools:all 0.151ubuntu1
2026-08-31 17:24:19 status installed initramfs-tools:all 0.151ubuntu1
2026-08-31 17:24:19 trigproc linux-image-7.0.0-30-generic:amd64 7.0.0-30.30 <none>
2026-08-31 17:24:19 status half-configured linux-image-7.0.0-30-generic:amd64 7.0.0-30.30
2026-08-31 17:24:27 status installed linux-image-7.0.0-30-generic:amd64 7.0.0-30.30
2026-08-31 17:24:28 startup archives unpack
2026-08-31 17:24:28 install kglobalacceld:amd64 <none> 6.6.5-0ubuntu0.1
2026-08-31 17:24:28 status half-installed kglobalacceld:amd64 6.6.5-0ubuntu0.1
2026-08-31 17:24:28 status unpacked kglobalacceld:amd64 6.6.5-0ubuntu0.1
2026-08-31 17:24:28 startup packages configure
2026-08-31 17:24:28 configure kglobalacceld:amd64 6.6.5-0ubuntu0.1 <none>
2026-08-31 17:24:28 status unpacked kglobalacceld:amd64 6.6.5-0ubuntu0.1
2026-08-31 17:24:28 status half-configured kglobalacceld:amd64 6.6.5-0ubuntu0.1
2026-08-31 17:24:28 status installed kglobalacceld:amd64 6.6.5-0ubuntu0.1
2026-08-31 17:24:30 startup archives unpack
2026-08-31 17:24:30 install libglib2.0-data:all <none> 2.88.0-1
2026-08-31 17:24:30 status half-installed libglib2.0-data:all 2.88.0-1
2026-08-31 17:24:30 status unpacked libglib2.0-data:all 2.88.0-1
2026-08-31 17:24:30 install libglib2.0-bin:amd64 <none> 2.88.0-1
2026-08-31 17:24:30 status half-installed libglib2.0-bin:amd64 2.88.0-1
2026-08-31 17:24:30 status unpacked libglib2.0-bin:amd64 2.88.0-1
2026-08-31 17:24:30 startup packages configure
2026-08-31 17:24:30 configure libglib2.0-data:all 2.88.0-1 <none>
2026-08-31 17:24:30 status unpacked libglib2.0-data:all 2.88.0-1
2026-08-31 17:24:30 status half-configured libglib2.0-data:all 2.88.0-1
2026-08-31 17:24:30 status installed libglib2.0-data:all 2.88.0-1
2026-08-31 17:24:30 configure libglib2.0-bin:amd64 2.88.0-1 <none>
2026-08-31 17:24:30 status unpacked libglib2.0-bin:amd64 2.88.0-1
2026-08-31 17:24:30 status half-configured libglib2.0-bin:amd64 2.88.0-1
2026-08-31 17:24:30 status installed libglib2.0-bin:amd64 2.88.0-1
2026-08-31 17:24:32 startup archives unpack
2026-08-31 17:24:32 upgrade perl-base:amd64 5.40.1-7build1 5.40.1-7ubuntu0.1
2026-08-31 17:24:32 status half-configured perl-base:amd64 5.40.1-7build1
2026-08-31 17:24:32 status unpacked perl-base:amd64 5.40.1-7build1
2026-08-31 17:24:32 status half-installed perl-base:amd64 5.40.1-7build1
2026-08-31 17:24:32 status unpacked perl-base:amd64 5.40.1-7ubuntu0.1
2026-08-31 17:24:32 startup packages configure
2026-08-31 17:24:32 configure perl-base:amd64 5.40.1-7ubuntu0.1 <none>
2026-08-31 17:24:32 status unpacked perl-base:amd64 5.40.1-7ubuntu0.1
2026-08-31 17:24:32 status half-configured perl-base:amd64 5.40.1-7ubuntu0.1
2026-08-31 17:24:32 status installed perl-base:amd64 5.40.1-7ubuntu0.1
2026-08-31 17:24:32 startup archives unpack
2026-08-31 17:24:32 install libgdbm6t64:amd64 <none> 1.26-1build1
2026-08-31 17:24:32 status triggers-pending libc-bin:amd64 2.43-2ubuntu2.3
2026-08-31 17:24:32 status half-installed libgdbm6t64:amd64 1.26-1build1
2026-08-31 17:24:32 status unpacked libgdbm6t64:amd64 1.26-1build1
2026-08-31 17:24:32 install xz-utils:amd64 <none> 5.8.3-1
2026-08-31 17:24:32 status half-installed xz-utils:amd64 5.8.3-1
2026-08-31 17:24:32 status unpacked xz-utils:amd64 5.8.3-1
2026-08-31 17:24:32 install perl-modules-5.40:all <none> 5.40.1-7ubuntu0.1
2026-08-31 17:24:32 status half-installed perl-modules-5.40:all 5.40.1-7ubuntu0.1
2026-08-31 17:24:33 status unpacked perl-modules-5.40:all 5.40.1-7ubuntu0.1
2026-08-31 17:24:33 install libgdbm-compat4t64:amd64 <none> 1.26-1build1
2026-08-31 17:24:33 status half-installed libgdbm-compat4t64:amd64 1.26-1build1
2026-08-31 17:24:33 status unpacked libgdbm-compat4t64:amd64 1.26-1build1
2026-08-31 17:24:33 install libperl5.40:amd64 <none> 5.40.1-7ubuntu0.1
2026-08-31 17:24:33 status half-installed libperl5.40:amd64 5.40.1-7ubuntu0.1
2026-08-31 17:24:33 status unpacked libperl5.40:amd64 5.40.1-7ubuntu0.1
2026-08-31 17:24:33 install perl:amd64 <none> 5.40.1-7ubuntu0.1
2026-08-31 17:24:33 status half-installed perl:amd64 5.40.1-7ubuntu0.1
2026-08-31 17:24:33 status unpacked perl:amd64 5.40.1-7ubuntu0.1
2026-08-31 17:24:33 install liberror-perl:all <none> 0.17030-1
2026-08-31 17:24:33 status half-installed liberror-perl:all 0.17030-1
2026-08-31 17:24:33 status unpacked liberror-perl:all 0.17030-1
2026-08-31 17:24:33 install git-man:all <none> 1:2.53.0-1ubuntu1
2026-08-31 17:24:33 status half-installed git-man:all 1:2.53.0-1ubuntu1
2026-08-31 17:24:33 status unpacked git-man:all 1:2.53.0-1ubuntu1
2026-08-31 17:24:33 install git:amd64 <none> 1:2.53.0-1ubuntu1
2026-08-31 17:24:33 status half-installed git:amd64 1:2.53.0-1ubuntu1
2026-08-31 17:24:33 status unpacked git:amd64 1:2.53.0-1ubuntu1
2026-08-31 17:24:33 install gtk-update-icon-cache:amd64 <none> 4.22.4+ds-0ubuntu0.1
2026-08-31 17:24:33 status half-installed gtk-update-icon-cache:amd64 4.22.4+ds-0ubuntu0.1
2026-08-31 17:24:33 status unpacked gtk-update-icon-cache:amd64 4.22.4+ds-0ubuntu0.1
2026-08-31 17:24:33 startup packages configure
2026-08-31 17:24:33 configure gtk-update-icon-cache:amd64 4.22.4+ds-0ubuntu0.1 <none>
2026-08-31 17:24:33 status unpacked gtk-update-icon-cache:amd64 4.22.4+ds-0ubuntu0.1
2026-08-31 17:24:33 status half-configured gtk-update-icon-cache:amd64 4.22.4+ds-0ubuntu0.1
2026-08-31 17:24:33 status installed gtk-update-icon-cache:amd64 4.22.4+ds-0ubuntu0.1
2026-08-31 17:24:33 configure libgdbm6t64:amd64 1.26-1build1 <none>
2026-08-31 17:24:33 status unpacked libgdbm6t64:amd64 1.26-1build1
2026-08-31 17:24:33 status half-configured libgdbm6t64:amd64 1.26-1build1
2026-08-31 17:24:33 status installed libgdbm6t64:amd64 1.26-1build1
2026-08-31 17:24:33 configure libgdbm-compat4t64:amd64 1.26-1build1 <none>
2026-08-31 17:24:33 status unpacked libgdbm-compat4t64:amd64 1.26-1build1
2026-08-31 17:24:33 status half-configured libgdbm-compat4t64:amd64 1.26-1build1
2026-08-31 17:24:33 status installed libgdbm-compat4t64:amd64 1.26-1build1
2026-08-31 17:24:33 configure xz-utils:amd64 5.8.3-1 <none>
2026-08-31 17:24:33 status unpacked xz-utils:amd64 5.8.3-1
2026-08-31 17:24:33 status half-configured xz-utils:amd64 5.8.3-1
2026-08-31 17:24:33 status installed xz-utils:amd64 5.8.3-1
2026-08-31 17:24:33 configure perl-modules-5.40:all 5.40.1-7ubuntu0.1 <none>
2026-08-31 17:24:33 status unpacked perl-modules-5.40:all 5.40.1-7ubuntu0.1
2026-08-31 17:24:33 status half-configured perl-modules-5.40:all 5.40.1-7ubuntu0.1
2026-08-31 17:24:33 status installed perl-modules-5.40:all 5.40.1-7ubuntu0.1
2026-08-31 17:24:33 configure git-man:all 1:2.53.0-1ubuntu1 <none>
2026-08-31 17:24:33 status unpacked git-man:all 1:2.53.0-1ubuntu1
2026-08-31 17:24:33 status half-configured git-man:all 1:2.53.0-1ubuntu1
2026-08-31 17:24:33 status installed git-man:all 1:2.53.0-1ubuntu1
2026-08-31 17:24:33 configure libperl5.40:amd64 5.40.1-7ubuntu0.1 <none>
2026-08-31 17:24:33 status unpacked libperl5.40:amd64 5.40.1-7ubuntu0.1
2026-08-31 17:24:33 status half-configured libperl5.40:amd64 5.40.1-7ubuntu0.1
2026-08-31 17:24:33 status installed libperl5.40:amd64 5.40.1-7ubuntu0.1
2026-08-31 17:24:33 configure perl:amd64 5.40.1-7ubuntu0.1 <none>
2026-08-31 17:24:33 status unpacked perl:amd64 5.40.1-7ubuntu0.1
2026-08-31 17:24:33 status half-configured perl:amd64 5.40.1-7ubuntu0.1
2026-08-31 17:24:33 status installed perl:amd64 5.40.1-7ubuntu0.1
2026-08-31 17:24:33 configure liberror-perl:all 0.17030-1 <none>
2026-08-31 17:24:33 status unpacked liberror-perl:all 0.17030-1
2026-08-31 17:24:33 status half-configured liberror-perl:all 0.17030-1
2026-08-31 17:24:33 status installed liberror-perl:all 0.17030-1
2026-08-31 17:24:33 configure git:amd64 1:2.53.0-1ubuntu1 <none>
2026-08-31 17:24:33 status unpacked git:amd64 1:2.53.0-1ubuntu1
2026-08-31 17:24:33 status half-configured git:amd64 1:2.53.0-1ubuntu1
2026-08-31 17:24:33 status installed git:amd64 1:2.53.0-1ubuntu1
2026-08-31 17:24:33 trigproc libc-bin:amd64 2.43-2ubuntu2.3 <none>
2026-08-31 17:24:33 status half-configured libc-bin:amd64 2.43-2ubuntu2.3
2026-08-31 17:24:33 status installed libc-bin:amd64 2.43-2ubuntu2.3
